model,method,format,parameter,value
LightGBM,temperature,Pooled,T,1.5128798134435493
LightGBM,Platt,Win32,slope,0.71521678649503051
LightGBM,Platt,Win32,intercept,0.16212270637273915
LightGBM,Platt,Win64,slope,0.65016954734520327
LightGBM,Platt,Win64,intercept,0.12925247298034026
LightGBM,Platt,Dot_Net,slope,0.63518306578775863
LightGBM,Platt,Dot_Net,intercept,-0.040631987630814242
TFIDF_full,temperature,Pooled,T,1.1390072859084988
TFIDF_full,Platt,Win32,slope,0.91936115271787644
TFIDF_full,Platt,Win32,intercept,0.026148296576688473
TFIDF_full,Platt,Win64,slope,0.96575905636212012
TFIDF_full,Platt,Win64,intercept,0.05484315268464604
TFIDF_full,Platt,Dot_Net,slope,0.77895510315591221
TFIDF_full,Platt,Dot_Net,intercept,0.042328089035113189
TFIDF_prefix,temperature,Pooled,T,1.2015008903134075
TFIDF_prefix,Platt,Win32,slope,0.84090995108164479
TFIDF_prefix,Platt,Win32,intercept,0.029071267456126343
TFIDF_prefix,Platt,Win64,slope,0.87891315731195552
TFIDF_prefix,Platt,Win64,intercept,-0.038944614481360794
TFIDF_prefix,Platt,Dot_Net,slope,0.77996293830101293
TFIDF_prefix,Platt,Dot_Net,intercept,0.014446309097759392
TFIDF_bpe_prefix,temperature,Pooled,T,0.96833511041218401
TFIDF_bpe_prefix,Platt,Win32,slope,1.0454983132269084
TFIDF_bpe_prefix,Platt,Win32,intercept,0.010637088237723561
TFIDF_bpe_prefix,Platt,Win64,slope,1.115944796947373
TFIDF_bpe_prefix,Platt,Win64,intercept,-0.055498616914807168
TFIDF_bpe_prefix,Platt,Dot_Net,slope,0.95351251965819883
TFIDF_bpe_prefix,Platt,Dot_Net,intercept,0.052342444945864181
CodeBERT_partial_s2026,temperature,Pooled,T,2.0337008257529541
CodeBERT_partial_s2026,Platt,Win32,slope,0.46729667443517248
CodeBERT_partial_s2026,Platt,Win32,intercept,-0.044454834034218377
CodeBERT_partial_s2026,Platt,Win64,slope,0.49351895187507183
CodeBERT_partial_s2026,Platt,Win64,intercept,0.028134596296943822
CodeBERT_partial_s2026,Platt,Dot_Net,slope,0.51908919892114791
CodeBERT_partial_s2026,Platt,Dot_Net,intercept,-0.070089955183886041
CodeBERT_partial_s2027,temperature,Pooled,T,1.947836529228677
CodeBERT_partial_s2027,Platt,Win32,slope,0.48227047326152767
CodeBERT_partial_s2027,Platt,Win32,intercept,-0.073090923634364494
CodeBERT_partial_s2027,Platt,Win64,slope,0.5066804726549371
CodeBERT_partial_s2027,Platt,Win64,intercept,-0.20950739923188555
CodeBERT_partial_s2027,Platt,Dot_Net,slope,0.55892426775672333
CodeBERT_partial_s2027,Platt,Dot_Net,intercept,-0.25630650601948135
CodeBERT_partial_s2028,temperature,Pooled,T,2.0817377802773529
CodeBERT_partial_s2028,Platt,Win32,slope,0.456565014206535
CodeBERT_partial_s2028,Platt,Win32,intercept,0.078677594301350171
CodeBERT_partial_s2028,Platt,Win64,slope,0.47622651090370244
CodeBERT_partial_s2028,Platt,Win64,intercept,-0.071770673580817956
CodeBERT_partial_s2028,Platt,Dot_Net,slope,0.51667581117710859
CodeBERT_partial_s2028,Platt,Dot_Net,intercept,-0.20294698614832798
CodeBERT_unfrozen_s2026,temperature,Pooled,T,1.6282552844405331
CodeBERT_unfrozen_s2026,Platt,Win32,slope,0.59121763967953145
CodeBERT_unfrozen_s2026,Platt,Win32,intercept,0.25273092843653
CodeBERT_unfrozen_s2026,Platt,Win64,slope,0.63632572277504751
CodeBERT_unfrozen_s2026,Platt,Win64,intercept,0.070537559621633134
CodeBERT_unfrozen_s2026,Platt,Dot_Net,slope,0.63393135840919612
CodeBERT_unfrozen_s2026,Platt,Dot_Net,intercept,-0.07628691219927379
CodeBERT_unfrozen_s2027,temperature,Pooled,T,2.0515840849627986
CodeBERT_unfrozen_s2027,Platt,Win32,slope,0.46371576666881598
CodeBERT_unfrozen_s2027,Platt,Win32,intercept,0.10088823106019121
CodeBERT_unfrozen_s2027,Platt,Win64,slope,0.48170684893397686
CodeBERT_unfrozen_s2027,Platt,Win64,intercept,-0.069559173948849029
CodeBERT_unfrozen_s2027,Platt,Dot_Net,slope,0.52442744419850928
CodeBERT_unfrozen_s2027,Platt,Dot_Net,intercept,-0.23257246084696886
CodeBERT_unfrozen_s2028,temperature,Pooled,T,1.7992647108168935
CodeBERT_unfrozen_s2028,Platt,Win32,slope,0.51851300448151172
CodeBERT_unfrozen_s2028,Platt,Win32,intercept,0.065484965690735197
CodeBERT_unfrozen_s2028,Platt,Win64,slope,0.55454134754060036
CodeBERT_unfrozen_s2028,Platt,Win64,intercept,0.058759385168258377
CodeBERT_unfrozen_s2028,Platt,Dot_Net,slope,0.60596832058818806
CodeBERT_unfrozen_s2028,Platt,Dot_Net,intercept,0.079560610249310423
