model,method,parameter,group,mean,std,median,minimum,maximum,lo,hi
CodeBERT_partial_s2026,format_platt,intercept,Dot_Net,-0.062774094153234747,0.073772217050253872,-0.062871959829099114,-0.28465053922245875,0.12992199334963458,-0.21346437834510767,0.077667231494629077
CodeBERT_partial_s2026,format_platt,intercept,Win32,-0.040571010464749452,0.057113465291794736,-0.050745481822958446,-0.20313190279123419,0.12752001581082759,-0.13582789480779789,0.092407372716103053
CodeBERT_partial_s2026,format_platt,intercept,Win64,0.032486245595030411,0.072215791353734668,0.030152784169143715,-0.16443817042513828,0.24973062361206153,-0.10269574179288105,0.16140169437232849
CodeBERT_partial_s2026,format_platt,slope,Dot_Net,0.52029867924953555,0.011539842797481157,0.51976128330681037,0.48778838287976417,0.54811430090932289,0.49761898909660701,0.54396255251246273
CodeBERT_partial_s2026,format_platt,slope,Win32,0.46874403068557696,0.011502021268826797,0.46742683502531912,0.43689016622191768,0.50158683650083435,0.4480208680290943,0.49099718239359436
CodeBERT_partial_s2026,format_platt,slope,Win64,0.49302651403193792,0.011888970368335659,0.49213201211734614,0.46368837484671105,0.52561905777545237,0.47067349891805532,0.51936959474905775
CodeBERT_partial_s2026,fusion_AP,cb_weight,Pooled,0.0051000000000000004,0.010466025436726737,0,0,0.050000000000000003,0,0.030250000000000055
CodeBERT_partial_s2026,fusion_ROC_AUC,cb_weight,Pooled,0.00265,0.0073311821117592584,0,0,0.050000000000000003,0,0.02
CodeBERT_partial_s2026,fusion_TPR_0.001,cb_weight,Pooled,0.11190000000000001,0.21668676881363677,0.01,0,0.85000000000000009,0,0.80000000000000004
CodeBERT_partial_s2026,fusion_TPR_0.005,cb_weight,Pooled,0.016549999999999999,0.055885718818309872,0.01,0,0.70000000000000007,0,0.050000000000000003
CodeBERT_partial_s2026,stack,cb_coefficient,Pooled,0.046473653722782116,0.014065335297010909,0.047054643486077102,0.010269727648534132,0.088132953801061314,0.018415424481473833,0.073379419508210544
CodeBERT_partial_s2026,stack,intercept,Pooled,0.071895924875859094,0.054730608054494201,0.068174169163431692,-0.059134749938965461,0.20590567842574645,-0.040901285151015543,0.18164735761497536
CodeBERT_partial_s2026,stack,lgb_coefficient,Pooled,0.6260700268081989,0.020642876197380172,0.62689649877385767,0.57716467226459622,0.67060493335321492,0.5885467337847059,0.66184067116203016
CodeBERT_partial_s2026,temperature,T,Pooled,2.0337301510630046,0.027527251858277781,2.0341690235211565,1.9739416576696516,2.1304513166976871,1.9824369975640794,2.0857981681926967
CodeBERT_partial_s2027,format_platt,intercept,Dot_Net,-0.25290389165142785,0.072654886143294461,-0.25967201805948348,-0.43452887431424214,-0.063917936338837314,-0.38305604253646425,-0.09955469148986508
CodeBERT_partial_s2027,format_platt,intercept,Win32,-0.069546681622301543,0.058684867163310686,-0.067236780506834765,-0.20538147555487107,0.084403243092350783,-0.16781097355541555,0.045988303041465228
CodeBERT_partial_s2027,format_platt,intercept,Win64,-0.20454734918062356,0.073827179360752934,-0.20505908933750261,-0.39548057377172835,-0.024730815480574139,-0.35700563663496881,-0.068076504802508181
CodeBERT_partial_s2027,format_platt,slope,Dot_Net,0.5606147382162292,0.013581307077049133,0.56086016166062969,0.52646095848560692,0.59679302031871129,0.53413859800488372,0.58643775071700788
CodeBERT_partial_s2027,format_platt,slope,Win32,0.48386779533003449,0.010487925590318831,0.48378781960406037,0.46017150709101873,0.52377593180531323,0.46471748861771289,0.50497464376592383
CodeBERT_partial_s2027,format_platt,slope,Win64,0.50675266514488804,0.012448301454360556,0.50578711600188675,0.47996398598877277,0.53883851131284821,0.48494496399232256,0.53115384002243171
CodeBERT_partial_s2027,fusion_AP,cb_weight,Pooled,0.0079000000000000008,0.010398589003626002,0.01,0,0.050000000000000003,0,0.040000000000000001
CodeBERT_partial_s2027,fusion_ROC_AUC,cb_weight,Pooled,0.0018500000000000001,0.0055887090049230991,0,0,0.050000000000000003,0,0.01
CodeBERT_partial_s2027,fusion_TPR_0.001,cb_weight,Pooled,0.10045,0.17410877873953071,0.029999999999999999,0,0.95000000000000007,0,0.70000000000000007
CodeBERT_partial_s2027,fusion_TPR_0.005,cb_weight,Pooled,0.0079000000000000008,0.020064969849849682,0,0,0.20000000000000001,0,0.040000000000000001
CodeBERT_partial_s2027,stack,cb_coefficient,Pooled,0.049931677033487928,0.015200820527572401,0.050323555090236824,0.009275191976178928,0.086697364599440413,0.022192675967992428,0.076715397017857651
CodeBERT_partial_s2027,stack,intercept,Pooled,0.070644135864064928,0.055105793670289387,0.06561174672439879,-0.061399095323518574,0.20667058276146649,-0.043999269447290407,0.18074054706332032
CodeBERT_partial_s2027,stack,lgb_coefficient,Pooled,0.62556538779720339,0.020749638197703948,0.62619252483805043,0.57006621277898839,0.67921428328001243,0.58969759443503145,0.66621743239014475
CodeBERT_partial_s2027,temperature,T,Pooled,1.9465424802847127,0.024829214754345297,1.9451624117315269,1.8804105469160741,2.0208060344808225,1.9009339961161054,1.9956353446799349
CodeBERT_partial_s2028,format_platt,intercept,Dot_Net,-0.1930098648838203,0.073200590601989912,-0.19462542495274143,-0.38218563025964258,0.0038352337653295818,-0.33009394192911334,-0.028889005376928199
CodeBERT_partial_s2028,format_platt,intercept,Win32,0.085436611199562321,0.061983729261728834,0.078334795540409036,-0.047334024948762571,0.23951322522201279,-0.024314364995300836,0.22269398835619492
CodeBERT_partial_s2028,format_platt,intercept,Win64,-0.069869559253406377,0.072828310829303647,-0.062805592201763891,-0.28127295567818383,0.11967054297620061,-0.22666165878991046,0.067051258608262734
CodeBERT_partial_s2028,format_platt,slope,Dot_Net,0.51828569852562323,0.012529624019350384,0.51742303361788999,0.48988398769216679,0.54966847098330252,0.49467987458977514,0.54138023728825346
CodeBERT_partial_s2028,format_platt,slope,Win32,0.45799634043652809,0.01160316498815938,0.45749751158007812,0.42890324613278291,0.49166811313523295,0.4369900361010981,0.4830224972007417
CodeBERT_partial_s2028,format_platt,slope,Win64,0.47663888158612089,0.01199393985312548,0.47610180733574381,0.44272615462278814,0.51593266861788722,0.45501749874956421,0.50119570587000706
CodeBERT_partial_s2028,fusion_AP,cb_weight,Pooled,0.0053,0.01295178534869201,0,0,0.10000000000000001,0,0.050000000000000003
CodeBERT_partial_s2028,fusion_ROC_AUC,cb_weight,Pooled,0.00315,0.010589532140504314,0,0,0.050000000000000003,0,0.050000000000000003
CodeBERT_partial_s2028,fusion_TPR_0.001,cb_weight,Pooled,0.17635000000000001,0.31536718250159601,0.02,0,0.95000000000000007,0,0.95000000000000007
CodeBERT_partial_s2028,fusion_TPR_0.005,cb_weight,Pooled,0.014499999999999999,0.040669645935298149,0.01,0,0.55000000000000004,0,0.050000000000000003
CodeBERT_partial_s2028,stack,cb_coefficient,Pooled,0.066399482753710826,0.013361941978697976,0.067315538994174418,0.031228045148887527,0.098256671009959787,0.036562398265594327,0.09157651057334544
CodeBERT_partial_s2028,stack,intercept,Pooled,0.076158258384691799,0.055249404328864618,0.072506313005683526,-0.052008825023618269,0.21160122041326263,-0.038199306431118629,0.18408047781817408
CodeBERT_partial_s2028,stack,lgb_coefficient,Pooled,0.60768370165202656,0.019878897311531019,0.60703400090875226,0.55725969241953255,0.6526076548354256,0.57083597156279409,0.6459695479906965
CodeBERT_partial_s2028,temperature,T,Pooled,2.0802824986328021,0.027995582046455005,2.0788765249039112,2.0061258219288471,2.1544864827600829,2.0227491774162933,2.1352353439640002
CodeBERT_unfrozen_s2026,format_platt,intercept,Dot_Net,-0.06983378087186784,0.073126812795091201,-0.073451443639014416,-0.24467187988467387,0.14951490949284019,-0.21187327049913779,0.10657637050404317
CodeBERT_unfrozen_s2026,format_platt,intercept,Win32,0.24856151880518049,0.056766165898784006,0.24894272527869124,0.11665969026575568,0.44051256321963234,0.1441508794315714,0.35535336272226009
CodeBERT_unfrozen_s2026,format_platt,intercept,Win64,0.08267465560125592,0.072860326619317461,0.092175523450156144,-0.11018149656426843,0.25066237340160064,-0.066852379681165225,0.21220117516867809
CodeBERT_unfrozen_s2026,format_platt,slope,Dot_Net,0.6359693842057097,0.014749778651232212,0.63535955771765651,0.60057795116415247,0.67852464954123837,0.61058177337375352,0.66486274954309155
CodeBERT_unfrozen_s2026,format_platt,slope,Win32,0.59195396863808103,0.014090257066989461,0.59288551174694559,0.5548283377533747,0.63284225297433094,0.5652886083801465,0.61993213601122799
CodeBERT_unfrozen_s2026,format_platt,slope,Win64,0.63644308177556363,0.015677309236042016,0.63669649335025302,0.58420004575065021,0.69162579331988483,0.60740131716896706,0.66731097120929694
CodeBERT_unfrozen_s2026,fusion_AP,cb_weight,Pooled,0.010549999999999999,0.012688676548908243,0,0,0.050000000000000003,0,0.040250000000000057
CodeBERT_unfrozen_s2026,fusion_ROC_AUC,cb_weight,Pooled,0.0045000000000000005,0.0091195300945678456,0,0,0.050000000000000003,0,0.029999999999999999
CodeBERT_unfrozen_s2026,fusion_TPR_0.001,cb_weight,Pooled,0.1231,0.22897716635849918,0.014999999999999999,0,0.95000000000000007,0,0.95000000000000007
CodeBERT_unfrozen_s2026,fusion_TPR_0.005,cb_weight,Pooled,0.0144,0.014445878896260592,0.01,0,0.050000000000000003,0,0.050000000000000003
CodeBERT_unfrozen_s2026,stack,cb_coefficient,Pooled,0.057964538452040436,0.018638168154088593,0.057009102492798946,-0.0037086609529853628,0.1059821667605334,0.027523260471402126,0.095592479598647723
CodeBERT_unfrozen_s2026,stack,intercept,Pooled,0.084739528726381769,0.054861009748615332,0.080275665568060706,-0.048770491438172102,0.22083196000153799,-0.024719646287993672,0.19201732985262845
CodeBERT_unfrozen_s2026,stack,lgb_coefficient,Pooled,0.62647147407645021,0.021227331993263782,0.62672786271824232,0.57680852429138008,0.67771601723757324,0.58760144207222142,0.66621612817498588
CodeBERT_unfrozen_s2026,temperature,T,Pooled,1.6279232344205312,0.020870057944992186,1.6272761903596393,1.5797638359503263,1.6871320544496242,1.5903019132749345,1.674876005413112
CodeBERT_unfrozen_s2027,format_platt,intercept,Dot_Net,-0.23036492275221584,0.06945821576876747,-0.22910537564593508,-0.43505037425410437,-0.038969208449499422,-0.37801222535275258,-0.10835780701158511
CodeBERT_unfrozen_s2027,format_platt,intercept,Win32,0.10601644383440441,0.062330316259357373,0.10309459717934016,-0.069751622238215016,0.29940372054005809,-0.010802781855642657,0.2384946990143538
CodeBERT_unfrozen_s2027,format_platt,intercept,Win64,-0.067760283945362362,0.072759931440163947,-0.068053455185058148,-0.25900547842180527,0.092882785664312961,-0.21258621775300898,0.073174802693794533
CodeBERT_unfrozen_s2027,format_platt,slope,Dot_Net,0.52541947121953125,0.0125026541248695,0.52407857573792649,0.49802201169397048,0.55524899830097318,0.50498214849703149,0.55237515492768108
CodeBERT_unfrozen_s2027,format_platt,slope,Win32,0.46488554881027055,0.010619458758119803,0.46486249639878841,0.43495378486262937,0.49822488317189884,0.44400130829116269,0.48715835179225481
CodeBERT_unfrozen_s2027,format_platt,slope,Win64,0.48270522277999639,0.011910424258787248,0.48267060086572788,0.4545046123996539,0.51157229436788232,0.45972907451978984,0.50630299916367527
CodeBERT_unfrozen_s2027,fusion_AP,cb_weight,Pooled,0.015800000000000002,0.012414936700053354,0.01,0,0.050000000000000003,0,0.050000000000000003
CodeBERT_unfrozen_s2027,fusion_ROC_AUC,cb_weight,Pooled,0.0121,0.010590125295238213,0.01,0,0.050000000000000003,0,0.050000000000000003
CodeBERT_unfrozen_s2027,fusion_TPR_0.001,cb_weight,Pooled,0.23050000000000001,0.34197144962965714,0.01,0,0.95000000000000007,0,0.95000000000000007
CodeBERT_unfrozen_s2027,fusion_TPR_0.005,cb_weight,Pooled,0.034000000000000002,0.060117138585920681,0.02,0,0.5,0,0.25
CodeBERT_unfrozen_s2027,stack,cb_coefficient,Pooled,0.072099358856654819,0.013455879208211735,0.072463353727077379,0.03596087919837309,0.10774066643297024,0.045272762086147569,0.096355145605741724
CodeBERT_unfrozen_s2027,stack,intercept,Pooled,0.087414185848229631,0.055746555672023301,0.084024429521660504,-0.042518876927514083,0.23461595840714841,-0.029302175496141166,0.19667761965750399
CodeBERT_unfrozen_s2027,stack,lgb_coefficient,Pooled,0.60508468740277765,0.02065921137221555,0.60456003973916173,0.55704323121580879,0.6566012837403763,0.56408402913092326,0.64542183937784359
CodeBERT_unfrozen_s2027,temperature,T,Pooled,2.0506585770313155,0.026849051500764769,2.0516548629394542,1.964178395218283,2.1137577823817724,1.9958587478609084,2.098142923037623
CodeBERT_unfrozen_s2028,format_platt,intercept,Dot_Net,0.088852940593912605,0.07071996674256481,0.085286168663302964,-0.10442185481462839,0.24887342990774314,-0.043037735862301134,0.22992432961167567
CodeBERT_unfrozen_s2028,format_platt,intercept,Win32,0.061277052452930629,0.056830602948762104,0.065298417139253218,-0.059508844978993385,0.21004314045493677,-0.044767520391201132,0.16606603548141718
CodeBERT_unfrozen_s2028,format_platt,intercept,Win64,0.067513591886073587,0.071833662538391352,0.06940635694743863,-0.10609891527404353,0.31463774976865388,-0.081660662046311588,0.21409819498489965
CodeBERT_unfrozen_s2028,format_platt,slope,Dot_Net,0.60936203712837056,0.015305868924828474,0.6083145197181552,0.5741662837248277,0.6523545330353806,0.58149560318580984,0.64318383413542757
CodeBERT_unfrozen_s2028,format_platt,slope,Win32,0.51971467824513229,0.01212991565600095,0.52092227744431496,0.48609882485843209,0.54910029376322078,0.4965323941734397,0.54271704137423582
CodeBERT_unfrozen_s2028,format_platt,slope,Win64,0.55507342491824785,0.013059082616027746,0.55411886315699554,0.50908230760447315,0.59188783373230047,0.53008714612629071,0.57886491503285542
CodeBERT_unfrozen_s2028,fusion_AP,cb_weight,Pooled,0.0037000000000000002,0.0063649479820396294,0,0,0.040000000000000001,0,0.02
CodeBERT_unfrozen_s2028,fusion_ROC_AUC,cb_weight,Pooled,0.0042500000000000003,0.0061339732751866088,0,0,0.029999999999999999,0,0.02
CodeBERT_unfrozen_s2028,fusion_TPR_0.001,cb_weight,Pooled,0.090550000000000019,0.19651536567078826,0.01,0,0.90000000000000002,0,0.85000000000000009
CodeBERT_unfrozen_s2028,fusion_TPR_0.005,cb_weight,Pooled,0.0088999999999999999,0.011937441625524878,0,0,0.050000000000000003,0,0.040000000000000001
CodeBERT_unfrozen_s2028,stack,cb_coefficient,Pooled,0.0630993231896083,0.016971105572193081,0.062270006101580788,0.021481132898996256,0.10579602173906356,0.031688322203492957,0.097807163550421253
CodeBERT_unfrozen_s2028,stack,intercept,Pooled,0.091131603735657277,0.055288792065417945,0.086614706744809311,-0.03787363764434902,0.2301350828727296,-0.018837127129000587,0.20265335321539049
CodeBERT_unfrozen_s2028,stack,lgb_coefficient,Pooled,0.61867517921806869,0.021191154544987337,0.61858821636232708,0.56735032259744278,0.67561595215002257,0.57912103434185702,0.66516860050725934
CodeBERT_unfrozen_s2028,temperature,T,Pooled,1.7972895213332378,0.024796387022071823,1.7972329370782156,1.7258211044273724,1.8622292034273125,1.7493681924111553,1.8524541434899555
LightGBM,format_platt,intercept,Dot_Net,-0.040031440112546654,0.097064593098213747,-0.039115432811477599,-0.30219657636435504,0.22959720873827508,-0.2386787896850032,0.15697729179826711
LightGBM,format_platt,intercept,Win32,0.15594018285794345,0.095173682735231718,0.16202892393174953,-0.092354838330203345,0.41458554764644923,-0.039383332694885781,0.32582636754572036
LightGBM,format_platt,intercept,Win64,0.13333952090811138,0.12156869684319235,0.12747629245583575,-0.25466324226068932,0.52557329722068591,-0.088167934705412912,0.3483383639645613
LightGBM,format_platt,slope,Dot_Net,0.64019206742521606,0.02724929565077391,0.63899289381921731,0.57543319325707587,0.72408207507938049,0.58781565258985324,0.69579760315662453
LightGBM,format_platt,slope,Win32,0.71508452817858659,0.032022492167018662,0.71360986133881843,0.6394647762084108,0.82673575218793527,0.65984698493926897,0.78512900704769362
LightGBM,format_platt,slope,Win64,0.65353768200132878,0.030806547695611707,0.65135864173413704,0.59694580502810612,0.75050363078651561,0.60272923597018224,0.71842593589351844
LightGBM,temperature,T,Pooled,1.5119324075981688,0.039245645215352176,1.5146604346388459,1.4212690324071535,1.6036923824263993,1.4361648819140982,1.5832464241589581
TFIDF_bpe_prefix,format_platt,intercept,Dot_Net,0.054010030672232354,0.056532196297161053,0.048624613886832632,-0.12013634272997373,0.21138584986235295,-0.06102510810157611,0.16675074904123097
TFIDF_bpe_prefix,format_platt,intercept,Win32,0.012641704942141936,0.050117406161388003,0.0089745149613189787,-0.11915811846957836,0.14882383220074163,-0.078889742263264645,0.10505632045333708
TFIDF_bpe_prefix,format_platt,intercept,Win64,-0.050064417548155021,0.059862234420129612,-0.051832999325723945,-0.19565347317480003,0.10087823545380362,-0.16290549415299313,0.05394514804200623
TFIDF_bpe_prefix,format_platt,slope,Dot_Net,0.95797395853575007,0.029677076127538882,0.95528202251564553,0.88051418951028915,1.0252802784400041,0.90121102686973054,1.013302409973351
TFIDF_bpe_prefix,format_platt,slope,Win32,1.050426924140027,0.034334622463399217,1.04839150288127,0.9255251821438375,1.1399298857930118,0.98685273310733956,1.1147398867704601
TFIDF_bpe_prefix,format_platt,slope,Win64,1.1173423876892188,0.041021529075759358,1.1133808467165993,1.0165669432733744,1.2278620167310808,1.0412500868497847,1.2031647378275381
TFIDF_bpe_prefix,temperature,T,Pooled,0.96648558242239868,0.0195111669013193,0.96561532738467992,0.91458793009138184,1.0259718294358544,0.92956306224075802,1.0046226709221291
TFIDF_full,format_platt,intercept,Dot_Net,0.03737196479369588,0.059522084345084471,0.033380286917035824,-0.13376929694766343,0.18586294339516896,-0.072705022020417301,0.17698673037460536
TFIDF_full,format_platt,intercept,Win32,0.02845913867944944,0.066571708055362569,0.02862816318454988,-0.16414352186342071,0.24323932554014774,-0.097726566377803178,0.14880759458994278
TFIDF_full,format_platt,intercept,Win64,0.059197905543361858,0.091763591000252123,0.069326626903201197,-0.1762546135164626,0.29125878483650924,-0.12514939467425384,0.2232698826924068
TFIDF_full,format_platt,slope,Dot_Net,0.78122107242375294,0.029368169121071989,0.77999413122404215,0.7149154437562889,0.85725164538219067,0.72717010982671482,0.83625214946659754
TFIDF_full,format_platt,slope,Win32,0.92460055843126443,0.034605282981745727,0.92733526331883165,0.83789567150978717,1.0105167289124291,0.85670203589647731,0.99884236472594234
TFIDF_full,format_platt,slope,Win64,0.96818487659310304,0.036667376418926007,0.96717763489752084,0.87904858985894829,1.1018611770961009,0.90563622753269746,1.047273714521936
TFIDF_full,temperature,T,Pooled,1.1382415637005387,0.0261192839464344,1.1388319830094358,1.063927830954067,1.206913026935021,1.0852670230472572,1.1884350036757387
TFIDF_prefix,format_platt,intercept,Dot_Net,0.013422700655619617,0.057746316142995413,0.013017830361712369,-0.14365688241304314,0.15613088332795272,-0.09431290459692182,0.13588569214814275
TFIDF_prefix,format_platt,intercept,Win32,0.027975734277102385,0.050678020643203925,0.028820119411148294,-0.094155542154325131,0.18456965079679896,-0.063121137921668957,0.12001563883288922
TFIDF_prefix,format_platt,intercept,Win64,-0.035288689659121991,0.064757661305317349,-0.0350066567046073,-0.18843020184185152,0.1155754338296784,-0.15427195984396783,0.084318037948039687
TFIDF_prefix,format_platt,slope,Dot_Net,0.78009131030263035,0.02704290635312501,0.7788727704579006,0.71563561664436837,0.86733124366276959,0.73275484277617953,0.836220338944758
TFIDF_prefix,format_platt,slope,Win32,0.84541156353797919,0.029172847181072391,0.84452862622033376,0.75716500262493514,0.92384088255282659,0.79025888526997001,0.90386303915770572
TFIDF_prefix,format_platt,slope,Win64,0.8820434927001678,0.035734296740079101,0.87954823397633208,0.79140676808048105,0.98969155840749234,0.81427923078328257,0.95676174090812838
TFIDF_prefix,temperature,T,Pooled,1.2007746361381657,0.027190924310031579,1.1983791260890926,1.1270901344783917,1.2908008827075845,1.1456929001105389,1.2543945291139911
