file_type,source_split,source_file,labelled_lines,unique_sha256,duplicate_lines,duplicate_fraction
Win32,train,2023-09-24_2023-09-30_Win32_train.jsonl,60000,30000,30000,0.5
Win32,train,2023-10-01_2023-10-07_Win32_train.jsonl,60000,30000,30000,0.5
Win32,train,2023-10-08_2023-10-14_Win32_train.jsonl,60000,30000,30000,0.5
Win32,train,2023-10-15_2023-10-21_Win32_train.jsonl,60000,30000,30000,0.5
Win32,train,2023-10-22_2023-10-28_Win32_train.jsonl,60000,30000,30000,0.5
Win32,train,2023-10-29_2023-11-04_Win32_train.jsonl,60000,30000,30000,0.5
Win32,train,2023-11-05_2023-11-11_Win32_train.jsonl,60000,30000,30000,0.5
Win32,train,2023-11-12_2023-11-18_Win32_train.jsonl,60000,30000,30000,0.5
Win32,train,2023-11-19_2023-11-25_Win32_train.jsonl,60000,30000,30000,0.5
Win32,train,2023-11-26_2023-12-02_Win32_train.jsonl,60000,30000,30000,0.5
Win32,train,2023-12-03_2023-12-09_Win32_train.jsonl,60000,30000,30000,0.5
Win32,train,2023-12-10_2023-12-16_Win32_train.jsonl,60000,30000,30000,0.5
Win32,train,2023-12-17_2023-12-23_Win32_train.jsonl,60000,30000,30000,0.5
Win32,train,2023-12-24_2023-12-30_Win32_train.jsonl,60000,30000,30000,0.5
Win32,train,2023-12-31_2024-01-06_Win32_train.jsonl,60000,30000,30000,0.5
Win32,train,2024-01-07_2024-01-13_Win32_train.jsonl,60000,30000,30000,0.5
Win32,train,2024-01-14_2024-01-20_Win32_train.jsonl,60000,30000,30000,0.5
Win32,train,2024-01-21_2024-01-27_Win32_train.jsonl,60000,30000,30000,0.5
Win32,train,2024-01-28_2024-02-03_Win32_train.jsonl,60000,30000,30000,0.5
Win32,train,2024-02-04_2024-02-10_Win32_train.jsonl,60000,30000,30000,0.5
Win32,train,2024-02-11_2024-02-17_Win32_train.jsonl,60000,30000,30000,0.5
Win32,train,2024-02-18_2024-02-24_Win32_train.jsonl,60000,30000,30000,0.5
Win32,train,2024-02-25_2024-03-02_Win32_train.jsonl,60000,30000,30000,0.5
Win32,train,2024-03-03_2024-03-09_Win32_train.jsonl,60000,30000,30000,0.5
Win32,train,2024-03-10_2024-03-16_Win32_train.jsonl,60000,30000,30000,0.5
Win32,train,2024-03-17_2024-03-23_Win32_train.jsonl,60000,30000,30000,0.5
Win32,train,2024-03-24_2024-03-30_Win32_train.jsonl,60000,30000,30000,0.5
Win32,train,2024-03-31_2024-04-06_Win32_train.jsonl,60000,30000,30000,0.5
Win32,train,2024-04-07_2024-04-13_Win32_train.jsonl,60000,30000,30000,0.5
Win32,train,2024-04-14_2024-04-20_Win32_train.jsonl,60000,30000,30000,0.5
Win32,train,2024-04-21_2024-04-27_Win32_train.jsonl,60000,30000,30000,0.5
Win32,train,2024-04-28_2024-05-04_Win32_train.jsonl,60000,30000,30000,0.5
Win32,train,2024-05-05_2024-05-11_Win32_train.jsonl,60000,30000,30000,0.5
Win32,train,2024-05-12_2024-05-18_Win32_train.jsonl,60000,30000,30000,0.5
Win32,train,2024-05-19_2024-05-25_Win32_train.jsonl,60000,30000,30000,0.5
Win32,train,2024-05-26_2024-06-01_Win32_train.jsonl,60000,30000,30000,0.5
Win32,train,2024-06-02_2024-06-08_Win32_train.jsonl,60000,30000,30000,0.5
Win32,train,2024-06-09_2024-06-15_Win32_train.jsonl,60000,30000,30000,0.5
Win32,train,2024-06-16_2024-06-22_Win32_train.jsonl,60000,30000,30000,0.5
Win32,train,2024-06-23_2024-06-29_Win32_train.jsonl,60000,30000,30000,0.5
Win32,train,2024-06-30_2024-07-06_Win32_train.jsonl,60000,30000,30000,0.5
Win32,train,2024-07-07_2024-07-13_Win32_train.jsonl,60000,30000,30000,0.5
Win32,train,2024-07-14_2024-07-20_Win32_train.jsonl,60000,30000,30000,0.5
Win32,train,2024-07-21_2024-07-27_Win32_train.jsonl,60000,30000,30000,0.5
Win32,train,2024-07-28_2024-08-03_Win32_train.jsonl,60000,30000,30000,0.5
Win32,train,2024-08-04_2024-08-10_Win32_train.jsonl,60000,30000,30000,0.5
Win32,train,2024-08-11_2024-08-17_Win32_train.jsonl,60000,30000,30000,0.5
Win32,train,2024-08-18_2024-08-24_Win32_train.jsonl,60000,30000,30000,0.5
Win32,train,2024-08-25_2024-08-31_Win32_train.jsonl,60000,30000,30000,0.5
Win32,train,2024-09-01_2024-09-07_Win32_train.jsonl,60000,30000,30000,0.5
Win32,train,2024-09-08_2024-09-14_Win32_train.jsonl,60000,30000,30000,0.5
Win32,train,2024-09-15_2024-09-21_Win32_train.jsonl,60000,30000,30000,0.5
Win64,train,2023-09-24_2023-09-30_Win64_train.jsonl,20000,10000,10000,0.5
Win64,train,2023-10-01_2023-10-07_Win64_train.jsonl,20000,10000,10000,0.5
Win64,train,2023-10-08_2023-10-14_Win64_train.jsonl,20000,10000,10000,0.5
Win64,train,2023-10-15_2023-10-21_Win64_train.jsonl,20000,10000,10000,0.5
Win64,train,2023-10-22_2023-10-28_Win64_train.jsonl,20000,10000,10000,0.5
Win64,train,2023-10-29_2023-11-04_Win64_train.jsonl,20000,10000,10000,0.5
Win64,train,2023-11-05_2023-11-11_Win64_train.jsonl,20000,10000,10000,0.5
Win64,train,2023-11-12_2023-11-18_Win64_train.jsonl,20000,10000,10000,0.5
Win64,train,2023-11-19_2023-11-25_Win64_train.jsonl,20000,10000,10000,0.5
Win64,train,2023-11-26_2023-12-02_Win64_train.jsonl,20000,10000,10000,0.5
Win64,train,2023-12-03_2023-12-09_Win64_train.jsonl,20000,10000,10000,0.5
Win64,train,2023-12-10_2023-12-16_Win64_train.jsonl,20000,10000,10000,0.5
Win64,train,2023-12-17_2023-12-23_Win64_train.jsonl,20000,10000,10000,0.5
Win64,train,2023-12-24_2023-12-30_Win64_train.jsonl,20000,10000,10000,0.5
Win64,train,2023-12-31_2024-01-06_Win64_train.jsonl,20000,10000,10000,0.5
Win64,train,2024-01-07_2024-01-13_Win64_train.jsonl,20000,10000,10000,0.5
Win64,train,2024-01-14_2024-01-20_Win64_train.jsonl,20000,10000,10000,0.5
Win64,train,2024-01-21_2024-01-27_Win64_train.jsonl,20000,10000,10000,0.5
Win64,train,2024-01-28_2024-02-03_Win64_train.jsonl,20000,10000,10000,0.5
Win64,train,2024-02-04_2024-02-10_Win64_train.jsonl,20000,10000,10000,0.5
Win64,train,2024-02-11_2024-02-17_Win64_train.jsonl,20000,10000,10000,0.5
Win64,train,2024-02-18_2024-02-24_Win64_train.jsonl,20000,10000,10000,0.5
Win64,train,2024-02-25_2024-03-02_Win64_train.jsonl,20000,10000,10000,0.5
Win64,train,2024-03-03_2024-03-09_Win64_train.jsonl,20000,10000,10000,0.5
Win64,train,2024-03-10_2024-03-16_Win64_train.jsonl,20000,10000,10000,0.5
Win64,train,2024-03-17_2024-03-23_Win64_train.jsonl,20000,10000,10000,0.5
Win64,train,2024-03-24_2024-03-30_Win64_train.jsonl,20000,10000,10000,0.5
Win64,train,2024-03-31_2024-04-06_Win64_train.jsonl,20000,10000,10000,0.5
Win64,train,2024-04-07_2024-04-13_Win64_train.jsonl,20000,10000,10000,0.5
Win64,train,2024-04-14_2024-04-20_Win64_train.jsonl,20000,10000,10000,0.5
Win64,train,2024-04-21_2024-04-27_Win64_train.jsonl,20000,10000,10000,0.5
Win64,train,2024-04-28_2024-05-04_Win64_train.jsonl,20000,10000,10000,0.5
Win64,train,2024-05-05_2024-05-11_Win64_train.jsonl,20000,10000,10000,0.5
Win64,train,2024-05-12_2024-05-18_Win64_train.jsonl,20000,10000,10000,0.5
Win64,train,2024-05-19_2024-05-25_Win64_train.jsonl,20000,10000,10000,0.5
Win64,train,2024-05-26_2024-06-01_Win64_train.jsonl,20000,10000,10000,0.5
Win64,train,2024-06-02_2024-06-08_Win64_train.jsonl,20000,10000,10000,0.5
Win64,train,2024-06-09_2024-06-15_Win64_train.jsonl,20000,10000,10000,0.5
Win64,train,2024-06-16_2024-06-22_Win64_train.jsonl,20000,10000,10000,0.5
Win64,train,2024-06-23_2024-06-29_Win64_train.jsonl,20000,10000,10000,0.5
Win64,train,2024-06-30_2024-07-06_Win64_train.jsonl,20000,10000,10000,0.5
Win64,train,2024-07-07_2024-07-13_Win64_train.jsonl,20000,10000,10000,0.5
Win64,train,2024-07-14_2024-07-20_Win64_train.jsonl,20000,10000,10000,0.5
Win64,train,2024-07-21_2024-07-27_Win64_train.jsonl,20000,10000,10000,0.5
Win64,train,2024-07-28_2024-08-03_Win64_train.jsonl,20000,10000,10000,0.5
Win64,train,2024-08-04_2024-08-10_Win64_train.jsonl,20000,10000,10000,0.5
Win64,train,2024-08-11_2024-08-17_Win64_train.jsonl,20000,10000,10000,0.5
Win64,train,2024-08-18_2024-08-24_Win64_train.jsonl,20000,10000,10000,0.5
Win64,train,2024-08-25_2024-08-31_Win64_train.jsonl,20000,10000,10000,0.5
Win64,train,2024-09-01_2024-09-07_Win64_train.jsonl,20000,10000,10000,0.5
Win64,train,2024-09-08_2024-09-14_Win64_train.jsonl,20000,10000,10000,0.5
Win64,train,2024-09-15_2024-09-21_Win64_train.jsonl,20000,10000,10000,0.5
Dot_Net,train,2023-09-24_2023-09-30_Dot_Net_train.jsonl,10000,5000,5000,0.5
Dot_Net,train,2023-10-01_2023-10-07_Dot_Net_train.jsonl,10000,5000,5000,0.5
Dot_Net,train,2023-10-08_2023-10-14_Dot_Net_train.jsonl,10000,5000,5000,0.5
Dot_Net,train,2023-10-15_2023-10-21_Dot_Net_train.jsonl,10000,5000,5000,0.5
Dot_Net,train,2023-10-22_2023-10-28_Dot_Net_train.jsonl,10000,5000,5000,0.5
Dot_Net,train,2023-10-29_2023-11-04_Dot_Net_train.jsonl,10000,5000,5000,0.5
Dot_Net,train,2023-11-05_2023-11-11_Dot_Net_train.jsonl,10000,5000,5000,0.5
Dot_Net,train,2023-11-12_2023-11-18_Dot_Net_train.jsonl,10000,5000,5000,0.5
Dot_Net,train,2023-11-19_2023-11-25_Dot_Net_train.jsonl,10000,5000,5000,0.5
Dot_Net,train,2023-11-26_2023-12-02_Dot_Net_train.jsonl,10000,5000,5000,0.5
Dot_Net,train,2023-12-03_2023-12-09_Dot_Net_train.jsonl,10000,5000,5000,0.5
Dot_Net,train,2023-12-10_2023-12-16_Dot_Net_train.jsonl,10000,5000,5000,0.5
Dot_Net,train,2023-12-17_2023-12-23_Dot_Net_train.jsonl,10000,5000,5000,0.5
Dot_Net,train,2023-12-24_2023-12-30_Dot_Net_train.jsonl,10000,5000,5000,0.5
Dot_Net,train,2023-12-31_2024-01-06_Dot_Net_train.jsonl,10000,5000,5000,0.5
Dot_Net,train,2024-01-07_2024-01-13_Dot_Net_train.jsonl,10000,5000,5000,0.5
Dot_Net,train,2024-01-14_2024-01-20_Dot_Net_train.jsonl,10000,5000,5000,0.5
Dot_Net,train,2024-01-21_2024-01-27_Dot_Net_train.jsonl,10000,5000,5000,0.5
Dot_Net,train,2024-01-28_2024-02-03_Dot_Net_train.jsonl,10000,5000,5000,0.5
Dot_Net,train,2024-02-04_2024-02-10_Dot_Net_train.jsonl,10000,5000,5000,0.5
Dot_Net,train,2024-02-11_2024-02-17_Dot_Net_train.jsonl,10000,5000,5000,0.5
Dot_Net,train,2024-02-18_2024-02-24_Dot_Net_train.jsonl,10000,5000,5000,0.5
Dot_Net,train,2024-02-25_2024-03-02_Dot_Net_train.jsonl,10000,5000,5000,0.5
Dot_Net,train,2024-03-03_2024-03-09_Dot_Net_train.jsonl,10000,5000,5000,0.5
Dot_Net,train,2024-03-10_2024-03-16_Dot_Net_train.jsonl,10000,5000,5000,0.5
Dot_Net,train,2024-03-17_2024-03-23_Dot_Net_train.jsonl,10000,5000,5000,0.5
Dot_Net,train,2024-03-24_2024-03-30_Dot_Net_train.jsonl,10000,5000,5000,0.5
Dot_Net,train,2024-03-31_2024-04-06_Dot_Net_train.jsonl,10000,5000,5000,0.5
Dot_Net,train,2024-04-07_2024-04-13_Dot_Net_train.jsonl,10000,5000,5000,0.5
Dot_Net,train,2024-04-14_2024-04-20_Dot_Net_train.jsonl,10000,5000,5000,0.5
Dot_Net,train,2024-04-21_2024-04-27_Dot_Net_train.jsonl,10000,5000,5000,0.5
Dot_Net,train,2024-04-28_2024-05-04_Dot_Net_train.jsonl,10000,5000,5000,0.5
Dot_Net,train,2024-05-05_2024-05-11_Dot_Net_train.jsonl,10000,5000,5000,0.5
Dot_Net,train,2024-05-12_2024-05-18_Dot_Net_train.jsonl,10000,5000,5000,0.5
Dot_Net,train,2024-05-19_2024-05-25_Dot_Net_train.jsonl,10000,5000,5000,0.5
Dot_Net,train,2024-05-26_2024-06-01_Dot_Net_train.jsonl,10000,5000,5000,0.5
Dot_Net,train,2024-06-02_2024-06-08_Dot_Net_train.jsonl,10000,5000,5000,0.5
Dot_Net,train,2024-06-09_2024-06-15_Dot_Net_train.jsonl,10000,5000,5000,0.5
Dot_Net,train,2024-06-16_2024-06-22_Dot_Net_train.jsonl,10000,5000,5000,0.5
Dot_Net,train,2024-06-23_2024-06-29_Dot_Net_train.jsonl,10000,5000,5000,0.5
Dot_Net,train,2024-06-30_2024-07-06_Dot_Net_train.jsonl,10000,5000,5000,0.5
Dot_Net,train,2024-07-07_2024-07-13_Dot_Net_train.jsonl,10000,5000,5000,0.5
Dot_Net,train,2024-07-14_2024-07-20_Dot_Net_train.jsonl,10000,5000,5000,0.5
Dot_Net,train,2024-07-21_2024-07-27_Dot_Net_train.jsonl,10000,5000,5000,0.5
Dot_Net,train,2024-07-28_2024-08-03_Dot_Net_train.jsonl,10000,5000,5000,0.5
Dot_Net,train,2024-08-04_2024-08-10_Dot_Net_train.jsonl,10000,5000,5000,0.5
Dot_Net,train,2024-08-11_2024-08-17_Dot_Net_train.jsonl,10000,5000,5000,0.5
Dot_Net,train,2024-08-18_2024-08-24_Dot_Net_train.jsonl,10000,5000,5000,0.5
Dot_Net,train,2024-08-25_2024-08-31_Dot_Net_train.jsonl,10000,5000,5000,0.5
Dot_Net,train,2024-09-01_2024-09-07_Dot_Net_train.jsonl,10000,5000,5000,0.5
Dot_Net,train,2024-09-08_2024-09-14_Dot_Net_train.jsonl,10000,5000,5000,0.5
Dot_Net,train,2024-09-15_2024-09-21_Dot_Net_train.jsonl,10000,5000,5000,0.5
Win32,test,2024-09-22_2024-09-28_Win32_test.jsonl,60000,30000,30000,0.5
Win32,test,2024-09-29_2024-10-05_Win32_test.jsonl,60000,30000,30000,0.5
Win32,test,2024-10-06_2024-10-12_Win32_test.jsonl,60000,30000,30000,0.5
Win32,test,2024-10-13_2024-10-19_Win32_test.jsonl,60000,30000,30000,0.5
Win32,test,2024-10-20_2024-10-26_Win32_test.jsonl,60000,30000,30000,0.5
Win32,test,2024-10-27_2024-11-02_Win32_test.jsonl,60000,30000,30000,0.5
Win32,test,2024-11-03_2024-11-09_Win32_test.jsonl,60000,30000,30000,0.5
Win32,test,2024-11-10_2024-11-16_Win32_test.jsonl,60000,30000,30000,0.5
Win32,test,2024-11-17_2024-11-23_Win32_test.jsonl,60000,30000,30000,0.5
Win32,test,2024-11-24_2024-11-30_Win32_test.jsonl,60000,30000,30000,0.5
Win32,test,2024-12-01_2024-12-07_Win32_test.jsonl,60000,30000,30000,0.5
Win32,test,2024-12-08_2024-12-14_Win32_test.jsonl,60000,30000,30000,0.5
Win64,test,2024-09-22_2024-09-28_Win64_test.jsonl,20000,10000,10000,0.5
Win64,test,2024-09-29_2024-10-05_Win64_test.jsonl,20000,10000,10000,0.5
Win64,test,2024-10-06_2024-10-12_Win64_test.jsonl,20000,10000,10000,0.5
Win64,test,2024-10-13_2024-10-19_Win64_test.jsonl,20000,10000,10000,0.5
Win64,test,2024-10-20_2024-10-26_Win64_test.jsonl,20000,10000,10000,0.5
Win64,test,2024-10-27_2024-11-02_Win64_test.jsonl,20000,10000,10000,0.5
Win64,test,2024-11-03_2024-11-09_Win64_test.jsonl,20000,10000,10000,0.5
Win64,test,2024-11-10_2024-11-16_Win64_test.jsonl,20000,10000,10000,0.5
Win64,test,2024-11-17_2024-11-23_Win64_test.jsonl,20000,10000,10000,0.5
Win64,test,2024-11-24_2024-11-30_Win64_test.jsonl,20000,10000,10000,0.5
Win64,test,2024-12-01_2024-12-07_Win64_test.jsonl,20000,10000,10000,0.5
Win64,test,2024-12-08_2024-12-14_Win64_test.jsonl,20000,10000,10000,0.5
Dot_Net,test,2024-09-22_2024-09-28_Dot_Net_test.jsonl,10000,5000,5000,0.5
Dot_Net,test,2024-09-29_2024-10-05_Dot_Net_test.jsonl,10000,5000,5000,0.5
Dot_Net,test,2024-10-06_2024-10-12_Dot_Net_test.jsonl,10000,5000,5000,0.5
Dot_Net,test,2024-10-13_2024-10-19_Dot_Net_test.jsonl,10000,5000,5000,0.5
Dot_Net,test,2024-10-20_2024-10-26_Dot_Net_test.jsonl,10000,5000,5000,0.5
Dot_Net,test,2024-10-27_2024-11-02_Dot_Net_test.jsonl,10000,5000,5000,0.5
Dot_Net,test,2024-11-03_2024-11-09_Dot_Net_test.jsonl,10000,5000,5000,0.5
Dot_Net,test,2024-11-10_2024-11-16_Dot_Net_test.jsonl,10000,5000,5000,0.5
Dot_Net,test,2024-11-17_2024-11-23_Dot_Net_test.jsonl,10000,5000,5000,0.5
Dot_Net,test,2024-11-24_2024-11-30_Dot_Net_test.jsonl,10000,5000,5000,0.5
Dot_Net,test,2024-12-01_2024-12-07_Dot_Net_test.jsonl,10000,5000,5000,0.5
Dot_Net,test,2024-12-08_2024-12-14_Dot_Net_test.jsonl,10000,5000,5000,0.5
