weight,ROC_AUC,AP,TPR_0.001,TPR_0.005,codebert
0,0.99535285418837305,0.99578355791312534,0.69827299900365325,0.90019926934573236,CodeBERT_partial_s2026
0.01,0.99531646481024916,0.99575993703060095,0.7140484888741282,0.89687811358352709,CodeBERT_partial_s2026
0.02,0.99529293671614905,0.99574308335717809,0.71139156426436401,0.90269013616738625,CodeBERT_partial_s2026
0.029999999999999999,0.99526593635314453,0.99572184084682069,0.71006310195948186,0.90185984722683499,CodeBERT_partial_s2026
0.040000000000000001,0.99524404716996751,0.9957031152078275,0.70989704417137167,0.88973762869478579,CodeBERT_partial_s2026
0.050000000000000003,0.99522910252460062,0.99569114851808416,0.70939887080704089,0.88774493523746267,CodeBERT_partial_s2026
0.10000000000000001,0.99510521197007207,0.99558005506389158,0.70624377283294582,0.88558618399202926,CodeBERT_partial_s2026
0.15000000000000002,0.99499984944242048,0.99548212487726839,0.70358684822318163,0.88160079707738292,CodeBERT_partial_s2026
0.20000000000000001,0.99489012574502378,0.99538199366341629,0.69129857190302224,0.87844569910328796,CodeBERT_partial_s2026
0.25,0.99477456863586722,0.99527485434736973,0.68365991364995016,0.88326137495848556,CodeBERT_partial_s2026
0.30000000000000004,0.99464398354688988,0.99515038558878532,0.67535702424443711,0.88276320159415478,CodeBERT_partial_s2026
0.35000000000000003,0.99447934244449276,0.99499597997263667,0.66954500166057784,0.8824310860179343,CodeBERT_partial_s2026
0.40000000000000002,0.99424695043122246,0.99477551987016177,0.67419461972766526,0.88259714380604448,CodeBERT_partial_s2026
0.45000000000000001,0.99387808436091185,0.99442142390804422,0.67701760212553974,0.8824310860179343,CodeBERT_partial_s2026
0.5,0.99329399317479716,0.99386470122369885,0.68432414480239123,0.88126868150116244,CodeBERT_partial_s2026
0.55000000000000004,0.99261334513497357,0.99322060895574149,0.67718365991364993,0.87861175689139825,CodeBERT_partial_s2026
0.60000000000000009,0.99240503677882774,0.99302553586995501,0.66987711723679844,0.87844569910328796,CodeBERT_partial_s2026
0.65000000000000002,0.99224417350499927,0.99287621423714079,0.66007970773829294,0.87844569910328796,CodeBERT_partial_s2026
0.70000000000000007,0.992044476375738,0.99268897967600611,0.64812354699435404,0.87910993025572903,CodeBERT_partial_s2026
0.75,0.99184341811706578,0.99250092354622588,0.63616738625041513,0.87794752573895718,CodeBERT_partial_s2026
0.80000000000000004,0.99162022067185573,0.99229162728190201,0.62105612753238126,0.87180338757887743,CodeBERT_partial_s2026
0.85000000000000009,0.99124327115953437,0.9919341906342567,0.60395217535702428,0.86765194287612091,CodeBERT_partial_s2026
0.90000000000000002,0.99067540241374363,0.99139335554227848,0.5647625373630023,0.8605114579873796,CodeBERT_partial_s2026
0.95000000000000007,0.98965188865316966,0.99043021819347099,0.54848887412819658,0.8439056791763534,CodeBERT_partial_s2026
1,0.98230988716626078,0.98336942774684877,0.43042178678180004,0.66024576552640324,CodeBERT_partial_s2026
0,0.99535285418837305,0.99578355791312534,0.69827299900365325,0.90019926934573236,CodeBERT_partial_s2027
0.01,0.99529977014135418,0.99578796477025433,0.71604118233145131,0.89588176685486554,CodeBERT_partial_s2027
0.02,0.99526038072289646,0.99576350096932864,0.71072733311192293,0.89056791763533705,CodeBERT_partial_s2027
0.029999999999999999,0.99523335258174006,0.99574552861842547,0.70724011956160748,0.89870474925273991,CodeBERT_partial_s2027
0.040000000000000001,0.99521718569771878,0.99573375316700496,0.72417801394885417,0.89006974427100627,CodeBERT_partial_s2027
0.050000000000000003,0.99519979657504287,0.99571999686690216,0.73248090335436733,0.88923945533045501,CodeBERT_partial_s2027
0.10000000000000001,0.99504996122725653,0.99558977428352302,0.72401195616074399,0.88791099302557286,CodeBERT_partial_s2027
0.15000000000000002,0.9949140982895438,0.9954699234257498,0.71836599136499502,0.88890733975423453,CodeBERT_partial_s2027
0.20000000000000001,0.9947954300274483,0.99536524573847762,0.71188973762869479,0.88907339754234471,CodeBERT_partial_s2027
0.25,0.99465548370150303,0.99523962107478636,0.70508136831617407,0.88741281966124208,CodeBERT_partial_s2027
0.30000000000000004,0.99453309316714145,0.99512887468475386,0.69628030554633014,0.88508801062769848,CodeBERT_partial_s2027
0.35000000000000003,0.99438242447481795,0.99499148230793,0.68814347392892727,0.88292925938226507,CodeBERT_partial_s2027
0.40000000000000002,0.99417281054556406,0.99479296686843766,0.68067087346396549,0.88143473928927263,CodeBERT_partial_s2027
0.45000000000000001,0.99382069470045109,0.99446006844853529,0.67436067751577544,0.87960810362005981,CodeBERT_partial_s2027
0.5,0.99325288151096258,0.99392096714724898,0.66854865493191629,0.87396213882431084,CodeBERT_partial_s2027
0.55000000000000004,0.99250476034177815,0.99321844834513695,0.67568913982065759,0.86964463633344402,CodeBERT_partial_s2027
0.60000000000000009,0.99226517378733647,0.99299517396220138,0.68083693125207567,0.86715376951179013,CodeBERT_partial_s2027
0.65000000000000002,0.99209953267149475,0.99283852566534581,0.67253404184656262,0.8651610760544669,CodeBERT_partial_s2027
0.70000000000000007,0.99192853037246398,0.99267718836919616,0.6610760544669545,0.86898040518100295,CodeBERT_partial_s2027
0.75,0.9916947494516315,0.99245421459630623,0.65078047160411823,0.86482896047824642,CodeBERT_partial_s2027
0.80000000000000004,0.99136468945860257,0.99213794394125165,0.6348389239455331,0.86433078711391564,CodeBERT_partial_s2027
0.85000000000000009,0.99098854551266746,0.99177554373673837,0.63417469279309202,0.85752241780139493,CodeBERT_partial_s2027
0.90000000000000002,0.9904393714626607,0.99124562560128426,0.59814015277316501,0.84938558618399207,CodeBERT_partial_s2027
0.95000000000000007,0.9891976047677975,0.9900421238903554,0.58402524078379281,0.84207904350714047,CodeBERT_partial_s2027
1,0.98210198159330808,0.98296149314118253,0.37811358352706742,0.70043175024908666,CodeBERT_partial_s2027
0,0.99535285418837305,0.99578355791312534,0.69827299900365325,0.90019926934573236,CodeBERT_partial_s2028
0.01,0.99530732579849146,0.99575436671324957,0.71222185320491527,0.89637994021919631,CodeBERT_partial_s2028
0.02,0.99529029779178146,0.99574019957025905,0.71089339090003323,0.89355695782132183,CodeBERT_partial_s2028
0.029999999999999999,0.99527188087750951,0.99572492703486026,0.71056127532381264,0.89970109598140158,CodeBERT_partial_s2028
0.040000000000000001,0.99525671400693272,0.99571073583704006,0.70856858186648952,0.89156426436399872,CodeBERT_partial_s2028
0.050000000000000003,0.99524729721366256,0.99570292992179432,0.70657588840916641,0.89040185984722686,CodeBERT_partial_s2028
0.10000000000000001,0.99517526846749826,0.99563814796672778,0.69910328794420462,0.88409166389903682,CodeBERT_partial_s2028
0.15000000000000002,0.99510135080704964,0.99557001419577373,0.69395549651278643,0.88093656592494185,CodeBERT_partial_s2028
0.20000000000000001,0.99501734967770117,0.99549568693517809,0.68830953171703757,0.87960810362005981,CodeBERT_partial_s2028
0.25,0.99492254284752057,0.99540962804731792,0.68299568249750908,0.87960810362005981,CodeBERT_partial_s2028
0.30000000000000004,0.99482543043078686,0.99532042351943206,0.67635337097309867,0.88027233477250078,CodeBERT_partial_s2028
0.35000000000000003,0.99470067875357004,0.99520610546202448,0.67353038857522418,0.88093656592494185,CodeBERT_partial_s2028
0.40000000000000002,0.99451956520748785,0.99503566670480015,0.66722019262703425,0.87661906343407503,CodeBERT_partial_s2028
0.45000000000000001,0.9942109221690647,0.99474407081646121,0.66174028561939557,0.87595483228163395,CodeBERT_partial_s2028
0.5,0.99373061015598096,0.99428771664220705,0.65692460976419798,0.87661906343407503,CodeBERT_partial_s2028
0.55000000000000004,0.99316665812951488,0.99375396576019936,0.66240451677183665,0.87512454334108269,CodeBERT_partial_s2028
0.60000000000000009,0.99293301609943874,0.99353723650741999,0.66854865493191629,0.87578877449352377,CodeBERT_partial_s2028
0.65000000000000002,0.99272629109791355,0.99334663047555916,0.66954500166057784,0.87628694785785455,CodeBERT_partial_s2028
0.70000000000000007,0.99249564910817145,0.99313196056306485,0.65958153437396216,0.87363002324809036,CodeBERT_partial_s2028
0.75,0.99222725661089428,0.99288250259603417,0.64928595151112589,0.87097309863832617,CodeBERT_partial_s2028
0.80000000000000004,0.99200489251022173,0.99267835877407307,0.64828960478246433,0.86815011624045169,CodeBERT_partial_s2028
0.85000000000000009,0.9917179442079167,0.99241536720577617,0.6562603786117569,0.8654931916306875,CodeBERT_partial_s2028
0.90000000000000002,0.99128552172757001,0.99201674210781265,0.64563268017270015,0.86034540019926931,CodeBERT_partial_s2028
0.95000000000000007,0.99042220456519481,0.99120869952731383,0.62852872799734305,0.84739289272666884,CodeBERT_partial_s2028
1,0.98331635903104919,0.98413742561604611,0.45400199269345731,0.65758884091663894,CodeBERT_partial_s2028
0,0.99535285418837305,0.99578355791312534,0.69827299900365325,0.90019926934573236,CodeBERT_unfrozen_s2026
0.01,0.99532924275981927,0.99578354978913985,0.70973098638326138,0.89637994021919631,CodeBERT_unfrozen_s2026
0.02,0.99531163141193346,0.99577600667289468,0.70043175024908666,0.90269013616738625,CodeBERT_unfrozen_s2026
0.029999999999999999,0.99528621440354925,0.99575757048302882,0.69528395881766858,0.90119561607439391,CodeBERT_unfrozen_s2026
0.040000000000000001,0.99526529745566594,0.995740792154028,0.68897376286947853,0.88857522417801393,CodeBERT_unfrozen_s2026
0.050000000000000003,0.99524721387920867,0.99572617990378243,0.68565260710727338,0.8872467618731319,CodeBERT_unfrozen_s2026
0.10000000000000001,0.99511810103224718,0.99561316726094096,0.68814347392892727,0.88442377947525741,CodeBERT_unfrozen_s2026
0.15000000000000002,0.9949867937113378,0.99549474379929315,0.69063434075058117,0.88276320159415478,CodeBERT_unfrozen_s2026
0.20000000000000001,0.99487162549629826,0.99539015521394258,0.68615078047160416,0.88259714380604448,CodeBERT_unfrozen_s2026
0.25,0.9947367347938787,0.99526599110717928,0.68100298904018597,0.88176685486549322,CodeBERT_unfrozen_s2026
0.30000000000000004,0.99459631623936295,0.99513656806081929,0.67851212221853208,0.88077050813683166,CodeBERT_unfrozen_s2026
0.35000000000000003,0.99443864745292687,0.9949904136547274,0.68316174028561938,0.87960810362005981,CodeBERT_unfrozen_s2026
0.40000000000000002,0.99422678349342242,0.99478892926124218,0.68498837595483231,0.87927598804383922,CodeBERT_unfrozen_s2026
0.45000000000000001,0.99392619611885891,0.99450112067354546,0.68033875788774489,0.87861175689139825,CodeBERT_unfrozen_s2026
0.5,0.99345366198812246,0.99404693577635816,0.67602125539687807,0.87595483228163395,CodeBERT_unfrozen_s2026
0.55000000000000004,0.99270790196179315,0.99333128213854138,0.67120557954168047,0.87379608103620054,CodeBERT_unfrozen_s2026
0.60000000000000009,0.99226875716884644,0.99291006303258955,0.6658917303221521,0.86765194287612091,CodeBERT_unfrozen_s2026
0.65000000000000002,0.99204264301775613,0.99269327979686306,0.66340086350049821,0.86333444038525409,CodeBERT_unfrozen_s2026
0.70000000000000007,0.99182347340447574,0.99248368929066288,0.65908336100963139,0.85802059116572571,CodeBERT_unfrozen_s2026
0.75,0.99155363644333439,0.99222293817483886,0.65277316506144134,0.84921952839588177,CodeBERT_unfrozen_s2026
0.80000000000000004,0.991197770547804,0.99188007491148422,0.64081700431750244,0.83992029226170706,CodeBERT_unfrozen_s2026
0.85000000000000009,0.99062756843730893,0.99133762856675867,0.63251411491198939,0.82962470939887079,CodeBERT_unfrozen_s2026
0.90000000000000002,0.98992583678069468,0.99065520936561557,0.6348389239455331,0.81335104616406506,CodeBERT_unfrozen_s2026
0.95000000000000007,0.98871868166227561,0.98945286107995123,0.64131517768183333,0.79442045831949515,CodeBERT_unfrozen_s2026
1,0.98242879154264184,0.98293889515893995,0.29010295582862838,0.67186981069412155,CodeBERT_unfrozen_s2026
0,0.99535285418837305,0.99578355791312534,0.69827299900365325,0.90019926934573236,CodeBERT_unfrozen_s2027
0.01,0.99542224401016943,0.99590352664792658,0.74011956160743941,0.90036532713384254,CodeBERT_unfrozen_s2027
0.02,0.99540941050429677,0.99589695069065831,0.7404516771836599,0.90601129192959151,CodeBERT_unfrozen_s2027
0.029999999999999999,0.99539049358330256,0.9958825840868164,0.73928927266688804,0.90318830953171703,CodeBERT_unfrozen_s2027
0.040000000000000001,0.99538171568751099,0.99587521304429261,0.73630023248090337,0.90750581202258385,CodeBERT_unfrozen_s2027
0.050000000000000003,0.9953729377917192,0.99586736341601534,0.73414148123546996,0.89754234473596817,CodeBERT_unfrozen_s2027
0.10000000000000001,0.99529449229261857,0.99579266547033674,0.72799734307539021,0.89621388243108602,CodeBERT_unfrozen_s2027
0.15000000000000002,0.99521693569435754,0.99571597630224074,0.72268349385586184,0.89322484224510135,CodeBERT_unfrozen_s2027
0.20000000000000001,0.99513690684063649,0.99563946638536438,0.71853204915310531,0.89322484224510135,CodeBERT_unfrozen_s2027
0.25,0.99505601686422673,0.99556124321360695,0.71421454666223849,0.89339090003321153,CodeBERT_unfrozen_s2027
0.30000000000000004,0.99496037668950887,0.99546905371251171,0.70973098638326138,0.89372301560943213,CodeBERT_unfrozen_s2027
0.35000000000000003,0.99484809740219848,0.99536189276652776,0.70508136831617407,0.89339090003321153,CodeBERT_unfrozen_s2027
0.40000000000000002,0.99465503925108323,0.99517408066905477,0.69993357688475588,0.89355695782132183,CodeBERT_unfrozen_s2027
0.45000000000000001,0.99439220238405412,0.99492012676036712,0.69611424775821984,0.8917303221521089,CodeBERT_unfrozen_s2027
0.5,0.99386505640798062,0.99441208153940031,0.69760876785121217,0.89139820657588842,CodeBERT_unfrozen_s2027
0.55000000000000004,0.99333882711089794,0.99390846435069224,0.70142809697774822,0.88940551311856531,CodeBERT_unfrozen_s2027
0.60000000000000009,0.99317524157824777,0.99375215117152083,0.70607771504483563,0.88558618399202926,CodeBERT_unfrozen_s2027
0.65000000000000002,0.9930014892422443,0.99358808949870914,0.71172367984058449,0.88425772168714711,CodeBERT_unfrozen_s2027
0.70000000000000007,0.99276543051301025,0.99336284903027294,0.71537695117901035,0.88010627698439059,CodeBERT_unfrozen_s2027
0.75,0.99255201097703649,0.99316231941193056,0.70707406177349719,0.87645300564596484,CodeBERT_unfrozen_s2027
0.80000000000000004,0.99233956367635612,0.99296552840078367,0.69727665227499169,0.87230156094320821,CodeBERT_unfrozen_s2027
0.85000000000000009,0.99210872723955523,0.9927525262081387,0.68465626037861171,0.87047492527399539,CodeBERT_unfrozen_s2027
0.90000000000000002,0.99178638957257093,0.99244917162030388,0.66057788110262372,0.86433078711391564,CodeBERT_unfrozen_s2027
0.95000000000000007,0.99101118470592775,0.99170600989843671,0.62421122550647623,0.85436731982729985,CodeBERT_unfrozen_s2027
1,0.98272673999283766,0.98344767697579849,0.46213882431086017,0.69262703420790439,CodeBERT_unfrozen_s2027
0,0.99535285418837305,0.99578355791312534,0.69827299900365325,0.90019926934573236,CodeBERT_unfrozen_s2028
0.01,0.99534588187241191,0.99577044553323546,0.70591165725672533,0.89970109598140158,CodeBERT_unfrozen_s2028
0.02,0.99531671481361017,0.99574386995178954,0.69910328794420462,0.90551311856526073,CodeBERT_unfrozen_s2028
0.029999999999999999,0.99529027001363024,0.99572013558833994,0.69661242112255062,0.89704417137163728,CodeBERT_unfrozen_s2028
0.040000000000000001,0.99526510300860693,0.99569553230343699,0.69146462969113254,0.88973762869478579,CodeBERT_unfrozen_s2028
0.050000000000000003,0.99523974155652539,0.99567183468946774,0.6874792427764862,0.88641647293258052,CodeBERT_unfrozen_s2028
0.10000000000000001,0.99511476765409845,0.99555583985782259,0.69445366987711721,0.88143473928927263,CodeBERT_unfrozen_s2028
0.15000000000000002,0.99500384949619869,0.99544979809751122,0.68664895383593494,0.87794752573895718,CodeBERT_unfrozen_s2028
0.20000000000000001,0.99489487580888591,0.99534777615128545,0.677847891066091,0.87827964131517766,CodeBERT_unfrozen_s2028
0.25,0.99478473543922097,0.99524355219800764,0.67635337097309867,0.87578877449352377,CodeBERT_unfrozen_s2028
0.30000000000000004,0.99466742830653609,0.99513043637992671,0.6658917303221521,0.87612089006974425,CodeBERT_unfrozen_s2028
0.35000000000000003,0.9945093984041341,0.99498159688836019,0.65858518764530061,0.87794752573895718,CodeBERT_unfrozen_s2028
0.40000000000000002,0.99429114546984465,0.99477206101730276,0.64978412487545667,0.87695117901029562,CodeBERT_unfrozen_s2028
0.45000000000000001,0.99400725276417601,0.99449863898068913,0.64114911989372303,0.87894387246761874,CodeBERT_unfrozen_s2028
0.5,0.99353041301999723,0.99403871333240001,0.63268017270009969,0.87612089006974425,CodeBERT_unfrozen_s2028
0.55000000000000004,0.99276281936679378,0.99330397270577642,0.62852872799734305,0.87163732979076713,CodeBERT_unfrozen_s2028
0.60000000000000009,0.99238948101413349,0.99294858286318299,0.62404516771836605,0.86383261374958487,CodeBERT_unfrozen_s2028
0.65000000000000002,0.99215303339078231,0.99272282162598069,0.62072401195616078,0.86134174692793097,CodeBERT_unfrozen_s2028
0.70000000000000007,0.99192200250692253,0.99250280050521866,0.61541016273663229,0.85420126203918967,CodeBERT_unfrozen_s2028
0.75,0.99165436001972918,0.99224716672672697,0.6130853537030887,0.84506808369312525,CodeBERT_unfrozen_s2028
0.80000000000000004,0.99133493905862502,0.99194682577880555,0.60993025572899373,0.83776154101627365,CodeBERT_unfrozen_s2028
0.85000000000000009,0.99093307254464191,0.99156792703089058,0.60793756227167051,0.83659913649950179,CodeBERT_unfrozen_s2028
0.90000000000000002,0.99033998123752554,0.99100786248969985,0.59564928595151112,0.83344403852540683,CodeBERT_unfrozen_s2028
0.95000000000000007,0.98916382653589008,0.98987419813339717,0.55695782132182003,0.83012288276320156,CodeBERT_unfrozen_s2028
1,0.98212648192270136,0.98268850757464443,0.29292593822650281,0.65858518764530061,CodeBERT_unfrozen_s2028
