model,method,value,selected_count,selected_fraction
CodeBERT_partial_s2026,fusion_AP,0,148,0.73999999999999999
CodeBERT_partial_s2026,fusion_AP,0.01,23,0.115
CodeBERT_partial_s2026,fusion_AP,0.02,17,0.085000000000000006
CodeBERT_partial_s2026,fusion_AP,0.029999999999999999,7,0.035000000000000003
CodeBERT_partial_s2026,fusion_AP,0.040000000000000001,1,0.0050000000000000001
CodeBERT_partial_s2026,fusion_AP,0.050000000000000003,4,0.02
CodeBERT_partial_s2026,fusion_ROC_AUC,0,168,0.83999999999999997
CodeBERT_partial_s2026,fusion_ROC_AUC,0.01,18,0.089999999999999997
CodeBERT_partial_s2026,fusion_ROC_AUC,0.02,11,0.055
CodeBERT_partial_s2026,fusion_ROC_AUC,0.029999999999999999,1,0.0050000000000000001
CodeBERT_partial_s2026,fusion_ROC_AUC,0.050000000000000003,2,0.01
CodeBERT_partial_s2026,fusion_TPR_0.001,0,53,0.26500000000000001
CodeBERT_partial_s2026,fusion_TPR_0.001,0.01,48,0.23999999999999999
CodeBERT_partial_s2026,fusion_TPR_0.001,0.02,32,0.16
CodeBERT_partial_s2026,fusion_TPR_0.001,0.040000000000000001,19,0.095000000000000001
CodeBERT_partial_s2026,fusion_TPR_0.001,0.050000000000000003,6,0.029999999999999999
CodeBERT_partial_s2026,fusion_TPR_0.001,0.10000000000000001,5,0.025000000000000001
CodeBERT_partial_s2026,fusion_TPR_0.001,0.15000000000000002,1,0.0050000000000000001
CodeBERT_partial_s2026,fusion_TPR_0.001,0.20000000000000001,1,0.0050000000000000001
CodeBERT_partial_s2026,fusion_TPR_0.001,0.30000000000000004,2,0.01
CodeBERT_partial_s2026,fusion_TPR_0.001,0.35000000000000003,2,0.01
CodeBERT_partial_s2026,fusion_TPR_0.001,0.40000000000000002,7,0.035000000000000003
CodeBERT_partial_s2026,fusion_TPR_0.001,0.5,5,0.025000000000000001
CodeBERT_partial_s2026,fusion_TPR_0.001,0.55000000000000004,10,0.050000000000000003
CodeBERT_partial_s2026,fusion_TPR_0.001,0.75,2,0.01
CodeBERT_partial_s2026,fusion_TPR_0.001,0.80000000000000004,4,0.02
CodeBERT_partial_s2026,fusion_TPR_0.001,0.85000000000000009,3,0.014999999999999999
CodeBERT_partial_s2026,fusion_TPR_0.005,0,87,0.435
CodeBERT_partial_s2026,fusion_TPR_0.005,0.01,52,0.26000000000000001
CodeBERT_partial_s2026,fusion_TPR_0.005,0.02,28,0.14000000000000001
CodeBERT_partial_s2026,fusion_TPR_0.005,0.029999999999999999,16,0.080000000000000002
CodeBERT_partial_s2026,fusion_TPR_0.005,0.040000000000000001,5,0.025000000000000001
CodeBERT_partial_s2026,fusion_TPR_0.005,0.050000000000000003,10,0.050000000000000003
CodeBERT_partial_s2026,fusion_TPR_0.005,0.35000000000000003,1,0.0050000000000000001
CodeBERT_partial_s2026,fusion_TPR_0.005,0.70000000000000007,1,0.0050000000000000001
CodeBERT_partial_s2027,fusion_AP,0,96,0.47999999999999998
CodeBERT_partial_s2027,fusion_AP,0.01,75,0.375
CodeBERT_partial_s2027,fusion_AP,0.02,14,0.070000000000000007
CodeBERT_partial_s2027,fusion_AP,0.029999999999999999,7,0.035000000000000003
CodeBERT_partial_s2027,fusion_AP,0.040000000000000001,6,0.029999999999999999
CodeBERT_partial_s2027,fusion_AP,0.050000000000000003,2,0.01
CodeBERT_partial_s2027,fusion_ROC_AUC,0,171,0.85499999999999998
CodeBERT_partial_s2027,fusion_ROC_AUC,0.01,26,0.13
CodeBERT_partial_s2027,fusion_ROC_AUC,0.029999999999999999,2,0.01
CodeBERT_partial_s2027,fusion_ROC_AUC,0.050000000000000003,1,0.0050000000000000001
CodeBERT_partial_s2027,fusion_TPR_0.001,0,40,0.20000000000000001
CodeBERT_partial_s2027,fusion_TPR_0.001,0.01,41,0.20499999999999999
CodeBERT_partial_s2027,fusion_TPR_0.001,0.02,10,0.050000000000000003
CodeBERT_partial_s2027,fusion_TPR_0.001,0.029999999999999999,16,0.080000000000000002
CodeBERT_partial_s2027,fusion_TPR_0.001,0.040000000000000001,5,0.025000000000000001
CodeBERT_partial_s2027,fusion_TPR_0.001,0.050000000000000003,15,0.074999999999999997
CodeBERT_partial_s2027,fusion_TPR_0.001,0.10000000000000001,30,0.14999999999999999
CodeBERT_partial_s2027,fusion_TPR_0.001,0.15000000000000002,19,0.095000000000000001
CodeBERT_partial_s2027,fusion_TPR_0.001,0.20000000000000001,1,0.0050000000000000001
CodeBERT_partial_s2027,fusion_TPR_0.001,0.25,4,0.02
CodeBERT_partial_s2027,fusion_TPR_0.001,0.40000000000000002,7,0.035000000000000003
CodeBERT_partial_s2027,fusion_TPR_0.001,0.45000000000000001,1,0.0050000000000000001
CodeBERT_partial_s2027,fusion_TPR_0.001,0.5,1,0.0050000000000000001
CodeBERT_partial_s2027,fusion_TPR_0.001,0.60000000000000009,3,0.014999999999999999
CodeBERT_partial_s2027,fusion_TPR_0.001,0.70000000000000007,4,0.02
CodeBERT_partial_s2027,fusion_TPR_0.001,0.80000000000000004,1,0.0050000000000000001
CodeBERT_partial_s2027,fusion_TPR_0.001,0.90000000000000002,1,0.0050000000000000001
CodeBERT_partial_s2027,fusion_TPR_0.001,0.95000000000000007,1,0.0050000000000000001
CodeBERT_partial_s2027,fusion_TPR_0.005,0,136,0.68000000000000005
CodeBERT_partial_s2027,fusion_TPR_0.005,0.01,23,0.115
CodeBERT_partial_s2027,fusion_TPR_0.005,0.02,22,0.11
CodeBERT_partial_s2027,fusion_TPR_0.005,0.029999999999999999,13,0.065000000000000002
CodeBERT_partial_s2027,fusion_TPR_0.005,0.040000000000000001,3,0.014999999999999999
CodeBERT_partial_s2027,fusion_TPR_0.005,0.050000000000000003,1,0.0050000000000000001
CodeBERT_partial_s2027,fusion_TPR_0.005,0.15000000000000002,1,0.0050000000000000001
CodeBERT_partial_s2027,fusion_TPR_0.005,0.20000000000000001,1,0.0050000000000000001
CodeBERT_partial_s2028,fusion_AP,0,158,0.79000000000000004
CodeBERT_partial_s2028,fusion_AP,0.01,10,0.050000000000000003
CodeBERT_partial_s2028,fusion_AP,0.02,19,0.095000000000000001
CodeBERT_partial_s2028,fusion_AP,0.029999999999999999,6,0.029999999999999999
CodeBERT_partial_s2028,fusion_AP,0.050000000000000003,6,0.029999999999999999
CodeBERT_partial_s2028,fusion_AP,0.10000000000000001,1,0.0050000000000000001
CodeBERT_partial_s2028,fusion_ROC_AUC,0,181,0.90500000000000003
CodeBERT_partial_s2028,fusion_ROC_AUC,0.02,8,0.040000000000000001
CodeBERT_partial_s2028,fusion_ROC_AUC,0.029999999999999999,4,0.02
CodeBERT_partial_s2028,fusion_ROC_AUC,0.050000000000000003,7,0.035000000000000003
CodeBERT_partial_s2028,fusion_TPR_0.001,0,62,0.31
CodeBERT_partial_s2028,fusion_TPR_0.001,0.01,30,0.14999999999999999
CodeBERT_partial_s2028,fusion_TPR_0.001,0.02,27,0.13500000000000001
CodeBERT_partial_s2028,fusion_TPR_0.001,0.029999999999999999,6,0.029999999999999999
CodeBERT_partial_s2028,fusion_TPR_0.001,0.050000000000000003,18,0.089999999999999997
CodeBERT_partial_s2028,fusion_TPR_0.001,0.10000000000000001,7,0.035000000000000003
CodeBERT_partial_s2028,fusion_TPR_0.001,0.15000000000000002,10,0.050000000000000003
CodeBERT_partial_s2028,fusion_TPR_0.001,0.20000000000000001,1,0.0050000000000000001
CodeBERT_partial_s2028,fusion_TPR_0.001,0.25,1,0.0050000000000000001
CodeBERT_partial_s2028,fusion_TPR_0.001,0.55000000000000004,3,0.014999999999999999
CodeBERT_partial_s2028,fusion_TPR_0.001,0.60000000000000009,2,0.01
CodeBERT_partial_s2028,fusion_TPR_0.001,0.65000000000000002,4,0.02
CodeBERT_partial_s2028,fusion_TPR_0.001,0.70000000000000007,2,0.01
CodeBERT_partial_s2028,fusion_TPR_0.001,0.75,5,0.025000000000000001
CodeBERT_partial_s2028,fusion_TPR_0.001,0.80000000000000004,4,0.02
CodeBERT_partial_s2028,fusion_TPR_0.001,0.85000000000000009,1,0.0050000000000000001
CodeBERT_partial_s2028,fusion_TPR_0.001,0.90000000000000002,2,0.01
CodeBERT_partial_s2028,fusion_TPR_0.001,0.95000000000000007,15,0.074999999999999997
CodeBERT_partial_s2028,fusion_TPR_0.005,0,93,0.46500000000000002
CodeBERT_partial_s2028,fusion_TPR_0.005,0.01,41,0.20499999999999999
CodeBERT_partial_s2028,fusion_TPR_0.005,0.02,27,0.13500000000000001
CodeBERT_partial_s2028,fusion_TPR_0.005,0.029999999999999999,19,0.095000000000000001
CodeBERT_partial_s2028,fusion_TPR_0.005,0.040000000000000001,12,0.059999999999999998
CodeBERT_partial_s2028,fusion_TPR_0.005,0.050000000000000003,7,0.035000000000000003
CodeBERT_partial_s2028,fusion_TPR_0.005,0.55000000000000004,1,0.0050000000000000001
CodeBERT_unfrozen_s2026,fusion_AP,0,101,0.505
CodeBERT_unfrozen_s2026,fusion_AP,0.01,23,0.115
CodeBERT_unfrozen_s2026,fusion_AP,0.02,53,0.26500000000000001
CodeBERT_unfrozen_s2026,fusion_AP,0.029999999999999999,15,0.074999999999999997
CodeBERT_unfrozen_s2026,fusion_AP,0.040000000000000001,3,0.014999999999999999
CodeBERT_unfrozen_s2026,fusion_AP,0.050000000000000003,5,0.025000000000000001
CodeBERT_unfrozen_s2026,fusion_ROC_AUC,0,150,0.75
CodeBERT_unfrozen_s2026,fusion_ROC_AUC,0.01,21,0.105
CodeBERT_unfrozen_s2026,fusion_ROC_AUC,0.02,23,0.115
CodeBERT_unfrozen_s2026,fusion_ROC_AUC,0.029999999999999999,3,0.014999999999999999
CodeBERT_unfrozen_s2026,fusion_ROC_AUC,0.040000000000000001,1,0.0050000000000000001
CodeBERT_unfrozen_s2026,fusion_ROC_AUC,0.050000000000000003,2,0.01
CodeBERT_unfrozen_s2026,fusion_TPR_0.001,0,58,0.28999999999999998
CodeBERT_unfrozen_s2026,fusion_TPR_0.001,0.01,42,0.20999999999999999
CodeBERT_unfrozen_s2026,fusion_TPR_0.001,0.02,22,0.11
CodeBERT_unfrozen_s2026,fusion_TPR_0.001,0.029999999999999999,5,0.025000000000000001
CodeBERT_unfrozen_s2026,fusion_TPR_0.001,0.040000000000000001,9,0.044999999999999998
CodeBERT_unfrozen_s2026,fusion_TPR_0.001,0.050000000000000003,7,0.035000000000000003
CodeBERT_unfrozen_s2026,fusion_TPR_0.001,0.10000000000000001,2,0.01
CodeBERT_unfrozen_s2026,fusion_TPR_0.001,0.15000000000000002,8,0.040000000000000001
CodeBERT_unfrozen_s2026,fusion_TPR_0.001,0.20000000000000001,10,0.050000000000000003
CodeBERT_unfrozen_s2026,fusion_TPR_0.001,0.25,7,0.035000000000000003
CodeBERT_unfrozen_s2026,fusion_TPR_0.001,0.30000000000000004,7,0.035000000000000003
CodeBERT_unfrozen_s2026,fusion_TPR_0.001,0.40000000000000002,3,0.014999999999999999
CodeBERT_unfrozen_s2026,fusion_TPR_0.001,0.45000000000000001,6,0.029999999999999999
CodeBERT_unfrozen_s2026,fusion_TPR_0.001,0.60000000000000009,1,0.0050000000000000001
CodeBERT_unfrozen_s2026,fusion_TPR_0.001,0.65000000000000002,1,0.0050000000000000001
CodeBERT_unfrozen_s2026,fusion_TPR_0.001,0.75,3,0.014999999999999999
CodeBERT_unfrozen_s2026,fusion_TPR_0.001,0.85000000000000009,3,0.014999999999999999
CodeBERT_unfrozen_s2026,fusion_TPR_0.001,0.95000000000000007,6,0.029999999999999999
CodeBERT_unfrozen_s2026,fusion_TPR_0.005,0,65,0.32500000000000001
CodeBERT_unfrozen_s2026,fusion_TPR_0.005,0.01,57,0.28499999999999998
CodeBERT_unfrozen_s2026,fusion_TPR_0.005,0.02,36,0.17999999999999999
CodeBERT_unfrozen_s2026,fusion_TPR_0.005,0.029999999999999999,19,0.095000000000000001
CodeBERT_unfrozen_s2026,fusion_TPR_0.005,0.040000000000000001,13,0.065000000000000002
CodeBERT_unfrozen_s2026,fusion_TPR_0.005,0.050000000000000003,10,0.050000000000000003
CodeBERT_unfrozen_s2027,fusion_AP,0,26,0.13
CodeBERT_unfrozen_s2027,fusion_AP,0.01,93,0.46500000000000002
CodeBERT_unfrozen_s2027,fusion_AP,0.02,51,0.255
CodeBERT_unfrozen_s2027,fusion_AP,0.029999999999999999,10,0.050000000000000003
CodeBERT_unfrozen_s2027,fusion_AP,0.040000000000000001,9,0.044999999999999998
CodeBERT_unfrozen_s2027,fusion_AP,0.050000000000000003,11,0.055
CodeBERT_unfrozen_s2027,fusion_ROC_AUC,0,40,0.20000000000000001
CodeBERT_unfrozen_s2027,fusion_ROC_AUC,0.01,110,0.55000000000000004
CodeBERT_unfrozen_s2027,fusion_ROC_AUC,0.02,34,0.17000000000000001
CodeBERT_unfrozen_s2027,fusion_ROC_AUC,0.029999999999999999,7,0.035000000000000003
CodeBERT_unfrozen_s2027,fusion_ROC_AUC,0.040000000000000001,2,0.01
CodeBERT_unfrozen_s2027,fusion_ROC_AUC,0.050000000000000003,7,0.035000000000000003
CodeBERT_unfrozen_s2027,fusion_TPR_0.001,0,23,0.115
CodeBERT_unfrozen_s2027,fusion_TPR_0.001,0.01,90,0.45000000000000001
CodeBERT_unfrozen_s2027,fusion_TPR_0.001,0.02,10,0.050000000000000003
CodeBERT_unfrozen_s2027,fusion_TPR_0.001,0.10000000000000001,11,0.055
CodeBERT_unfrozen_s2027,fusion_TPR_0.001,0.15000000000000002,7,0.035000000000000003
CodeBERT_unfrozen_s2027,fusion_TPR_0.001,0.20000000000000001,1,0.0050000000000000001
CodeBERT_unfrozen_s2027,fusion_TPR_0.001,0.30000000000000004,3,0.014999999999999999
CodeBERT_unfrozen_s2027,fusion_TPR_0.001,0.35000000000000003,3,0.014999999999999999
CodeBERT_unfrozen_s2027,fusion_TPR_0.001,0.40000000000000002,1,0.0050000000000000001
CodeBERT_unfrozen_s2027,fusion_TPR_0.001,0.45000000000000001,1,0.0050000000000000001
CodeBERT_unfrozen_s2027,fusion_TPR_0.001,0.5,2,0.01
CodeBERT_unfrozen_s2027,fusion_TPR_0.001,0.65000000000000002,7,0.035000000000000003
CodeBERT_unfrozen_s2027,fusion_TPR_0.001,0.70000000000000007,10,0.050000000000000003
CodeBERT_unfrozen_s2027,fusion_TPR_0.001,0.75,2,0.01
CodeBERT_unfrozen_s2027,fusion_TPR_0.001,0.80000000000000004,10,0.050000000000000003
CodeBERT_unfrozen_s2027,fusion_TPR_0.001,0.85000000000000009,2,0.01
CodeBERT_unfrozen_s2027,fusion_TPR_0.001,0.90000000000000002,1,0.0050000000000000001
CodeBERT_unfrozen_s2027,fusion_TPR_0.001,0.95000000000000007,16,0.080000000000000002
CodeBERT_unfrozen_s2027,fusion_TPR_0.005,0,34,0.17000000000000001
CodeBERT_unfrozen_s2027,fusion_TPR_0.005,0.01,36,0.17999999999999999
CodeBERT_unfrozen_s2027,fusion_TPR_0.005,0.02,36,0.17999999999999999
CodeBERT_unfrozen_s2027,fusion_TPR_0.005,0.029999999999999999,38,0.19
CodeBERT_unfrozen_s2027,fusion_TPR_0.005,0.040000000000000001,27,0.13500000000000001
CodeBERT_unfrozen_s2027,fusion_TPR_0.005,0.050000000000000003,18,0.089999999999999997
CodeBERT_unfrozen_s2027,fusion_TPR_0.005,0.10000000000000001,4,0.02
CodeBERT_unfrozen_s2027,fusion_TPR_0.005,0.15000000000000002,1,0.0050000000000000001
CodeBERT_unfrozen_s2027,fusion_TPR_0.005,0.25,2,0.01
CodeBERT_unfrozen_s2027,fusion_TPR_0.005,0.30000000000000004,1,0.0050000000000000001
CodeBERT_unfrozen_s2027,fusion_TPR_0.005,0.35000000000000003,1,0.0050000000000000001
CodeBERT_unfrozen_s2027,fusion_TPR_0.005,0.40000000000000002,1,0.0050000000000000001
CodeBERT_unfrozen_s2027,fusion_TPR_0.005,0.5,1,0.0050000000000000001
CodeBERT_unfrozen_s2028,fusion_AP,0,139,0.69499999999999995
CodeBERT_unfrozen_s2028,fusion_AP,0.01,51,0.255
CodeBERT_unfrozen_s2028,fusion_AP,0.02,8,0.040000000000000001
CodeBERT_unfrozen_s2028,fusion_AP,0.029999999999999999,1,0.0050000000000000001
CodeBERT_unfrozen_s2028,fusion_AP,0.040000000000000001,1,0.0050000000000000001
CodeBERT_unfrozen_s2028,fusion_ROC_AUC,0,126,0.63
CodeBERT_unfrozen_s2028,fusion_ROC_AUC,0.01,65,0.32500000000000001
CodeBERT_unfrozen_s2028,fusion_ROC_AUC,0.02,7,0.035000000000000003
CodeBERT_unfrozen_s2028,fusion_ROC_AUC,0.029999999999999999,2,0.01
CodeBERT_unfrozen_s2028,fusion_TPR_0.001,0,97,0.48499999999999999
CodeBERT_unfrozen_s2028,fusion_TPR_0.001,0.01,21,0.105
CodeBERT_unfrozen_s2028,fusion_TPR_0.001,0.02,6,0.029999999999999999
CodeBERT_unfrozen_s2028,fusion_TPR_0.001,0.029999999999999999,16,0.080000000000000002
CodeBERT_unfrozen_s2028,fusion_TPR_0.001,0.040000000000000001,10,0.050000000000000003
CodeBERT_unfrozen_s2028,fusion_TPR_0.001,0.050000000000000003,5,0.025000000000000001
CodeBERT_unfrozen_s2028,fusion_TPR_0.001,0.10000000000000001,4,0.02
CodeBERT_unfrozen_s2028,fusion_TPR_0.001,0.15000000000000002,12,0.059999999999999998
CodeBERT_unfrozen_s2028,fusion_TPR_0.001,0.20000000000000001,1,0.0050000000000000001
CodeBERT_unfrozen_s2028,fusion_TPR_0.001,0.25,6,0.029999999999999999
CodeBERT_unfrozen_s2028,fusion_TPR_0.001,0.30000000000000004,1,0.0050000000000000001
CodeBERT_unfrozen_s2028,fusion_TPR_0.001,0.35000000000000003,4,0.02
CodeBERT_unfrozen_s2028,fusion_TPR_0.001,0.40000000000000002,6,0.029999999999999999
CodeBERT_unfrozen_s2028,fusion_TPR_0.001,0.5,2,0.01
CodeBERT_unfrozen_s2028,fusion_TPR_0.001,0.80000000000000004,2,0.01
CodeBERT_unfrozen_s2028,fusion_TPR_0.001,0.85000000000000009,5,0.025000000000000001
CodeBERT_unfrozen_s2028,fusion_TPR_0.001,0.90000000000000002,2,0.01
CodeBERT_unfrozen_s2028,fusion_TPR_0.005,0,110,0.55000000000000004
CodeBERT_unfrozen_s2028,fusion_TPR_0.005,0.01,34,0.17000000000000001
CodeBERT_unfrozen_s2028,fusion_TPR_0.005,0.02,34,0.17000000000000001
CodeBERT_unfrozen_s2028,fusion_TPR_0.005,0.029999999999999999,14,0.070000000000000007
CodeBERT_unfrozen_s2028,fusion_TPR_0.005,0.040000000000000001,6,0.029999999999999999
CodeBERT_unfrozen_s2028,fusion_TPR_0.005,0.050000000000000003,2,0.01
