model,objective,zero_selected_fraction,zero_maximizer_fraction,uniquely_zero_fraction,multiple_maximizers_fraction,mean_maximum_maximizer
CodeBERT_partial_s2026,AP,0.73999999999999999,0.73999999999999999,0.73999999999999999,0,0.0051000000000000004
CodeBERT_partial_s2026,ROC_AUC,0.83999999999999997,0.83999999999999997,0.83999999999999997,0,0.00265
CodeBERT_partial_s2026,TPR_0.001,0.26500000000000001,0.26500000000000001,0.26500000000000001,0,0.11190000000000001
CodeBERT_partial_s2026,TPR_0.005,0.435,0.435,0.42999999999999999,0.025000000000000001,0.01685
CodeBERT_partial_s2027,AP,0.47999999999999998,0.47999999999999998,0.47999999999999998,0,0.0079000000000000008
CodeBERT_partial_s2027,ROC_AUC,0.85499999999999998,0.85499999999999998,0.85499999999999998,0,0.0018500000000000001
CodeBERT_partial_s2027,TPR_0.001,0.20000000000000001,0.20000000000000001,0.20000000000000001,0.0050000000000000001,0.1007
CodeBERT_partial_s2027,TPR_0.005,0.68000000000000005,0.68000000000000005,0.67000000000000004,0.02,0.0083000000000000001
CodeBERT_partial_s2028,AP,0.79000000000000004,0.79000000000000004,0.79000000000000004,0,0.0053
CodeBERT_partial_s2028,ROC_AUC,0.90500000000000003,0.90500000000000003,0.90500000000000003,0,0.00315
CodeBERT_partial_s2028,TPR_0.001,0.31,0.31,0.31,0.0050000000000000001,0.17705000000000001
CodeBERT_partial_s2028,TPR_0.005,0.46500000000000002,0.46500000000000002,0.45000000000000001,0.02,0.014800000000000001
CodeBERT_unfrozen_s2026,AP,0.505,0.505,0.505,0,0.010549999999999999
CodeBERT_unfrozen_s2026,ROC_AUC,0.75,0.75,0.75,0,0.0045000000000000005
CodeBERT_unfrozen_s2026,TPR_0.001,0.28999999999999998,0.28999999999999998,0.28999999999999998,0,0.1231
CodeBERT_unfrozen_s2026,TPR_0.005,0.32500000000000001,0.32500000000000001,0.315,0.029999999999999999,0.0147
CodeBERT_unfrozen_s2027,AP,0.13,0.13,0.13,0,0.015800000000000002
CodeBERT_unfrozen_s2027,ROC_AUC,0.20000000000000001,0.20000000000000001,0.20000000000000001,0,0.0121
CodeBERT_unfrozen_s2027,TPR_0.001,0.115,0.115,0.115,0.014999999999999999,0.23085
CodeBERT_unfrozen_s2027,TPR_0.005,0.17000000000000001,0.17000000000000001,0.16,0.059999999999999998,0.035300000000000005
CodeBERT_unfrozen_s2028,AP,0.69499999999999995,0.69499999999999995,0.69499999999999995,0,0.0037000000000000002
CodeBERT_unfrozen_s2028,ROC_AUC,0.63,0.63,0.63,0,0.0042500000000000003
CodeBERT_unfrozen_s2028,TPR_0.001,0.48499999999999999,0.48499999999999999,0.47999999999999998,0.0050000000000000001,0.0906
CodeBERT_unfrozen_s2028,TPR_0.005,0.55000000000000004,0.55000000000000004,0.54000000000000004,0.02,0.0091999999999999998
