model,codebert,objective,cb_weight,maximizing_weights,minimum_maximizer,maximum_maximizer,zero_is_maximizer
CodeBERT_partial_s2026__fusion_ROC_AUC,CodeBERT_partial_s2026,ROC_AUC,0,1,0,0,True
CodeBERT_partial_s2026__fusion_AP,CodeBERT_partial_s2026,AP,0,1,0,0,True
CodeBERT_partial_s2026__fusion_TPR_0.001,CodeBERT_partial_s2026,TPR_0.001,0.01,1,0.01,0.01,False
CodeBERT_partial_s2026__fusion_TPR_0.005,CodeBERT_partial_s2026,TPR_0.005,0.02,1,0.02,0.02,False
CodeBERT_partial_s2027__fusion_ROC_AUC,CodeBERT_partial_s2027,ROC_AUC,0,1,0,0,True
CodeBERT_partial_s2027__fusion_AP,CodeBERT_partial_s2027,AP,0.01,1,0.01,0.01,False
CodeBERT_partial_s2027__fusion_TPR_0.001,CodeBERT_partial_s2027,TPR_0.001,0.050000000000000003,1,0.050000000000000003,0.050000000000000003,False
CodeBERT_partial_s2027__fusion_TPR_0.005,CodeBERT_partial_s2027,TPR_0.005,0,1,0,0,True
CodeBERT_partial_s2028__fusion_ROC_AUC,CodeBERT_partial_s2028,ROC_AUC,0,1,0,0,True
CodeBERT_partial_s2028__fusion_AP,CodeBERT_partial_s2028,AP,0,1,0,0,True
CodeBERT_partial_s2028__fusion_TPR_0.001,CodeBERT_partial_s2028,TPR_0.001,0.01,1,0.01,0.01,False
CodeBERT_partial_s2028__fusion_TPR_0.005,CodeBERT_partial_s2028,TPR_0.005,0,1,0,0,True
CodeBERT_unfrozen_s2026__fusion_ROC_AUC,CodeBERT_unfrozen_s2026,ROC_AUC,0,1,0,0,True
CodeBERT_unfrozen_s2026__fusion_AP,CodeBERT_unfrozen_s2026,AP,0,1,0,0,True
CodeBERT_unfrozen_s2026__fusion_TPR_0.001,CodeBERT_unfrozen_s2026,TPR_0.001,0.01,1,0.01,0.01,False
CodeBERT_unfrozen_s2026__fusion_TPR_0.005,CodeBERT_unfrozen_s2026,TPR_0.005,0.02,1,0.02,0.02,False
CodeBERT_unfrozen_s2027__fusion_ROC_AUC,CodeBERT_unfrozen_s2027,ROC_AUC,0.01,1,0.01,0.01,False
CodeBERT_unfrozen_s2027__fusion_AP,CodeBERT_unfrozen_s2027,AP,0.01,1,0.01,0.01,False
CodeBERT_unfrozen_s2027__fusion_TPR_0.001,CodeBERT_unfrozen_s2027,TPR_0.001,0.02,1,0.02,0.02,False
CodeBERT_unfrozen_s2027__fusion_TPR_0.005,CodeBERT_unfrozen_s2027,TPR_0.005,0.040000000000000001,1,0.040000000000000001,0.040000000000000001,False
CodeBERT_unfrozen_s2028__fusion_ROC_AUC,CodeBERT_unfrozen_s2028,ROC_AUC,0,1,0,0,True
CodeBERT_unfrozen_s2028__fusion_AP,CodeBERT_unfrozen_s2028,AP,0,1,0,0,True
CodeBERT_unfrozen_s2028__fusion_TPR_0.001,CodeBERT_unfrozen_s2028,TPR_0.001,0.01,1,0.01,0.01,False
CodeBERT_unfrozen_s2028__fusion_TPR_0.005,CodeBERT_unfrozen_s2028,TPR_0.005,0.02,1,0.02,0.02,False
