model,component,file_type,repeat,samples,batch_size,forward_batch_size,seconds,ms_per_sample,warmups
LightGBM,numerical_vector_to_margin,Win32,0,256,256,256,0.0029989109607413411,0.011714495940395864,2
LightGBM,numerical_vector_to_margin,Win32,1,256,256,256,0.0027327630668878555,0.010674855730030686,2
LightGBM,numerical_vector_to_margin,Win32,2,256,256,256,0.002627864945679903,0.010265097444062121,2
LightGBM,numerical_vector_to_margin,Win32,3,256,256,256,0.0031107360264286399,0.012151312603236875,2
LightGBM,numerical_vector_to_margin,Win32,4,256,256,256,0.0030777929350733757,0.012022628652630374,2
LightGBM,feature_dictionary_to_margin,Win32,0,256,256,256,0.080181221012026072,0.31320789457822684,2
LightGBM,feature_dictionary_to_margin,Win32,1,256,256,256,0.080119348014704883,0.31296620318244095,2
LightGBM,feature_dictionary_to_margin,Win32,2,256,256,256,0.080176036921329796,0.31318764422394452,2
LightGBM,feature_dictionary_to_margin,Win32,3,256,256,256,0.080291190068237484,0.31363746120405267,2
LightGBM,feature_dictionary_to_margin,Win32,4,256,256,256,0.08007059502415359,0.31277576181309996,2
LightGBM,numerical_vector_to_margin,Win32,0,32,1,1,0.014154877047985792,0.44233990774955601,2
LightGBM,numerical_vector_to_margin,Win32,1,32,1,1,0.0028365090256556869,0.088640907051740214,2
LightGBM,numerical_vector_to_margin,Win32,2,32,1,1,0.0027415789663791656,0.085674342699348927,2
LightGBM,numerical_vector_to_margin,Win32,3,32,1,1,0.0026984899304807186,0.084327810327522457,2
LightGBM,numerical_vector_to_margin,Win32,4,32,1,1,0.0028095640009269118,0.087798875028965995,2
LightGBM,feature_dictionary_to_margin,Win32,0,32,1,1,0.036876703961752355,1.1523969988047611,2
LightGBM,feature_dictionary_to_margin,Win32,1,32,1,1,0.036536186002194881,1.14175581256859,2
LightGBM,feature_dictionary_to_margin,Win32,2,32,1,1,0.041990495985373855,1.312202999542933,2
LightGBM,feature_dictionary_to_margin,Win32,3,32,1,1,0.037413704907521605,1.1691782783600502,2
LightGBM,feature_dictionary_to_margin,Win32,4,32,1,1,0.037243285914883018,1.1638526848400943,2
LightGBM,numerical_vector_to_margin,Win64,0,256,256,256,0.0023904050467535853,0.0093375197138811927,2
LightGBM,numerical_vector_to_margin,Win64,1,256,256,256,0.002531382953748107,0.0098882146630785428,2
LightGBM,numerical_vector_to_margin,Win64,2,256,256,256,0.0024366460274904966,0.0095181485448847525,2
LightGBM,numerical_vector_to_margin,Win64,3,256,256,256,0.0026362009812146425,0.010297660082869697,2
LightGBM,numerical_vector_to_margin,Win64,4,256,256,256,0.0023785170633345842,0.0092910822786507197,2
LightGBM,feature_dictionary_to_margin,Win64,0,256,256,256,0.082883903058245778,0.32376524632127257,2
LightGBM,feature_dictionary_to_margin,Win64,1,256,256,256,0.083004145068116486,0.32423494167233002,2
LightGBM,feature_dictionary_to_margin,Win64,2,256,256,256,0.083441255963407457,0.32594240610706038,2
LightGBM,feature_dictionary_to_margin,Win64,3,256,256,256,0.082721148966811597,0.3231294881516078,2
LightGBM,feature_dictionary_to_margin,Win64,4,256,256,256,0.083221748005598783,0.32508495314687025,2
LightGBM,numerical_vector_to_margin,Win64,0,32,1,1,0.015276686986908317,0.47739646834088489,2
LightGBM,numerical_vector_to_margin,Win64,1,32,1,1,0.0029559019021689892,0.092371934442780912,2
LightGBM,numerical_vector_to_margin,Win64,2,32,1,1,0.0027459620032459497,0.08581131260143593,2
LightGBM,numerical_vector_to_margin,Win64,3,32,1,1,0.0027626031078398228,0.086331347119994462,2
LightGBM,numerical_vector_to_margin,Win64,4,32,1,1,0.0027556749992072582,0.08611484372522682,2
LightGBM,feature_dictionary_to_margin,Win64,0,32,1,1,0.035624908981844783,1.1132784056826495,2
LightGBM,feature_dictionary_to_margin,Win64,1,32,1,1,0.038901487947441638,1.2156714983575512,2
LightGBM,feature_dictionary_to_margin,Win64,2,32,1,1,0.040762092918157578,1.2738154036924243,2
LightGBM,feature_dictionary_to_margin,Win64,3,32,1,1,0.031755391974002123,0.99235599918756634,2
LightGBM,feature_dictionary_to_margin,Win64,4,32,1,1,0.036388681037351489,1.137146282417234,2
LightGBM,numerical_vector_to_margin,Dot_Net,0,256,256,256,0.0028398840222507715,0.011093296961917076,2
LightGBM,numerical_vector_to_margin,Dot_Net,1,256,256,256,0.0029701109742745757,0.011601995993260061,2
LightGBM,numerical_vector_to_margin,Dot_Net,2,256,256,256,0.0028419960290193558,0.011101546988356858,2
LightGBM,numerical_vector_to_margin,Dot_Net,3,256,256,256,0.0028274849755689502,0.011044863185816212,2
LightGBM,numerical_vector_to_margin,Dot_Net,4,256,256,256,0.00265080900862813,0.010354722689953633,2
LightGBM,feature_dictionary_to_margin,Dot_Net,0,256,256,256,0.056291199987754226,0.21988749995216494,2
LightGBM,feature_dictionary_to_margin,Dot_Net,1,256,256,256,0.056017611059360206,0.21881879320062581,2
LightGBM,feature_dictionary_to_margin,Dot_Net,2,256,256,256,0.056204190012067556,0.21954761723463889,2
LightGBM,feature_dictionary_to_margin,Dot_Net,3,256,256,256,0.055816792068071663,0.21803434401590494,2
LightGBM,feature_dictionary_to_margin,Dot_Net,4,256,256,256,0.055809607962146401,0.21800628110213438,2
LightGBM,numerical_vector_to_margin,Dot_Net,0,32,1,1,0.017081722966395319,0.5338038426998537,2
LightGBM,numerical_vector_to_margin,Dot_Net,1,32,1,1,0.0035168549511581659,0.10990171722369269,2
LightGBM,numerical_vector_to_margin,Dot_Net,2,32,1,1,0.0026919939555227757,0.084124811110086739,2
LightGBM,numerical_vector_to_margin,Dot_Net,3,32,1,1,0.0026692580431699753,0.083414313849061728,2
LightGBM,numerical_vector_to_margin,Dot_Net,4,32,1,1,0.0026260250015184283,0.082063281297450885,2
LightGBM,feature_dictionary_to_margin,Dot_Net,0,32,1,1,0.028977253008633852,0.90553915651980788,2
LightGBM,feature_dictionary_to_margin,Dot_Net,1,32,1,1,0.027920388034544885,0.87251212607952766,2
LightGBM,feature_dictionary_to_margin,Dot_Net,2,32,1,1,0.035373385064303875,1.1054182832594961,2
LightGBM,feature_dictionary_to_margin,Dot_Net,3,32,1,1,0.027465244987979531,0.85828890587436035,2
LightGBM,feature_dictionary_to_margin,Dot_Net,4,32,1,1,0.027227402082644403,0.85085631508263759,2
TFIDF_full,serialized_text_to_margin,Win32,0,256,256,256,0.1075312610482797,0.42004398846984259,2
TFIDF_full,serialized_text_to_margin,Win32,1,256,256,256,0.10800641006790102,0.42190003932773834,2
TFIDF_full,serialized_text_to_margin,Win32,2,256,256,256,0.10684040002524853,0.41734531259862706,2
TFIDF_full,serialized_text_to_margin,Win32,3,256,256,256,0.10721450997516513,0.41880667959048878,2
TFIDF_full,serialized_text_to_margin,Win32,4,256,256,256,0.10804145003203303,0.42203691418762901,2
TFIDF_full,feature_dictionary_to_margin,Win32,0,256,256,256,0.13419617200270295,0.5242037968855584,2
TFIDF_full,feature_dictionary_to_margin,Win32,1,256,256,256,0.13425516407005489,0.52443423464865191,2
TFIDF_full,feature_dictionary_to_margin,Win32,2,256,256,256,0.13590794091578573,0.53089039420228801,2
TFIDF_full,feature_dictionary_to_margin,Win32,3,256,256,256,0.13492639397736639,0.52705622647408745,2
TFIDF_full,feature_dictionary_to_margin,Win32,4,256,256,256,0.13578000606503338,0.53039064869153663,2
TFIDF_full,serialized_text_to_margin,Win32,0,32,1,1,0.023830824997276068,0.74471328116487712,2
TFIDF_full,serialized_text_to_margin,Win32,1,32,1,1,0.020991093013435602,0.65597165666986257,2
TFIDF_full,serialized_text_to_margin,Win32,2,32,1,1,0.020004938007332385,0.62515431272913702,2
TFIDF_full,serialized_text_to_margin,Win32,3,32,1,1,0.019347116001881659,0.60459737505880184,2
TFIDF_full,serialized_text_to_margin,Win32,4,32,1,1,0.018871246953494847,0.58972646729671396,2
TFIDF_full,feature_dictionary_to_margin,Win32,0,32,1,1,0.021990305045619607,0.68719703267561272,2
TFIDF_full,feature_dictionary_to_margin,Win32,1,32,1,1,0.022460335050709546,0.7018854703346733,2
TFIDF_full,feature_dictionary_to_margin,Win32,2,32,1,1,0.021571618970483541,0.67411309282761067,2
TFIDF_full,feature_dictionary_to_margin,Win32,3,32,1,1,0.020970516954548657,0.65532865482964553,2
TFIDF_full,feature_dictionary_to_margin,Win32,4,32,1,1,0.020993878017179668,0.65605868803686462,2
TFIDF_full,serialized_text_to_margin,Win64,0,256,256,256,0.14919004798866808,0.5827736249557347,2
TFIDF_full,serialized_text_to_margin,Win64,1,256,256,256,0.15031274710781872,0.58715916838991689,2
TFIDF_full,serialized_text_to_margin,Win64,2,256,256,256,0.14890672301407903,0.58166688677374623,2
TFIDF_full,serialized_text_to_margin,Win64,3,256,256,256,0.14938462700229138,0.58353369922770071,2
TFIDF_full,serialized_text_to_margin,Win64,4,256,256,256,0.14949163503479213,0.58395169935465674,2
TFIDF_full,feature_dictionary_to_margin,Win64,0,256,256,256,0.18074690899811685,0.70604261327389395,2
TFIDF_full,feature_dictionary_to_margin,Win64,1,256,256,256,0.18048691400326788,0.70502700782526517,2
TFIDF_full,feature_dictionary_to_margin,Win64,2,256,256,256,0.17893228202592582,0.69895422666377272,2
TFIDF_full,feature_dictionary_to_margin,Win64,3,256,256,256,0.17916864901781082,0.69987753522582352,2
TFIDF_full,feature_dictionary_to_margin,Win64,4,256,256,256,0.17938871204387397,0.70073715642138268,2
TFIDF_full,serialized_text_to_margin,Win64,0,32,1,1,0.028574006981216371,0.8929377181630116,2
TFIDF_full,serialized_text_to_margin,Win64,1,32,1,1,0.024194745114073157,0.75608578481478617,2
TFIDF_full,serialized_text_to_margin,Win64,2,32,1,1,0.023999323020689189,0.74997884439653717,2
TFIDF_full,serialized_text_to_margin,Win64,3,32,1,1,0.023198876995593309,0.72496490611229092,2
TFIDF_full,serialized_text_to_margin,Win64,4,32,1,1,0.022653215914033353,0.70791299731354229,2
TFIDF_full,feature_dictionary_to_margin,Win64,0,32,1,1,0.026334544061683118,0.82295450192759745,2
TFIDF_full,feature_dictionary_to_margin,Win64,1,32,1,1,0.026133778039366007,0.81668056373018771,2
TFIDF_full,feature_dictionary_to_margin,Win64,2,32,1,1,0.026274575968272984,0.82108049900853075,2
TFIDF_full,feature_dictionary_to_margin,Win64,3,32,1,1,0.025144806015305221,0.78577518797828816,2
TFIDF_full,feature_dictionary_to_margin,Win64,4,32,1,1,0.024829990928992629,0.77593721653101966,2
TFIDF_full,serialized_text_to_margin,Dot_Net,0,256,256,256,0.016044268035329878,0.062672922013007337,2
TFIDF_full,serialized_text_to_margin,Dot_Net,1,256,256,256,0.017216503969393671,0.067251968630444026,2
TFIDF_full,serialized_text_to_margin,Dot_Net,2,256,256,256,0.016670698067173362,0.065119914324895944,2
TFIDF_full,serialized_text_to_margin,Dot_Net,3,256,256,256,0.015991403954103589,0.062466421695717145,2
TFIDF_full,serialized_text_to_margin,Dot_Net,4,256,256,256,0.016009389073587954,0.062536676068702945,2
TFIDF_full,feature_dictionary_to_margin,Dot_Net,0,256,256,256,0.024833110976032913,0.097004339750128565,2
TFIDF_full,feature_dictionary_to_margin,Dot_Net,1,256,256,256,0.024439736967906356,0.095467722530884203,2
TFIDF_full,feature_dictionary_to_margin,Dot_Net,2,256,256,256,0.024196170968934894,0.094516292847401928,2
TFIDF_full,feature_dictionary_to_margin,Dot_Net,3,256,256,256,0.024215337936766446,0.094591163815493928,2
TFIDF_full,feature_dictionary_to_margin,Dot_Net,4,256,256,256,0.024949015001766384,0.097457089850649936,2
TFIDF_full,serialized_text_to_margin,Dot_Net,0,32,1,1,0.0071415220154449344,0.2231725629826542,2
TFIDF_full,serialized_text_to_margin,Dot_Net,1,32,1,1,0.0063714289572089911,0.19910715491278097,2
TFIDF_full,serialized_text_to_margin,Dot_Net,2,32,1,1,0.0062805810011923313,0.19626815628726035,2
TFIDF_full,serialized_text_to_margin,Dot_Net,3,32,1,1,0.0065018769819289446,0.20318365568527952,2
TFIDF_full,serialized_text_to_margin,Dot_Net,4,32,1,1,0.0061832859646528959,0.193227686395403,2
TFIDF_full,feature_dictionary_to_margin,Dot_Net,0,32,1,1,0.0064216050086542964,0.20067515652044676,2
TFIDF_full,feature_dictionary_to_margin,Dot_Net,1,32,1,1,0.0060541339917108417,0.1891916872409638,2
TFIDF_full,feature_dictionary_to_margin,Dot_Net,2,32,1,1,0.00604127102997154,0.18878971968661062,2
TFIDF_full,feature_dictionary_to_margin,Dot_Net,3,32,1,1,0.0060403100214898586,0.18875968817155808,2
TFIDF_full,feature_dictionary_to_margin,Dot_Net,4,32,1,1,0.0060702949995175004,0.18969671873492189,2
TFIDF_full,tfidf_vector_to_margin,Win32,0,256,256,256,0.00017420703079551458,0.00068049621404497884,2
TFIDF_full,tfidf_vector_to_margin,Win32,1,256,256,256,0.00014396803453564644,0.0005623751349048689,2
TFIDF_full,tfidf_vector_to_margin,Win32,2,256,256,256,0.00013825495261698961,0.00054005840866011567,2
TFIDF_full,tfidf_vector_to_margin,Win32,3,256,256,256,0.00013711897190660238,0.00053562098401016556,2
TFIDF_full,tfidf_vector_to_margin,Win32,4,256,256,256,0.00013414397835731506,0.00052399991545826197,2
TFIDF_full,tfidf_vector_to_margin,Win64,0,256,256,256,0.00018292700406163931,0.00071455860961577855,2
TFIDF_full,tfidf_vector_to_margin,Win64,1,256,256,256,0.00027867092285305262,0.0010885582923947368,2
TFIDF_full,tfidf_vector_to_margin,Win64,2,256,256,256,0.0002065589651465416,0.00080687095760367811,2
TFIDF_full,tfidf_vector_to_margin,Win64,3,256,256,256,0.00020011106971651316,0.00078168386608012952,2
TFIDF_full,tfidf_vector_to_margin,Win64,4,256,256,256,0.00016711908392608166,0.00065280892158625647,2
TFIDF_full,tfidf_vector_to_margin,Dot_Net,0,256,256,256,6.409594789147377e-05,0.00025037479645106941,2
TFIDF_full,tfidf_vector_to_margin,Dot_Net,1,256,256,256,6.6142994910478592e-05,0.000258371073869057,2
TFIDF_full,tfidf_vector_to_margin,Dot_Net,2,256,256,256,6.068800576031208e-05,0.00023706252250121906,2
TFIDF_full,tfidf_vector_to_margin,Dot_Net,3,256,256,256,6.406405009329319e-05,0.00025025019567692652,2
TFIDF_full,tfidf_vector_to_margin,Dot_Net,4,256,256,256,6.0047954320907593e-05,0.00023456232156604528,2
TFIDF_prefix,serialized_text_to_margin,Win32,0,256,256,256,0.67084427701774985,2.6204854571005853,2
TFIDF_prefix,serialized_text_to_margin,Win32,1,256,256,256,0.99504716705996543,3.88690299632799,2
TFIDF_prefix,serialized_text_to_margin,Win32,2,256,256,256,0.67415328999049962,2.6334112890253891,2
TFIDF_prefix,serialized_text_to_margin,Win32,3,256,256,256,0.67584457504563034,2.6400178712719935,2
TFIDF_prefix,serialized_text_to_margin,Win32,4,256,256,256,0.67226371099241078,2.6260301210641046,2
TFIDF_prefix,feature_dictionary_to_margin,Win32,0,256,256,256,0.70425099798012525,2.7509804608598643,2
TFIDF_prefix,feature_dictionary_to_margin,Win32,1,256,256,256,0.70320403692312539,2.7468907692309585,2
TFIDF_prefix,feature_dictionary_to_margin,Win32,2,256,256,256,0.70202686300035566,2.7422924335951393,2
TFIDF_prefix,feature_dictionary_to_margin,Win32,3,256,256,256,0.70441221294458956,2.751610206814803,2
TFIDF_prefix,feature_dictionary_to_margin,Win32,4,256,256,256,0.70375274005346,2.7490341408338281,2
TFIDF_prefix,serialized_text_to_margin,Win32,0,32,1,1,0.15390592906624079,4.8095602833200246,2
TFIDF_prefix,serialized_text_to_margin,Win32,1,32,1,1,0.14917047903873026,4.6615774699603207,2
TFIDF_prefix,serialized_text_to_margin,Win32,2,32,1,1,0.14842358604073524,4.6382370637729764,2
TFIDF_prefix,serialized_text_to_margin,Win32,3,32,1,1,0.14760661101900041,4.6127065943437628,2
TFIDF_prefix,serialized_text_to_margin,Win32,4,32,1,1,0.14817725005559623,4.6305390642373823,2
TFIDF_prefix,feature_dictionary_to_margin,Win32,0,32,1,1,0.1513757110806182,4.7304909712693188,2
TFIDF_prefix,feature_dictionary_to_margin,Win32,1,32,1,1,0.15042183990590274,4.7006824970594607,2
TFIDF_prefix,feature_dictionary_to_margin,Win32,2,32,1,1,0.15055172797292471,4.7047414991538972,2
TFIDF_prefix,feature_dictionary_to_margin,Win32,3,32,1,1,0.15196150401607156,4.7487970005022362,2
TFIDF_prefix,feature_dictionary_to_margin,Win32,4,32,1,1,0.15091617894358933,4.7161305919871666,2
TFIDF_prefix,serialized_text_to_margin,Win64,0,256,256,256,0.88261431595310569,3.4477121716918191,2
TFIDF_prefix,serialized_text_to_margin,Win64,1,256,256,256,0.88347103702835739,3.451058738392021,2
TFIDF_prefix,serialized_text_to_margin,Win64,2,256,256,256,0.88232830096967518,3.4465949256627937,2
TFIDF_prefix,serialized_text_to_margin,Win64,3,256,256,256,0.8802380939014256,3.4384300543024438,2
TFIDF_prefix,serialized_text_to_margin,Win64,4,256,256,256,0.8834570039762184,3.4510039217821031,2
TFIDF_prefix,feature_dictionary_to_margin,Win64,0,256,256,256,0.91128029394894838,3.5596886482380796,2
TFIDF_prefix,feature_dictionary_to_margin,Win64,1,256,256,256,0.91901029099244624,3.5898839491892431,2
TFIDF_prefix,feature_dictionary_to_margin,Win64,2,256,256,256,0.91775952407624573,3.5849981409228349,2
TFIDF_prefix,feature_dictionary_to_margin,Win64,3,256,256,256,0.91225229797419161,3.563485538961686,2
TFIDF_prefix,feature_dictionary_to_margin,Win64,4,256,256,256,0.91721344797406346,3.5828650311486854,2
TFIDF_prefix,serialized_text_to_margin,Win64,0,32,1,1,0.18783272197470069,5.8697725617093965,2
TFIDF_prefix,serialized_text_to_margin,Win64,1,32,1,1,0.1823386789765209,5.698083718016278,2
TFIDF_prefix,serialized_text_to_margin,Win64,2,32,1,1,0.18247588200028986,5.702371312509058,2
TFIDF_prefix,serialized_text_to_margin,Win64,3,32,1,1,0.18131849099881947,5.6662028437131085,2
TFIDF_prefix,serialized_text_to_margin,Win64,4,32,1,1,0.1817373390076682,5.6792918439896312,2
TFIDF_prefix,feature_dictionary_to_margin,Win64,0,32,1,1,0.18427580094430596,5.7586187795095611,2
TFIDF_prefix,feature_dictionary_to_margin,Win64,1,32,1,1,0.18449685699306428,5.7655267810332589,2
TFIDF_prefix,feature_dictionary_to_margin,Win64,2,32,1,1,0.18312956392765045,5.7227988727390766,2
TFIDF_prefix,feature_dictionary_to_margin,Win64,3,32,1,1,0.18447519699111581,5.764849905972369,2
TFIDF_prefix,feature_dictionary_to_margin,Win64,4,32,1,1,0.18361354898661375,5.7379234058316797,2
TFIDF_prefix,serialized_text_to_margin,Dot_Net,0,256,256,256,0.2020886120153591,0.7894086406849965,2
TFIDF_prefix,serialized_text_to_margin,Dot_Net,1,256,256,256,0.20245021104346961,0.79082113688855316,2
TFIDF_prefix,serialized_text_to_margin,Dot_Net,2,256,256,256,0.20270194008480757,0.79180445345627959,2
TFIDF_prefix,serialized_text_to_margin,Dot_Net,3,256,256,256,0.20102901593782008,0.78526959350710968,2
TFIDF_prefix,serialized_text_to_margin,Dot_Net,4,256,256,256,0.20145839196629822,0.78694684361835243,2
TFIDF_prefix,feature_dictionary_to_margin,Dot_Net,0,256,256,256,0.21182435296941549,0.82743887878677924,2
TFIDF_prefix,feature_dictionary_to_margin,Dot_Net,1,256,256,256,0.21148576599080116,0.82611627340156701,2
TFIDF_prefix,feature_dictionary_to_margin,Dot_Net,2,256,256,256,0.21063442307058722,0.82279071511948132,2
TFIDF_prefix,feature_dictionary_to_margin,Dot_Net,3,256,256,256,0.21285245299804956,0.83145489452363108,2
TFIDF_prefix,feature_dictionary_to_margin,Dot_Net,4,256,256,256,0.21098706196062267,0.8241682107836823,2
TFIDF_prefix,serialized_text_to_margin,Dot_Net,0,32,1,1,0.034173017949797213,1.0679068109311629,2
TFIDF_prefix,serialized_text_to_margin,Dot_Net,1,32,1,1,0.032661130069755018,1.0206603146798443,2
TFIDF_prefix,serialized_text_to_margin,Dot_Net,2,32,1,1,0.031241756048984826,0.9763048765307758,2
TFIDF_prefix,serialized_text_to_margin,Dot_Net,3,32,1,1,0.030050476081669331,0.93907737755216658,2
TFIDF_prefix,serialized_text_to_margin,Dot_Net,4,32,1,1,0.03069356398191303,0.95917387443478219,2
TFIDF_prefix,feature_dictionary_to_margin,Dot_Net,0,32,1,1,0.029973596916534007,0.93667490364168771,2
TFIDF_prefix,feature_dictionary_to_margin,Dot_Net,1,32,1,1,0.02938065305352211,0.91814540792256594,2
TFIDF_prefix,feature_dictionary_to_margin,Dot_Net,2,32,1,1,0.029846732970327139,0.93271040532272309,2
TFIDF_prefix,feature_dictionary_to_margin,Dot_Net,3,32,1,1,0.029852317064069211,0.93288490825216286,2
TFIDF_prefix,feature_dictionary_to_margin,Dot_Net,4,32,1,1,0.029320125933736563,0.91625393542926759,2
TFIDF_prefix,tfidf_vector_to_margin,Win32,0,256,256,256,6.2847975641489029e-05,0.00024549990484956652,2
TFIDF_prefix,tfidf_vector_to_margin,Win32,1,256,256,256,5.9520010836422443e-05,0.00023250004232977517,2
TFIDF_prefix,tfidf_vector_to_margin,Win32,2,256,256,256,5.9679965488612652e-05,0.00023312486518989317,2
TFIDF_prefix,tfidf_vector_to_margin,Win32,3,256,256,256,5.6686927564442158e-05,0.00022143331079860218,2
TFIDF_prefix,tfidf_vector_to_margin,Win32,4,256,256,256,5.5935932323336601e-05,0.0002184997356380336,2
TFIDF_prefix,tfidf_vector_to_margin,Win64,0,256,256,256,6.1264028772711754e-05,0.00023931261239340529,2
TFIDF_prefix,tfidf_vector_to_margin,Win64,1,256,256,256,6.0096033848822117e-05,0.00023475013222196139,2
TFIDF_prefix,tfidf_vector_to_margin,Win64,2,256,256,256,5.6896009482443333e-05,0.00022225003704079427,2
TFIDF_prefix,tfidf_vector_to_margin,Win64,3,256,256,256,5.5711949244141579e-05,0.00021762480173492804,2
TFIDF_prefix,tfidf_vector_to_margin,Win64,4,256,256,256,5.91999851167202e-05,0.00023124994186218828,2
TFIDF_prefix,tfidf_vector_to_margin,Dot_Net,0,256,256,256,5.8111967518925667e-05,0.00022699987312080339,2
TFIDF_prefix,tfidf_vector_to_margin,Dot_Net,1,256,256,256,5.5055948905646801e-05,0.00021506230041268282,2
TFIDF_prefix,tfidf_vector_to_margin,Dot_Net,2,256,256,256,5.3839990869164467e-05,0.0002103124643326737,2
TFIDF_prefix,tfidf_vector_to_margin,Dot_Net,3,256,256,256,5.3168041631579399e-05,0.00020768766262335703,2
TFIDF_prefix,tfidf_vector_to_margin,Dot_Net,4,256,256,256,5.3616007789969444e-05,0.00020943753042956814,2
TFIDF_bpe_prefix,serialized_text_to_margin,Win32,0,256,256,256,0.69539072690531611,2.7163700269738911,2
TFIDF_bpe_prefix,serialized_text_to_margin,Win32,1,256,256,256,0.69789170497097075,2.7261394725428545,2
TFIDF_bpe_prefix,serialized_text_to_margin,Win32,2,256,256,256,0.69728469802066684,2.7237683516432298,2
TFIDF_bpe_prefix,serialized_text_to_margin,Win32,3,256,256,256,0.69300063699483871,2.7070337382610887,2
TFIDF_bpe_prefix,serialized_text_to_margin,Win32,4,256,256,256,0.69354274100624025,2.709151332055626,2
TFIDF_bpe_prefix,feature_dictionary_to_margin,Win32,0,256,256,256,0.72047842293977737,2.8143688396085054,2
TFIDF_bpe_prefix,feature_dictionary_to_margin,Win32,1,256,256,256,0.72460543899796903,2.8304899960858165,2
TFIDF_bpe_prefix,feature_dictionary_to_margin,Win32,2,256,256,256,0.72149907902348787,2.8183557774354995,2
TFIDF_bpe_prefix,feature_dictionary_to_margin,Win32,3,256,256,256,0.72099405794870108,2.8163830388621136,2
TFIDF_bpe_prefix,feature_dictionary_to_margin,Win32,4,256,256,256,0.72338127391412854,2.8257081012270646,2
TFIDF_bpe_prefix,serialized_text_to_margin,Win32,0,32,1,1,0.15715656091924757,4.9111425287264865,2
TFIDF_bpe_prefix,serialized_text_to_margin,Win32,1,32,1,1,0.1508156560594216,4.712989251856925,2
TFIDF_bpe_prefix,serialized_text_to_margin,Win32,2,32,1,1,0.15200269990600646,4.7500843720627017,2
TFIDF_bpe_prefix,serialized_text_to_margin,Win32,3,32,1,1,0.15185092494357377,4.7453414044866804,2
TFIDF_bpe_prefix,serialized_text_to_margin,Win32,4,32,1,1,0.15188978798687458,4.7465558745898306,2
TFIDF_bpe_prefix,feature_dictionary_to_margin,Win32,0,32,1,1,0.15413223009090871,4.8166321903408971,2
TFIDF_bpe_prefix,feature_dictionary_to_margin,Win32,1,32,1,1,0.15355085104238242,4.7984640950744506,2
TFIDF_bpe_prefix,feature_dictionary_to_margin,Win32,2,32,1,1,0.15416043903678656,4.8175137198995799,2
TFIDF_bpe_prefix,feature_dictionary_to_margin,Win32,3,32,1,1,0.15280939301010221,4.7752935315656941,2
TFIDF_bpe_prefix,feature_dictionary_to_margin,Win32,4,32,1,1,0.15410728694405407,4.8158527170016896,2
TFIDF_bpe_prefix,serialized_text_to_margin,Win64,0,256,256,256,0.89686442608945072,3.5033766644119169,2
TFIDF_bpe_prefix,serialized_text_to_margin,Win64,1,256,256,256,0.89626508904621005,3.501035504086758,2
TFIDF_bpe_prefix,serialized_text_to_margin,Win64,2,256,256,256,0.89846867392770946,3.5096432575301151,2
TFIDF_bpe_prefix,serialized_text_to_margin,Win64,3,256,256,256,0.89665606711059809,3.5025627621507738,2
TFIDF_bpe_prefix,serialized_text_to_margin,Win64,4,256,256,256,0.89971338491886854,3.5145054098393302,2
TFIDF_bpe_prefix,feature_dictionary_to_margin,Win64,0,256,256,256,0.93460921198129654,3.6508172343019396,2
TFIDF_bpe_prefix,feature_dictionary_to_margin,Win64,1,256,256,256,0.9402834220090881,3.6729821172230004,2
TFIDF_bpe_prefix,feature_dictionary_to_margin,Win64,2,256,256,256,0.93264946190174669,3.643161960553698,2
TFIDF_bpe_prefix,feature_dictionary_to_margin,Win64,3,256,256,256,0.92943187197670341,3.6305932499089977,2
TFIDF_bpe_prefix,feature_dictionary_to_margin,Win64,4,256,256,256,0.93233030999545008,3.6419152734197269,2
TFIDF_bpe_prefix,serialized_text_to_margin,Win64,0,32,1,1,0.19237525796052068,6.0117268112662714,2
TFIDF_bpe_prefix,serialized_text_to_margin,Win64,1,32,1,1,0.18529537098947912,5.7904803434212226,2
TFIDF_bpe_prefix,serialized_text_to_margin,Win64,2,32,1,1,0.18269751907791942,5.709297471184982,2
TFIDF_bpe_prefix,serialized_text_to_margin,Win64,3,32,1,1,0.18380142794921994,5.7437946234131232,2
TFIDF_bpe_prefix,serialized_text_to_margin,Win64,4,32,1,1,0.18312451301608235,5.7226410317525733,2
TFIDF_bpe_prefix,feature_dictionary_to_margin,Win64,0,32,1,1,0.18652203399688005,5.8288135624025017,2
TFIDF_bpe_prefix,feature_dictionary_to_margin,Win64,1,32,1,1,0.18557406205218285,5.7991894391307142,2
TFIDF_bpe_prefix,feature_dictionary_to_margin,Win64,2,32,1,1,0.18524215591605753,5.7888173723767977,2
TFIDF_bpe_prefix,feature_dictionary_to_margin,Win64,3,32,1,1,0.1850616920273751,5.7831778758554719,2
TFIDF_bpe_prefix,feature_dictionary_to_margin,Win64,4,32,1,1,0.18522708397358656,5.78834637417458,2
TFIDF_bpe_prefix,serialized_text_to_margin,Dot_Net,0,256,256,256,0.22776799800340086,0.88971874220078462,2
TFIDF_bpe_prefix,serialized_text_to_margin,Dot_Net,1,256,256,256,0.2285891710780561,0.89292644952365663,2
TFIDF_bpe_prefix,serialized_text_to_margin,Dot_Net,2,256,256,256,0.22836448193993419,0.89204875757786795,2
TFIDF_bpe_prefix,serialized_text_to_margin,Dot_Net,3,256,256,256,0.22840782604180276,0.89221807047579205,2
TFIDF_bpe_prefix,serialized_text_to_margin,Dot_Net,4,256,256,256,0.22792911995202303,0.89034812481258996,2
TFIDF_bpe_prefix,feature_dictionary_to_margin,Dot_Net,0,256,256,256,0.23704029899090528,0.92593866793322377,2
TFIDF_bpe_prefix,feature_dictionary_to_margin,Dot_Net,1,256,256,256,0.23803607991430908,0.92982843716526986,2
TFIDF_bpe_prefix,feature_dictionary_to_margin,Dot_Net,2,256,256,256,0.23825757100712508,0.93069363674658234,2
TFIDF_bpe_prefix,feature_dictionary_to_margin,Dot_Net,3,256,256,256,0.23801808198913932,0.92975813277007546,2
TFIDF_bpe_prefix,feature_dictionary_to_margin,Dot_Net,4,256,256,256,0.23716362996492535,0.92642042955048964,2
TFIDF_bpe_prefix,serialized_text_to_margin,Dot_Net,0,32,1,1,0.040532423066906631,1.2666382208408322,2
TFIDF_bpe_prefix,serialized_text_to_margin,Dot_Net,1,32,1,1,0.036614452954381704,1.1442016548244283,2
TFIDF_bpe_prefix,serialized_text_to_margin,Dot_Net,2,32,1,1,0.034978686016984284,1.0930839380307589,2
TFIDF_bpe_prefix,serialized_text_to_margin,Dot_Net,3,32,1,1,0.033291494008153677,1.0403591877548024,2
TFIDF_bpe_prefix,serialized_text_to_margin,Dot_Net,4,32,1,1,0.033458710997365415,1.0455847186676692,2
TFIDF_bpe_prefix,feature_dictionary_to_margin,Dot_Net,0,32,1,1,0.033807001076638699,1.0564687836449593,2
TFIDF_bpe_prefix,feature_dictionary_to_margin,Dot_Net,1,32,1,1,0.033207013970240951,1.0377191865700297,2
TFIDF_bpe_prefix,feature_dictionary_to_margin,Dot_Net,2,32,1,1,0.034871053998358548,1.0897204374487046,2
TFIDF_bpe_prefix,feature_dictionary_to_margin,Dot_Net,3,32,1,1,0.037004422978498042,1.1563882180780638,2
TFIDF_bpe_prefix,feature_dictionary_to_margin,Dot_Net,4,32,1,1,0.036395235918462276,1.1373511224519461,2
TFIDF_bpe_prefix,tfidf_vector_to_margin,Win32,0,256,256,256,0.00010420894250273705,0.00040706618165131658,2
TFIDF_bpe_prefix,tfidf_vector_to_margin,Win32,1,256,256,256,0.00010092800948768854,0.00039425003706128336,2
TFIDF_bpe_prefix,tfidf_vector_to_margin,Win32,2,256,256,256,9.8528922535479069e-05,0.00038487860365421511,2
TFIDF_bpe_prefix,tfidf_vector_to_margin,Win32,3,256,256,256,9.7743934020400047e-05,0.00038181224226718768,2
TFIDF_bpe_prefix,tfidf_vector_to_margin,Win32,4,256,256,256,9.6193049103021622e-05,0.00037575409805867821,2
TFIDF_bpe_prefix,tfidf_vector_to_margin,Win64,0,256,256,256,0.00010987301357090473,0.00042919145926134661,2
TFIDF_bpe_prefix,tfidf_vector_to_margin,Win64,1,256,256,256,0.0001047520199790597,0.00040918757804320194,2
TFIDF_bpe_prefix,tfidf_vector_to_margin,Win64,2,256,256,256,0.00010249705519527197,0.00040037912185653113,2
TFIDF_bpe_prefix,tfidf_vector_to_margin,Win64,3,256,256,256,0.00010196806397289038,0.00039831274989410304,2
TFIDF_bpe_prefix,tfidf_vector_to_margin,Win64,4,256,256,256,0.00010057701729238033,0.00039287897379836068,2
TFIDF_bpe_prefix,tfidf_vector_to_margin,Dot_Net,0,256,256,256,0.00011342403013259172,0.00044306261770543642,2
TFIDF_bpe_prefix,tfidf_vector_to_margin,Dot_Net,1,256,256,256,0.00011017697397619486,0.00043037880459451117,2
TFIDF_bpe_prefix,tfidf_vector_to_margin,Dot_Net,2,256,256,256,0.00010894401930272579,0.00042556257540127262,2
TFIDF_bpe_prefix,tfidf_vector_to_margin,Dot_Net,3,256,256,256,0.00010720104910433292,0.00041875409806380048,2
TFIDF_bpe_prefix,tfidf_vector_to_margin,Dot_Net,4,256,256,256,0.00010695995297282934,0.00041781231630011462,2
CodeBERT_partial_s2026,token_tensor_to_margin_FP32,Win32,0,256,256,64,8.8397402199916542,34.530235234342399,2
CodeBERT_partial_s2026,token_tensor_to_margin_FP32,Win32,1,256,256,64,8.8218682608567178,34.460422893971554,2
CodeBERT_partial_s2026,token_tensor_to_margin_FP32,Win32,2,256,256,64,8.8284427290782332,34.486104410461849,2
CodeBERT_partial_s2026,token_tensor_to_margin_FP32,Win32,3,256,256,64,8.8390292339026928,34.527457944932394,2
CodeBERT_partial_s2026,token_tensor_to_margin_FP32,Win32,4,256,256,64,8.8020274080336094,34.382919562631287,2
CodeBERT_partial_s2026,serialized_text_to_margin_FP32,Win32,0,256,256,64,9.4604250008706003,36.954785159650783,2
CodeBERT_partial_s2026,serialized_text_to_margin_FP32,Win32,1,256,256,64,9.4482639061752707,36.907280883497151,2
CodeBERT_partial_s2026,serialized_text_to_margin_FP32,Win32,2,256,256,64,9.4304418989922851,36.837663667938614,2
CodeBERT_partial_s2026,serialized_text_to_margin_FP32,Win32,3,256,256,64,9.44715272821486,36.902940344589297,2
CodeBERT_partial_s2026,serialized_text_to_margin_FP32,Win32,4,256,256,64,9.4417836079373956,36.881967218505451,2
CodeBERT_partial_s2026,feature_dictionary_to_margin_FP32,Win32,0,256,256,64,9.4730913159437478,37.004262952905265,2
CodeBERT_partial_s2026,feature_dictionary_to_margin_FP32,Win32,1,256,256,64,9.4782620470505208,37.024461121291097,2
CodeBERT_partial_s2026,feature_dictionary_to_margin_FP32,Win32,2,256,256,64,9.4533737611491233,36.927241254488763,2
CodeBERT_partial_s2026,feature_dictionary_to_margin_FP32,Win32,3,256,256,64,9.4795113790314645,37.029341324341658,2
CodeBERT_partial_s2026,feature_dictionary_to_margin_FP32,Win32,4,256,256,64,9.4621819201856852,36.961648125725333,2
CodeBERT_partial_s2026,token_tensor_to_margin_FP32,Win32,0,32,1,1,1.1165830369573087,34.893219904915895,2
CodeBERT_partial_s2026,token_tensor_to_margin_FP32,Win32,1,32,1,1,1.1145634888671339,34.830109027097933,2
CodeBERT_partial_s2026,token_tensor_to_margin_FP32,Win32,2,32,1,1,1.1049644430167973,34.530138844274916,2
CodeBERT_partial_s2026,token_tensor_to_margin_FP32,Win32,3,32,1,1,1.0939361248165369,34.185503900516778,2
CodeBERT_partial_s2026,token_tensor_to_margin_FP32,Win32,4,32,1,1,1.1056006720755249,34.550021002360154,2
CodeBERT_partial_s2026,serialized_text_to_margin_FP32,Win32,0,32,1,1,1.3017307890113443,40.67908715660451,2
CodeBERT_partial_s2026,serialized_text_to_margin_FP32,Win32,1,32,1,1,1.2795266949106008,39.985209215956274,2
CodeBERT_partial_s2026,serialized_text_to_margin_FP32,Win32,2,32,1,1,1.2852920878212899,40.165377744415309,2
CodeBERT_partial_s2026,serialized_text_to_margin_FP32,Win32,3,32,1,1,1.288636394077912,40.269887314934749,2
CodeBERT_partial_s2026,serialized_text_to_margin_FP32,Win32,4,32,1,1,1.2795593030750751,39.986228221096098,2
CodeBERT_partial_s2026,feature_dictionary_to_margin_FP32,Win32,0,32,1,1,1.2912130490876734,40.350407783989795,2
CodeBERT_partial_s2026,feature_dictionary_to_margin_FP32,Win32,1,32,1,1,1.2811666878405958,40.03645899501862,2
CodeBERT_partial_s2026,feature_dictionary_to_margin_FP32,Win32,2,32,1,1,1.289782369043678,40.305699032614939,2
CodeBERT_partial_s2026,feature_dictionary_to_margin_FP32,Win32,3,32,1,1,1.296237814007327,40.507431687728968,2
CodeBERT_partial_s2026,feature_dictionary_to_margin_FP32,Win32,4,32,1,1,1.2920195660553873,40.375611439230852,2
CodeBERT_partial_s2026,token_tensor_to_margin_FP32,Win64,0,256,256,64,8.6495416790712625,33.787272183872119,2
CodeBERT_partial_s2026,token_tensor_to_margin_FP32,Win64,1,256,256,64,8.6556549600791186,33.811152187809057,2
CodeBERT_partial_s2026,token_tensor_to_margin_FP32,Win64,2,256,256,64,8.6359986090101302,33.734369566445821,2
CodeBERT_partial_s2026,token_tensor_to_margin_FP32,Win64,3,256,256,64,8.6244615979958326,33.689303117171221,2
CodeBERT_partial_s2026,token_tensor_to_margin_FP32,Win64,4,256,256,64,8.6497541561257094,33.788102172366052,2
CodeBERT_partial_s2026,serialized_text_to_margin_FP32,Win64,0,256,256,64,9.4552742289379239,36.934664956788765,2
CodeBERT_partial_s2026,serialized_text_to_margin_FP32,Win64,1,256,256,64,9.4574247200507671,36.943065312698309,2
CodeBERT_partial_s2026,serialized_text_to_margin_FP32,Win64,2,256,256,64,9.4585774289444089,36.947568081814097,2
CodeBERT_partial_s2026,serialized_text_to_margin_FP32,Win64,3,256,256,64,9.4520925111137331,36.92223637153802,2
CodeBERT_partial_s2026,serialized_text_to_margin_FP32,Win64,4,256,256,64,9.4672680839430541,36.981515952902555,2
CodeBERT_partial_s2026,feature_dictionary_to_margin_FP32,Win64,0,256,256,64,9.4446600968949497,36.893203503495897,2
CodeBERT_partial_s2026,feature_dictionary_to_margin_FP32,Win64,1,256,256,64,9.492242718115449,37.079073117638472,2
CodeBERT_partial_s2026,feature_dictionary_to_margin_FP32,Win64,2,256,256,64,9.4779985069762915,37.023431667876139,2
CodeBERT_partial_s2026,feature_dictionary_to_margin_FP32,Win64,3,256,256,64,9.4644863030407578,36.97064962125296,2
CodeBERT_partial_s2026,feature_dictionary_to_margin_FP32,Win64,4,256,256,64,9.4853146590758115,37.052010387014889,2
CodeBERT_partial_s2026,token_tensor_to_margin_FP32,Win64,0,32,1,1,1.089478415902704,34.0462004969595,2
CodeBERT_partial_s2026,token_tensor_to_margin_FP32,Win64,1,32,1,1,1.0717025399208069,33.490704372525215,2
CodeBERT_partial_s2026,token_tensor_to_margin_FP32,Win64,2,32,1,1,1.0811491380445659,33.785910563892685,2
CodeBERT_partial_s2026,token_tensor_to_margin_FP32,Win64,3,32,1,1,1.0801014029420912,33.753168841940351,2
CodeBERT_partial_s2026,token_tensor_to_margin_FP32,Win64,4,32,1,1,1.0874164530541748,33.981764157942962,2
CodeBERT_partial_s2026,serialized_text_to_margin_FP32,Win64,0,32,1,1,1.3078234270215034,40.869482094421983,2
CodeBERT_partial_s2026,serialized_text_to_margin_FP32,Win64,1,32,1,1,1.2952710839454085,40.477221373294014,2
CodeBERT_partial_s2026,serialized_text_to_margin_FP32,Win64,2,32,1,1,1.2973185360897332,40.541204252804164,2
CodeBERT_partial_s2026,serialized_text_to_margin_FP32,Win64,3,32,1,1,1.2955583329312503,40.486197904101573,2
CodeBERT_partial_s2026,serialized_text_to_margin_FP32,Win64,4,32,1,1,1.2958369911648333,40.494905973901041,2
CodeBERT_partial_s2026,feature_dictionary_to_margin_FP32,Win64,0,32,1,1,1.2856997500639409,40.178117189498153,2
CodeBERT_partial_s2026,feature_dictionary_to_margin_FP32,Win64,1,32,1,1,1.2842679019086063,40.133371934643947,2
CodeBERT_partial_s2026,feature_dictionary_to_margin_FP32,Win64,2,32,1,1,1.2907071860972792,40.334599565539975,2
CodeBERT_partial_s2026,feature_dictionary_to_margin_FP32,Win64,3,32,1,1,1.2846437119878829,40.145115999621339,2
CodeBERT_partial_s2026,feature_dictionary_to_margin_FP32,Win64,4,32,1,1,1.2972059429157525,40.537685716117267,2
CodeBERT_partial_s2026,token_tensor_to_margin_FP32,Dot_Net,0,256,256,64,8.8104196838103235,34.415701889884076,2
CodeBERT_partial_s2026,token_tensor_to_margin_FP32,Dot_Net,1,256,256,64,8.8042430081404746,34.391574250548729,2
CodeBERT_partial_s2026,token_tensor_to_margin_FP32,Dot_Net,2,256,256,64,8.8261300278827548,34.477070421417011,2
CodeBERT_partial_s2026,token_tensor_to_margin_FP32,Dot_Net,3,256,256,64,8.800963276065886,34.378762797132367,2
CodeBERT_partial_s2026,token_tensor_to_margin_FP32,Dot_Net,4,256,256,64,8.8071258708368987,34.402835432956635,2
CodeBERT_partial_s2026,serialized_text_to_margin_FP32,Dot_Net,0,256,256,64,9.0160767619963735,35.219049851548334,2
CodeBERT_partial_s2026,serialized_text_to_margin_FP32,Dot_Net,1,256,256,64,9.0127096381038427,35.205897023843136,2
CodeBERT_partial_s2026,serialized_text_to_margin_FP32,Dot_Net,2,256,256,64,9.0089565608650446,35.19123656587908,2
CodeBERT_partial_s2026,serialized_text_to_margin_FP32,Dot_Net,3,256,256,64,9.000220526009798,35.157111429725774,2
CodeBERT_partial_s2026,serialized_text_to_margin_FP32,Dot_Net,4,256,256,64,8.9971460290253162,35.145101675880142,2
CodeBERT_partial_s2026,feature_dictionary_to_margin_FP32,Dot_Net,0,256,256,64,9.0690127050038427,35.425830878921261,2
CodeBERT_partial_s2026,feature_dictionary_to_margin_FP32,Dot_Net,1,256,256,64,9.0389989030081779,35.308589464875695,2
CodeBERT_partial_s2026,feature_dictionary_to_margin_FP32,Dot_Net,2,256,256,64,9.010639765067026,35.19781158229307,2
CodeBERT_partial_s2026,feature_dictionary_to_margin_FP32,Dot_Net,3,256,256,64,9.0002653708215803,35.157286604771798,2
CodeBERT_partial_s2026,feature_dictionary_to_margin_FP32,Dot_Net,4,256,256,64,9.0047774920240045,35.174912078218767,2
CodeBERT_partial_s2026,token_tensor_to_margin_FP32,Dot_Net,0,32,1,1,1.1398405230138451,35.620016344182659,2
CodeBERT_partial_s2026,token_tensor_to_margin_FP32,Dot_Net,1,32,1,1,1.1303209490142763,35.322529656696133,2
CodeBERT_partial_s2026,token_tensor_to_margin_FP32,Dot_Net,2,32,1,1,1.1441071389708668,35.753348092839587,2
CodeBERT_partial_s2026,token_tensor_to_margin_FP32,Dot_Net,3,32,1,1,1.1429534200578928,35.71729437680915,2
CodeBERT_partial_s2026,token_tensor_to_margin_FP32,Dot_Net,4,32,1,1,1.1217461170163006,35.054566156759392,2
CodeBERT_partial_s2026,serialized_text_to_margin_FP32,Dot_Net,0,32,1,1,1.2067780529614538,37.711814155045431,2
CodeBERT_partial_s2026,serialized_text_to_margin_FP32,Dot_Net,1,32,1,1,1.2098552549723536,37.807976717886049,2
CodeBERT_partial_s2026,serialized_text_to_margin_FP32,Dot_Net,2,32,1,1,1.2125280220061541,37.891500687692314,2
CodeBERT_partial_s2026,serialized_text_to_margin_FP32,Dot_Net,3,32,1,1,1.2052730210125446,37.66478190664202,2
CodeBERT_partial_s2026,serialized_text_to_margin_FP32,Dot_Net,4,32,1,1,1.2060216809622943,37.688177530071698,2
CodeBERT_partial_s2026,feature_dictionary_to_margin_FP32,Dot_Net,0,32,1,1,1.2168665907811373,38.027080961910542,2
CodeBERT_partial_s2026,feature_dictionary_to_margin_FP32,Dot_Net,1,32,1,1,1.2217670502141118,38.180220319190994,2
CodeBERT_partial_s2026,feature_dictionary_to_margin_FP32,Dot_Net,2,32,1,1,1.2148183060344309,37.963072063575964,2
CodeBERT_partial_s2026,feature_dictionary_to_margin_FP32,Dot_Net,3,32,1,1,1.2105687949806452,37.830274843145162,2
CodeBERT_partial_s2026,feature_dictionary_to_margin_FP32,Dot_Net,4,32,1,1,1.2067429330199957,37.710716656874865,2
CodeBERT_partial_s2027,token_tensor_to_margin_FP32,Win32,0,256,256,64,8.7193644100334495,34.060017226693162,2
CodeBERT_partial_s2027,token_tensor_to_margin_FP32,Win32,1,256,256,64,8.7270106091164052,34.089885191860958,2
CodeBERT_partial_s2027,token_tensor_to_margin_FP32,Win32,2,256,256,64,8.7124115049373358,34.032857441161468,2
CodeBERT_partial_s2027,token_tensor_to_margin_FP32,Win32,3,256,256,64,8.7070566429756582,34.011940011623665,2
CodeBERT_partial_s2027,token_tensor_to_margin_FP32,Win32,4,256,256,64,8.7137708680238575,34.038167453218193,2
CodeBERT_partial_s2027,serialized_text_to_margin_FP32,Win32,0,256,256,64,9.4057582018431276,36.741242975949717,2
CodeBERT_partial_s2027,serialized_text_to_margin_FP32,Win32,1,256,256,64,9.4072043050546199,36.746891816619609,2
CodeBERT_partial_s2027,serialized_text_to_margin_FP32,Win32,2,256,256,64,9.4140542109962553,36.773649261704122,2
CodeBERT_partial_s2027,serialized_text_to_margin_FP32,Win32,3,256,256,64,9.4143514737952501,36.774810444512696,2
CodeBERT_partial_s2027,serialized_text_to_margin_FP32,Win32,4,256,256,64,9.3805131318513304,36.642629421294259,2
CodeBERT_partial_s2027,feature_dictionary_to_margin_FP32,Win32,0,256,256,64,9.4292427140753716,36.83297935185692,2
CodeBERT_partial_s2027,feature_dictionary_to_margin_FP32,Win32,1,256,256,64,9.4294804891105741,36.83390816058818,2
CodeBERT_partial_s2027,feature_dictionary_to_margin_FP32,Win32,2,256,256,64,9.428243441041559,36.82907594156859,2
CodeBERT_partial_s2027,feature_dictionary_to_margin_FP32,Win32,3,256,256,64,9.4164423679467291,36.78297799979191,2
CodeBERT_partial_s2027,feature_dictionary_to_margin_FP32,Win32,4,256,256,64,9.40411865292117,36.73483848797332,2
CodeBERT_partial_s2027,token_tensor_to_margin_FP32,Win32,0,32,1,1,1.1234126640483737,35.106645751511678,2
CodeBERT_partial_s2027,token_tensor_to_margin_FP32,Win32,1,32,1,1,1.1150153060443699,34.84422831388656,2
CodeBERT_partial_s2027,token_tensor_to_margin_FP32,Win32,2,32,1,1,1.1183871480170637,34.949598375533242,2
CodeBERT_partial_s2027,token_tensor_to_margin_FP32,Win32,3,32,1,1,1.0981939209159464,34.318560028623324,2
CodeBERT_partial_s2027,token_tensor_to_margin_FP32,Win32,4,32,1,1,1.1176998647861183,34.928120774566196,2
CodeBERT_partial_s2027,serialized_text_to_margin_FP32,Win32,0,32,1,1,1.3170340319629759,41.157313498842996,2
CodeBERT_partial_s2027,serialized_text_to_margin_FP32,Win32,1,32,1,1,1.3287381909321994,41.52306846663123,2
CodeBERT_partial_s2027,serialized_text_to_margin_FP32,Win32,2,32,1,1,1.3323024651035666,41.634452034486458,2
CodeBERT_partial_s2027,serialized_text_to_margin_FP32,Win32,3,32,1,1,1.3384504029527307,41.826575092272833,2
CodeBERT_partial_s2027,serialized_text_to_margin_FP32,Win32,4,32,1,1,1.3341165070887655,41.691140846523922,2
CodeBERT_partial_s2027,feature_dictionary_to_margin_FP32,Win32,0,32,1,1,1.3332661660388112,41.66456768871285,2
CodeBERT_partial_s2027,feature_dictionary_to_margin_FP32,Win32,1,32,1,1,1.3265227710362524,41.453836594882887,2
CodeBERT_partial_s2027,feature_dictionary_to_margin_FP32,Win32,2,32,1,1,1.3272205339744687,41.475641686702147,2
CodeBERT_partial_s2027,feature_dictionary_to_margin_FP32,Win32,3,32,1,1,1.3315300131216645,41.610312910052016,2
CodeBERT_partial_s2027,feature_dictionary_to_margin_FP32,Win32,4,32,1,1,1.3336834169458598,41.677606779558118,2
CodeBERT_partial_s2027,token_tensor_to_margin_FP32,Win64,0,256,256,64,8.543261697050184,33.372116004102281,2
CodeBERT_partial_s2027,token_tensor_to_margin_FP32,Win64,1,256,256,64,8.5426637721247971,33.369780359862489,2
CodeBERT_partial_s2027,token_tensor_to_margin_FP32,Win64,2,256,256,64,8.5259768818505108,33.304597194728558,2
CodeBERT_partial_s2027,token_tensor_to_margin_FP32,Win64,3,256,256,64,8.5507131731137633,33.401223332475638,2
CodeBERT_partial_s2027,token_tensor_to_margin_FP32,Win64,4,256,256,64,8.5559854719322175,33.421818249735225,2
CodeBERT_partial_s2027,serialized_text_to_margin_FP32,Win64,0,256,256,64,9.4922720110043883,37.079187542985892,2
CodeBERT_partial_s2027,serialized_text_to_margin_FP32,Win64,1,256,256,64,9.4824862300883979,37.040961836282804,2
CodeBERT_partial_s2027,serialized_text_to_margin_FP32,Win64,2,256,256,64,9.4613189001102,36.958276953555469,2
CodeBERT_partial_s2027,serialized_text_to_margin_FP32,Win64,3,256,256,64,9.4842986848670989,37.048041737762105,2
CodeBERT_partial_s2027,serialized_text_to_margin_FP32,Win64,4,256,256,64,9.4853207049891353,37.05203400386381,2
CodeBERT_partial_s2027,feature_dictionary_to_margin_FP32,Win64,0,256,256,64,9.4826168308500201,37.041471995507891,2
CodeBERT_partial_s2027,feature_dictionary_to_margin_FP32,Win64,1,256,256,64,9.4919931518379599,37.078098249367031,2
CodeBERT_partial_s2027,feature_dictionary_to_margin_FP32,Win64,2,256,256,64,9.4977980619296432,37.100773679412669,2
CodeBERT_partial_s2027,feature_dictionary_to_margin_FP32,Win64,3,256,256,64,9.5064926350023597,37.134736855477968,2
CodeBERT_partial_s2027,feature_dictionary_to_margin_FP32,Win64,4,256,256,64,9.5131883970461786,37.160892175961635,2
CodeBERT_partial_s2027,token_tensor_to_margin_FP32,Win64,0,32,1,1,1.0934417799580842,34.170055623690132,2
CodeBERT_partial_s2027,token_tensor_to_margin_FP32,Win64,1,32,1,1,1.0914012719877064,34.106289749615826,2
CodeBERT_partial_s2027,token_tensor_to_margin_FP32,Win64,2,32,1,1,1.0946492902003229,34.20779031876009,2
CodeBERT_partial_s2027,token_tensor_to_margin_FP32,Win64,3,32,1,1,1.0975206010043621,34.297518781386316,2
CodeBERT_partial_s2027,token_tensor_to_margin_FP32,Win64,4,32,1,1,1.0895561911165714,34.048630972392857,2
CodeBERT_partial_s2027,serialized_text_to_margin_FP32,Win64,0,32,1,1,1.339285537134856,41.85267303546425,2
CodeBERT_partial_s2027,serialized_text_to_margin_FP32,Win64,1,32,1,1,1.3267641430720687,41.461379471002147,2
CodeBERT_partial_s2027,serialized_text_to_margin_FP32,Win64,2,32,1,1,1.3422202740330249,41.944383563532028,2
CodeBERT_partial_s2027,serialized_text_to_margin_FP32,Win64,3,32,1,1,1.3420727199409157,41.939772498153616,2
CodeBERT_partial_s2027,serialized_text_to_margin_FP32,Win64,4,32,1,1,1.3391389769967645,41.848093031148892,2
CodeBERT_partial_s2027,feature_dictionary_to_margin_FP32,Win64,0,32,1,1,1.3349416900891811,41.716927815286908,2
CodeBERT_partial_s2027,feature_dictionary_to_margin_FP32,Win64,1,32,1,1,1.3306020989548415,41.581315592338797,2
CodeBERT_partial_s2027,feature_dictionary_to_margin_FP32,Win64,2,32,1,1,1.3302805449347943,41.571267029212322,2
CodeBERT_partial_s2027,feature_dictionary_to_margin_FP32,Win64,3,32,1,1,1.3398645808920264,41.870768152875826,2
CodeBERT_partial_s2027,feature_dictionary_to_margin_FP32,Win64,4,32,1,1,1.3328858080785722,41.65268150245538,2
CodeBERT_partial_s2027,token_tensor_to_margin_FP32,Dot_Net,0,256,256,64,8.7043933591339737,34.001536559117085,2
CodeBERT_partial_s2027,token_tensor_to_margin_FP32,Dot_Net,1,256,256,64,8.7263248669914901,34.087206511685508,2
CodeBERT_partial_s2027,token_tensor_to_margin_FP32,Dot_Net,2,256,256,64,8.7173386099748313,34.052103945214185,2
CodeBERT_partial_s2027,token_tensor_to_margin_FP32,Dot_Net,3,256,256,64,8.7205558270215988,34.06467119930312,2
CodeBERT_partial_s2027,token_tensor_to_margin_FP32,Dot_Net,4,256,256,64,8.705053088022396,34.004113625087484,2
CodeBERT_partial_s2027,serialized_text_to_margin_FP32,Dot_Net,0,256,256,64,8.9365728299599141,34.908487617030914,2
CodeBERT_partial_s2027,serialized_text_to_margin_FP32,Dot_Net,1,256,256,64,8.8996951130684465,34.764434035423619,2
CodeBERT_partial_s2027,serialized_text_to_margin_FP32,Dot_Net,2,256,256,64,8.9280528959352523,34.875206624747079,2
CodeBERT_partial_s2027,serialized_text_to_margin_FP32,Dot_Net,3,256,256,64,8.9344972500111908,34.900379882856214,2
CodeBERT_partial_s2027,serialized_text_to_margin_FP32,Dot_Net,4,256,256,64,8.925934995058924,34.866933574448922,2
CodeBERT_partial_s2027,feature_dictionary_to_margin_FP32,Dot_Net,0,256,256,64,8.9282974698580801,34.876161991633126,2
CodeBERT_partial_s2027,feature_dictionary_to_margin_FP32,Dot_Net,1,256,256,64,8.920270242029801,34.84480563292891,2
CodeBERT_partial_s2027,feature_dictionary_to_margin_FP32,Dot_Net,2,256,256,64,8.9317528950050473,34.889659746113466,2
CodeBERT_partial_s2027,feature_dictionary_to_margin_FP32,Dot_Net,3,256,256,64,8.9180178609676659,34.836007269404945,2
CodeBERT_partial_s2027,feature_dictionary_to_margin_FP32,Dot_Net,4,256,256,64,8.9219885380007327,34.851517726565362,2
CodeBERT_partial_s2027,token_tensor_to_margin_FP32,Dot_Net,0,32,1,1,1.1439425579737872,35.74820493668085,2
CodeBERT_partial_s2027,token_tensor_to_margin_FP32,Dot_Net,1,32,1,1,1.1395382629707456,35.610570717835799,2
CodeBERT_partial_s2027,token_tensor_to_margin_FP32,Dot_Net,2,32,1,1,1.1430807451251894,35.721273285162169,2
CodeBERT_partial_s2027,token_tensor_to_margin_FP32,Dot_Net,3,32,1,1,1.1390261000487953,35.594565626524854,2
CodeBERT_partial_s2027,token_tensor_to_margin_FP32,Dot_Net,4,32,1,1,1.1403474030084908,35.635856344015338,2
CodeBERT_partial_s2027,serialized_text_to_margin_FP32,Dot_Net,0,32,1,1,1.2206670148298144,38.145844213431701,2
CodeBERT_partial_s2027,serialized_text_to_margin_FP32,Dot_Net,1,32,1,1,1.2183509061578661,38.073465817433316,2
CodeBERT_partial_s2027,serialized_text_to_margin_FP32,Dot_Net,2,32,1,1,1.2163206869736314,38.010021467925981,2
CodeBERT_partial_s2027,serialized_text_to_margin_FP32,Dot_Net,3,32,1,1,1.2165074090007693,38.015856531274039,2
CodeBERT_partial_s2027,serialized_text_to_margin_FP32,Dot_Net,4,32,1,1,1.1977349719963968,37.429217874887399,2
CodeBERT_partial_s2027,feature_dictionary_to_margin_FP32,Dot_Net,0,32,1,1,1.2190204940270633,38.094390438345727,2
CodeBERT_partial_s2027,feature_dictionary_to_margin_FP32,Dot_Net,1,32,1,1,1.2204188690520823,38.138089657877572,2
CodeBERT_partial_s2027,feature_dictionary_to_margin_FP32,Dot_Net,2,32,1,1,1.2235401978250593,38.235631182033103,2
CodeBERT_partial_s2027,feature_dictionary_to_margin_FP32,Dot_Net,3,32,1,1,1.217699975008145,38.05312421900453,2
CodeBERT_partial_s2027,feature_dictionary_to_margin_FP32,Dot_Net,4,32,1,1,1.2154514030553401,37.982856345479377,2
CodeBERT_partial_s2028,token_tensor_to_margin_FP32,Win32,0,256,256,64,8.7754327678121626,34.27903424926626,2
CodeBERT_partial_s2028,token_tensor_to_margin_FP32,Win32,1,256,256,64,8.8138260501436889,34.429008008373785,2
CodeBERT_partial_s2028,token_tensor_to_margin_FP32,Win32,2,256,256,64,8.7982661570422351,34.368227175946231,2
CodeBERT_partial_s2028,token_tensor_to_margin_FP32,Win32,3,256,256,64,8.7851024619303644,34.316806491915486,2
CodeBERT_partial_s2028,token_tensor_to_margin_FP32,Win32,4,256,256,64,8.816673886962235,34.44013237094623,2
CodeBERT_partial_s2028,serialized_text_to_margin_FP32,Win32,0,256,256,64,9.4316722948569804,36.84246990178508,2
CodeBERT_partial_s2028,serialized_text_to_margin_FP32,Win32,1,256,256,64,9.4699049771297723,36.991816316913173,2
CodeBERT_partial_s2028,serialized_text_to_margin_FP32,Win32,2,256,256,64,9.4468167729210109,36.901628019222699,2
CodeBERT_partial_s2028,serialized_text_to_margin_FP32,Win32,3,256,256,64,9.4576182649470866,36.943821347449557,2
CodeBERT_partial_s2028,serialized_text_to_margin_FP32,Win32,4,256,256,64,9.4581096868496388,36.945740964256402,2
CodeBERT_partial_s2028,feature_dictionary_to_margin_FP32,Win32,0,256,256,64,9.4621114430483431,36.96137282440759,2
CodeBERT_partial_s2028,feature_dictionary_to_margin_FP32,Win32,1,256,256,64,9.4669268170837313,36.980182879233325,2
CodeBERT_partial_s2028,feature_dictionary_to_margin_FP32,Win32,2,256,256,64,9.4648912199772894,36.972231328036287,2
CodeBERT_partial_s2028,feature_dictionary_to_margin_FP32,Win32,3,256,256,64,9.4651639950461686,36.973296855649096,2
CodeBERT_partial_s2028,feature_dictionary_to_margin_FP32,Win32,4,256,256,64,9.4700829919893295,36.992511687458318,2
CodeBERT_partial_s2028,token_tensor_to_margin_FP32,Win32,0,32,1,1,1.1175494480412453,34.923420251288917,2
CodeBERT_partial_s2028,token_tensor_to_margin_FP32,Win32,1,32,1,1,1.1238356488756835,35.119864027365111,2
CodeBERT_partial_s2028,token_tensor_to_margin_FP32,Win32,2,32,1,1,1.1161958791781217,34.881121224316303,2
CodeBERT_partial_s2028,token_tensor_to_margin_FP32,Win32,3,32,1,1,1.1237998940050602,35.118746687658131,2
CodeBERT_partial_s2028,token_tensor_to_margin_FP32,Win32,4,32,1,1,1.1182313000317663,34.944728125992697,2
CodeBERT_partial_s2028,serialized_text_to_margin_FP32,Win32,0,32,1,1,1.3058484250213951,40.807763281918596,2
CodeBERT_partial_s2028,serialized_text_to_margin_FP32,Win32,1,32,1,1,1.2931918378453702,40.412244932667818,2
CodeBERT_partial_s2028,serialized_text_to_margin_FP32,Win32,2,32,1,1,1.3066106911282986,40.831584097759333,2
CodeBERT_partial_s2028,serialized_text_to_margin_FP32,Win32,3,32,1,1,1.3027052069082856,40.709537715883926,2
CodeBERT_partial_s2028,serialized_text_to_margin_FP32,Win32,4,32,1,1,1.2956783049739897,40.489947030437179,2
CodeBERT_partial_s2028,feature_dictionary_to_margin_FP32,Win32,0,32,1,1,1.3088540381286293,40.901688691519666,2
CodeBERT_partial_s2028,feature_dictionary_to_margin_FP32,Win32,1,32,1,1,1.2939484489616007,40.435889030050021,2
CodeBERT_partial_s2028,feature_dictionary_to_margin_FP32,Win32,2,32,1,1,1.3045067789498717,40.765836842183489,2
CodeBERT_partial_s2028,feature_dictionary_to_margin_FP32,Win32,3,32,1,1,1.2951723011210561,40.474134410033002,2
CodeBERT_partial_s2028,feature_dictionary_to_margin_FP32,Win32,4,32,1,1,1.3052568689454347,40.789277154544834,2
CodeBERT_partial_s2028,token_tensor_to_margin_FP32,Win64,0,256,256,64,8.6076066209934652,33.623463363255723,2
CodeBERT_partial_s2028,token_tensor_to_margin_FP32,Win64,1,256,256,64,8.6141488649882376,33.649019003860303,2
CodeBERT_partial_s2028,token_tensor_to_margin_FP32,Win64,2,256,256,64,8.6317165109794587,33.717642621013511,2
CodeBERT_partial_s2028,token_tensor_to_margin_FP32,Win64,3,256,256,64,8.6158702839165926,33.65574329654919,2
CodeBERT_partial_s2028,token_tensor_to_margin_FP32,Win64,4,256,256,64,8.6286535228136927,33.705677823490987,2
CodeBERT_partial_s2028,serialized_text_to_margin_FP32,Win64,0,256,256,64,9.481906286906451,37.038696433228324,2
CodeBERT_partial_s2028,serialized_text_to_margin_FP32,Win64,1,256,256,64,9.4811935368925333,37.035912253486458,2
CodeBERT_partial_s2028,serialized_text_to_margin_FP32,Win64,2,256,256,64,9.4987847609445453,37.10462797243963,2
CodeBERT_partial_s2028,serialized_text_to_margin_FP32,Win64,3,256,256,64,9.4890568191185594,37.066628199681873,2
CodeBERT_partial_s2028,serialized_text_to_margin_FP32,Win64,4,256,256,64,9.4710477378685027,36.996280226048839,2
CodeBERT_partial_s2028,feature_dictionary_to_margin_FP32,Win64,0,256,256,64,9.5210905910935253,37.191760121459083,2
CodeBERT_partial_s2028,feature_dictionary_to_margin_FP32,Win64,1,256,256,64,9.5311209899373353,37.230941366942716,2
CodeBERT_partial_s2028,feature_dictionary_to_margin_FP32,Win64,2,256,256,64,9.4923781489487737,37.079602144331147,2
CodeBERT_partial_s2028,feature_dictionary_to_margin_FP32,Win64,3,256,256,64,9.5112792670261115,37.153434636820748,2
CodeBERT_partial_s2028,feature_dictionary_to_margin_FP32,Win64,4,256,256,64,9.5136001389473677,37.162500542763155,2
CodeBERT_partial_s2028,token_tensor_to_margin_FP32,Win64,0,32,1,1,1.0896373649593443,34.051167654979508,2
CodeBERT_partial_s2028,token_tensor_to_margin_FP32,Win64,1,32,1,1,1.0932545489631593,34.164204655098729,2
CodeBERT_partial_s2028,token_tensor_to_margin_FP32,Win64,2,32,1,1,1.0638894559815526,33.246545499423519,2
CodeBERT_partial_s2028,token_tensor_to_margin_FP32,Win64,3,32,1,1,1.1100647009443492,34.689521904510912,2
CodeBERT_partial_s2028,token_tensor_to_margin_FP32,Win64,4,32,1,1,1.0956530270632356,34.239157095726114,2
CodeBERT_partial_s2028,serialized_text_to_margin_FP32,Win64,0,32,1,1,1.3116592350415885,40.989351095049642,2
CodeBERT_partial_s2028,serialized_text_to_margin_FP32,Win64,1,32,1,1,1.3188043378759176,41.212635558622424,2
CodeBERT_partial_s2028,serialized_text_to_margin_FP32,Win64,2,32,1,1,1.3124222659971565,41.013195812411141,2
CodeBERT_partial_s2028,serialized_text_to_margin_FP32,Win64,3,32,1,1,1.3097781611140817,40.930567534815054,2
CodeBERT_partial_s2028,serialized_text_to_margin_FP32,Win64,4,32,1,1,1.3175687231123447,41.174022597260773,2
CodeBERT_partial_s2028,feature_dictionary_to_margin_FP32,Win64,0,32,1,1,1.3142358320765197,41.069869752391241,2
CodeBERT_partial_s2028,feature_dictionary_to_margin_FP32,Win64,1,32,1,1,1.3205520678311586,41.267252119723707,2
CodeBERT_partial_s2028,feature_dictionary_to_margin_FP32,Win64,2,32,1,1,1.3067325090523809,40.835390907886904,2
CodeBERT_partial_s2028,feature_dictionary_to_margin_FP32,Win64,3,32,1,1,1.2987972470000386,40.587413968751207,2
CodeBERT_partial_s2028,feature_dictionary_to_margin_FP32,Win64,4,32,1,1,1.3089480579365045,40.904626810515765,2
CodeBERT_partial_s2028,token_tensor_to_margin_FP32,Dot_Net,0,256,256,64,8.7897332259453833,34.334895413849154,2
CodeBERT_partial_s2028,token_tensor_to_margin_FP32,Dot_Net,1,256,256,64,8.7733701339457184,34.270977085725463,2
CodeBERT_partial_s2028,token_tensor_to_margin_FP32,Dot_Net,2,256,256,64,8.7929752699565142,34.347559648267634,2
CodeBERT_partial_s2028,token_tensor_to_margin_FP32,Dot_Net,3,256,256,64,8.7946752731222659,34.354200285633851,2
CodeBERT_partial_s2028,token_tensor_to_margin_FP32,Dot_Net,4,256,256,64,8.7801152570173144,34.297325222723885,2
CodeBERT_partial_s2028,serialized_text_to_margin_FP32,Dot_Net,0,256,256,64,8.9829498999752104,35.089648046778166,2
CodeBERT_partial_s2028,serialized_text_to_margin_FP32,Dot_Net,1,256,256,64,8.9723519620019943,35.04824985157029,2
CodeBERT_partial_s2028,serialized_text_to_margin_FP32,Dot_Net,2,256,256,64,8.99158502696082,35.123379011565703,2
CodeBERT_partial_s2028,serialized_text_to_margin_FP32,Dot_Net,3,256,256,64,9.013965129153803,35.210801285757043,2
CodeBERT_partial_s2028,serialized_text_to_margin_FP32,Dot_Net,4,256,256,64,8.9788798191584647,35.073749293587753,2
CodeBERT_partial_s2028,feature_dictionary_to_margin_FP32,Dot_Net,0,256,256,64,9.0083858110010624,35.1890070742229,2
CodeBERT_partial_s2028,feature_dictionary_to_margin_FP32,Dot_Net,1,256,256,64,8.9712567261885852,35.043971586674161,2
CodeBERT_partial_s2028,feature_dictionary_to_margin_FP32,Dot_Net,2,256,256,64,9.0039179699961096,35.171554570297303,2
CodeBERT_partial_s2028,feature_dictionary_to_margin_FP32,Dot_Net,3,256,256,64,9.0120212039910257,35.203207828089944,2
CodeBERT_partial_s2028,feature_dictionary_to_margin_FP32,Dot_Net,4,256,256,64,8.9914092570543289,35.122692410368472,2
CodeBERT_partial_s2028,token_tensor_to_margin_FP32,Dot_Net,0,32,1,1,1.1490274090319872,35.9071065322496,2
CodeBERT_partial_s2028,token_tensor_to_margin_FP32,Dot_Net,1,32,1,1,1.1485520480200648,35.892251500627026,2
CodeBERT_partial_s2028,token_tensor_to_margin_FP32,Dot_Net,2,32,1,1,1.1460894939955324,35.815296687360387,2
CodeBERT_partial_s2028,token_tensor_to_margin_FP32,Dot_Net,3,32,1,1,1.1428728899918497,35.714777812245302,2
CodeBERT_partial_s2028,token_tensor_to_margin_FP32,Dot_Net,4,32,1,1,1.1398209899198264,35.619405934994575,2
CodeBERT_partial_s2028,serialized_text_to_margin_FP32,Dot_Net,0,32,1,1,1.2200239750090986,38.125749219034333,2
CodeBERT_partial_s2028,serialized_text_to_margin_FP32,Dot_Net,1,32,1,1,1.2139012140687555,37.93441293964861,2
CodeBERT_partial_s2028,serialized_text_to_margin_FP32,Dot_Net,2,32,1,1,1.2149812518619001,37.968164120684378,2
CodeBERT_partial_s2028,serialized_text_to_margin_FP32,Dot_Net,3,32,1,1,1.2186689649242908,38.083405153884087,2
CodeBERT_partial_s2028,serialized_text_to_margin_FP32,Dot_Net,4,32,1,1,1.2157030489761382,37.99072028050432,2
CodeBERT_partial_s2028,feature_dictionary_to_margin_FP32,Dot_Net,0,32,1,1,1.2163503330666572,38.010947908333037,2
CodeBERT_partial_s2028,feature_dictionary_to_margin_FP32,Dot_Net,1,32,1,1,1.2193059781566262,38.10331181739457,2
CodeBERT_partial_s2028,feature_dictionary_to_margin_FP32,Dot_Net,2,32,1,1,1.2196472138166428,38.113975431770086,2
CodeBERT_partial_s2028,feature_dictionary_to_margin_FP32,Dot_Net,3,32,1,1,1.222132344963029,38.191635780094657,2
CodeBERT_partial_s2028,feature_dictionary_to_margin_FP32,Dot_Net,4,32,1,1,1.2161347360815853,38.00421050254954,2
CodeBERT_unfrozen_s2026,token_tensor_to_margin_FP32,Win32,0,256,256,64,8.9424927670042962,34.931612371110532,2
CodeBERT_unfrozen_s2026,token_tensor_to_margin_FP32,Win32,1,256,256,64,8.940864885924384,34.925253460642125,2
CodeBERT_unfrozen_s2026,token_tensor_to_margin_FP32,Win32,2,256,256,64,8.9500243358779699,34.96103256202332,2
CodeBERT_unfrozen_s2026,token_tensor_to_margin_FP32,Win32,3,256,256,64,8.9276301239151508,34.873555171543558,2
CodeBERT_unfrozen_s2026,token_tensor_to_margin_FP32,Win32,4,256,256,64,8.9432636150158942,34.934623496155837,2
CodeBERT_unfrozen_s2026,serialized_text_to_margin_FP32,Win32,0,256,256,64,9.6709466800093651,37.777135468786582,2
CodeBERT_unfrozen_s2026,serialized_text_to_margin_FP32,Win32,1,256,256,64,9.6614877770189196,37.740186628980155,2
CodeBERT_unfrozen_s2026,serialized_text_to_margin_FP32,Win32,2,256,256,64,9.6549543170258403,37.714665300882189,2
CodeBERT_unfrozen_s2026,serialized_text_to_margin_FP32,Win32,3,256,256,64,9.646607309114188,37.682059801227297,2
CodeBERT_unfrozen_s2026,serialized_text_to_margin_FP32,Win32,4,256,256,64,9.6615154300816357,37.74029464875639,2
CodeBERT_unfrozen_s2026,feature_dictionary_to_margin_FP32,Win32,0,256,256,64,9.6938699330203235,37.866679425860639,2
CodeBERT_unfrozen_s2026,feature_dictionary_to_margin_FP32,Win32,1,256,256,64,9.6840459401719272,37.828304453796591,2
CodeBERT_unfrozen_s2026,feature_dictionary_to_margin_FP32,Win32,2,256,256,64,9.6781501290388405,37.805273941557971,2
CodeBERT_unfrozen_s2026,feature_dictionary_to_margin_FP32,Win32,3,256,256,64,9.6734061259776354,37.786742679600138,2
CodeBERT_unfrozen_s2026,feature_dictionary_to_margin_FP32,Win32,4,256,256,64,9.6845237941015512,37.830171070709184,2
CodeBERT_unfrozen_s2026,token_tensor_to_margin_FP32,Win32,0,32,1,1,1.1113087020348758,34.728396938589867,2
CodeBERT_unfrozen_s2026,token_tensor_to_margin_FP32,Win32,1,32,1,1,1.1127522939350456,34.773509185470175,2
CodeBERT_unfrozen_s2026,token_tensor_to_margin_FP32,Win32,2,32,1,1,1.0975005889777094,34.296893405553419,2
CodeBERT_unfrozen_s2026,token_tensor_to_margin_FP32,Win32,3,32,1,1,1.1066608738619834,34.583152308186982,2
CodeBERT_unfrozen_s2026,token_tensor_to_margin_FP32,Win32,4,32,1,1,1.1034410751890391,34.482533599657472,2
CodeBERT_unfrozen_s2026,serialized_text_to_margin_FP32,Win32,0,32,1,1,1.3288235059008002,41.525734559400007,2
CodeBERT_unfrozen_s2026,serialized_text_to_margin_FP32,Win32,1,32,1,1,1.332581632072106,41.643176002253313,2
CodeBERT_unfrozen_s2026,serialized_text_to_margin_FP32,Win32,2,32,1,1,1.3365667199250311,41.767709997657221,2
CodeBERT_unfrozen_s2026,serialized_text_to_margin_FP32,Win32,3,32,1,1,1.340323070064187,41.885095939505845,2
CodeBERT_unfrozen_s2026,serialized_text_to_margin_FP32,Win32,4,32,1,1,1.3387276609428227,41.835239404463209,2
CodeBERT_unfrozen_s2026,feature_dictionary_to_margin_FP32,Win32,0,32,1,1,1.3286491099279374,41.520284685248043,2
CodeBERT_unfrozen_s2026,feature_dictionary_to_margin_FP32,Win32,1,32,1,1,1.3379193630535156,41.809980095422361,2
CodeBERT_unfrozen_s2026,feature_dictionary_to_margin_FP32,Win32,2,32,1,1,1.3415677291341126,41.923991535441019,2
CodeBERT_unfrozen_s2026,feature_dictionary_to_margin_FP32,Win32,3,32,1,1,1.3288868821691722,41.52771506778663,2
CodeBERT_unfrozen_s2026,feature_dictionary_to_margin_FP32,Win32,4,32,1,1,1.3281676669139415,41.505239591060672,2
CodeBERT_unfrozen_s2026,token_tensor_to_margin_FP32,Win64,0,256,256,64,8.7433666069991887,34.153775808590581,2
CodeBERT_unfrozen_s2026,token_tensor_to_margin_FP32,Win64,1,256,256,64,8.7472325409762561,34.168877113188501,2
CodeBERT_unfrozen_s2026,token_tensor_to_margin_FP32,Win64,2,256,256,64,8.745133797172457,34.16067889520491,2
CodeBERT_unfrozen_s2026,token_tensor_to_margin_FP32,Win64,3,256,256,64,8.7444062549620867,34.157836933445651,2
CodeBERT_unfrozen_s2026,token_tensor_to_margin_FP32,Win64,4,256,256,64,8.739680906990543,34.139378542931809,2
CodeBERT_unfrozen_s2026,serialized_text_to_margin_FP32,Win64,0,256,256,64,9.7236798470839858,37.98312440267182,2
CodeBERT_unfrozen_s2026,serialized_text_to_margin_FP32,Win64,1,256,256,64,9.7015963699668646,37.896860820183065,2
CodeBERT_unfrozen_s2026,serialized_text_to_margin_FP32,Win64,2,256,256,64,9.6890998140443116,37.848046148610592,2
CodeBERT_unfrozen_s2026,serialized_text_to_margin_FP32,Win64,3,256,256,64,9.7083607288077474,37.923284096905263,2
CodeBERT_unfrozen_s2026,serialized_text_to_margin_FP32,Win64,4,256,256,64,9.716677290154621,37.955770664666488,2
CodeBERT_unfrozen_s2026,feature_dictionary_to_margin_FP32,Win64,0,256,256,64,9.7404606940690428,38.048674586207198,2
CodeBERT_unfrozen_s2026,feature_dictionary_to_margin_FP32,Win64,1,256,256,64,9.743035082006827,38.058730789089168,2
CodeBERT_unfrozen_s2026,feature_dictionary_to_margin_FP32,Win64,2,256,256,64,9.7453613709658384,38.067817855335306,2
CodeBERT_unfrozen_s2026,feature_dictionary_to_margin_FP32,Win64,3,256,256,64,9.7525782319717109,38.096008718639496,2
CodeBERT_unfrozen_s2026,feature_dictionary_to_margin_FP32,Win64,4,256,256,64,9.743348941905424,38.059956804318062,2
CodeBERT_unfrozen_s2026,token_tensor_to_margin_FP32,Win64,0,32,1,1,1.0881351069547236,34.004222092335112,2
CodeBERT_unfrozen_s2026,token_tensor_to_margin_FP32,Win64,1,32,1,1,1.0727113140746951,33.522228564834222,2
CodeBERT_unfrozen_s2026,token_tensor_to_margin_FP32,Win64,2,32,1,1,1.0608194209635258,33.15060690511018,2
CodeBERT_unfrozen_s2026,token_tensor_to_margin_FP32,Win64,3,32,1,1,1.0809957599267364,33.781117497710511,2
CodeBERT_unfrozen_s2026,token_tensor_to_margin_FP32,Win64,4,32,1,1,1.0747152301482856,33.584850942133926,2
CodeBERT_unfrozen_s2026,serialized_text_to_margin_FP32,Win64,0,32,1,1,1.3672698009759188,42.727181280497462,2
CodeBERT_unfrozen_s2026,serialized_text_to_margin_FP32,Win64,1,32,1,1,1.3487693751230836,42.149042972596362,2
CodeBERT_unfrozen_s2026,serialized_text_to_margin_FP32,Win64,2,32,1,1,1.3361510478425771,41.754720245080534,2
CodeBERT_unfrozen_s2026,serialized_text_to_margin_FP32,Win64,3,32,1,1,1.3376987199299037,41.803084997809492,2
CodeBERT_unfrozen_s2026,serialized_text_to_margin_FP32,Win64,4,32,1,1,1.338086276082322,41.815196127572563,2
CodeBERT_unfrozen_s2026,feature_dictionary_to_margin_FP32,Win64,0,32,1,1,1.3412038718815893,41.912620996299665,2
CodeBERT_unfrozen_s2026,feature_dictionary_to_margin_FP32,Win64,1,32,1,1,1.3445103808771819,42.015949402411934,2
CodeBERT_unfrozen_s2026,feature_dictionary_to_margin_FP32,Win64,2,32,1,1,1.3465175910387188,42.078674719959963,2
CodeBERT_unfrozen_s2026,feature_dictionary_to_margin_FP32,Win64,3,32,1,1,1.3550325958058238,42.344768618931994,2
CodeBERT_unfrozen_s2026,feature_dictionary_to_margin_FP32,Win64,4,32,1,1,1.3550079269334674,42.343997716670856,2
CodeBERT_unfrozen_s2026,token_tensor_to_margin_FP32,Dot_Net,0,256,256,64,8.9217467298731208,34.850573163566878,2
CodeBERT_unfrozen_s2026,token_tensor_to_margin_FP32,Dot_Net,1,256,256,64,8.9466694018337876,34.947927350913233,2
CodeBERT_unfrozen_s2026,token_tensor_to_margin_FP32,Dot_Net,2,256,256,64,8.9508096978534013,34.964100382239849,2
CodeBERT_unfrozen_s2026,token_tensor_to_margin_FP32,Dot_Net,3,256,256,64,8.9386766431853175,34.916705637442647,2
CodeBERT_unfrozen_s2026,token_tensor_to_margin_FP32,Dot_Net,4,256,256,64,8.9311589940916747,34.887339820670604,2
CodeBERT_unfrozen_s2026,serialized_text_to_margin_FP32,Dot_Net,0,256,256,64,9.1471175588667393,35.7309279643232,2
CodeBERT_unfrozen_s2026,serialized_text_to_margin_FP32,Dot_Net,1,256,256,64,9.1539487559348345,35.757612327870447,2
CodeBERT_unfrozen_s2026,serialized_text_to_margin_FP32,Dot_Net,2,256,256,64,9.1440565520897508,35.718970906600589,2
CodeBERT_unfrozen_s2026,serialized_text_to_margin_FP32,Dot_Net,3,256,256,64,9.1539667479228228,35.757682609073527,2
CodeBERT_unfrozen_s2026,serialized_text_to_margin_FP32,Dot_Net,4,256,256,64,9.1504280169028789,35.743859441026871,2
CodeBERT_unfrozen_s2026,feature_dictionary_to_margin_FP32,Dot_Net,0,256,256,64,9.1520075381267816,35.750029445807741,2
CodeBERT_unfrozen_s2026,feature_dictionary_to_margin_FP32,Dot_Net,1,256,256,64,9.1475286870263517,35.732533933696686,2
CodeBERT_unfrozen_s2026,feature_dictionary_to_margin_FP32,Dot_Net,2,256,256,64,9.1630970870610327,35.793347996332159,2
CodeBERT_unfrozen_s2026,feature_dictionary_to_margin_FP32,Dot_Net,3,256,256,64,9.1572402601595968,35.770469766248425,2
CodeBERT_unfrozen_s2026,feature_dictionary_to_margin_FP32,Dot_Net,4,256,256,64,9.1595831550657749,35.779621699475683,2
CodeBERT_unfrozen_s2026,token_tensor_to_margin_FP32,Dot_Net,0,32,1,1,1.1425568680278957,35.70490212587174,2
CodeBERT_unfrozen_s2026,token_tensor_to_margin_FP32,Dot_Net,1,32,1,1,1.1360234529711306,35.500732905347832,2
CodeBERT_unfrozen_s2026,token_tensor_to_margin_FP32,Dot_Net,2,32,1,1,1.1351653228048235,35.473916337650735,2
CodeBERT_unfrozen_s2026,token_tensor_to_margin_FP32,Dot_Net,3,32,1,1,1.1418450120836496,35.682656627614051,2
CodeBERT_unfrozen_s2026,token_tensor_to_margin_FP32,Dot_Net,4,32,1,1,1.1188113640528172,34.962855126650538,2
CodeBERT_unfrozen_s2026,serialized_text_to_margin_FP32,Dot_Net,0,32,1,1,1.2205641230102628,38.142628844070714,2
CodeBERT_unfrozen_s2026,serialized_text_to_margin_FP32,Dot_Net,1,32,1,1,1.2106015780009329,37.831299312529154,2
CodeBERT_unfrozen_s2026,serialized_text_to_margin_FP32,Dot_Net,2,32,1,1,1.2126251379959285,37.894535562372766,2
CodeBERT_unfrozen_s2026,serialized_text_to_margin_FP32,Dot_Net,3,32,1,1,1.2180654620751739,38.064545689849183,2
CodeBERT_unfrozen_s2026,serialized_text_to_margin_FP32,Dot_Net,4,32,1,1,1.2159259840846062,37.997687002643943,2
CodeBERT_unfrozen_s2026,feature_dictionary_to_margin_FP32,Dot_Net,0,32,1,1,1.2199828960001469,38.12446550000459,2
CodeBERT_unfrozen_s2026,feature_dictionary_to_margin_FP32,Dot_Net,1,32,1,1,1.2012874230276793,37.540231969614979,2
CodeBERT_unfrozen_s2026,feature_dictionary_to_margin_FP32,Dot_Net,2,32,1,1,1.2087073700968176,37.77210531552555,2
CodeBERT_unfrozen_s2026,feature_dictionary_to_margin_FP32,Dot_Net,3,32,1,1,1.2185322379227728,38.079132435086649,2
CodeBERT_unfrozen_s2026,feature_dictionary_to_margin_FP32,Dot_Net,4,32,1,1,1.2131311481352895,37.910348379227798,2
CodeBERT_unfrozen_s2027,token_tensor_to_margin_FP32,Win32,0,256,256,64,8.7827498640399426,34.307616656406026,2
CodeBERT_unfrozen_s2027,token_tensor_to_margin_FP32,Win32,1,256,256,64,8.7792324339970946,34.293876695301151,2
CodeBERT_unfrozen_s2027,token_tensor_to_margin_FP32,Win32,2,256,256,64,8.7681595701724291,34.250623320986051,2
CodeBERT_unfrozen_s2027,token_tensor_to_margin_FP32,Win32,3,256,256,64,8.7991675010416657,34.371748050944007,2
CodeBERT_unfrozen_s2027,token_tensor_to_margin_FP32,Win32,4,256,256,64,8.7695613021496683,34.256098836522142,2
CodeBERT_unfrozen_s2027,serialized_text_to_margin_FP32,Win32,0,256,256,64,9.4838749850168824,37.046386660222197,2
CodeBERT_unfrozen_s2027,serialized_text_to_margin_FP32,Win32,1,256,256,64,9.4955225309822708,37.091884886649495,2
CodeBERT_unfrozen_s2027,serialized_text_to_margin_FP32,Win32,2,256,256,64,9.4891675300896168,37.067060664412566,2
CodeBERT_unfrozen_s2027,serialized_text_to_margin_FP32,Win32,3,256,256,64,9.4681697769556195,36.985038191232888,2
CodeBERT_unfrozen_s2027,serialized_text_to_margin_FP32,Win32,4,256,256,64,9.4900499058421701,37.070507444695977,2
CodeBERT_unfrozen_s2027,feature_dictionary_to_margin_FP32,Win32,0,256,256,64,9.5275620960164815,37.217039437564381,2
CodeBERT_unfrozen_s2027,feature_dictionary_to_margin_FP32,Win32,1,256,256,64,9.5014073878992349,37.114872608981386,2
CodeBERT_unfrozen_s2027,feature_dictionary_to_margin_FP32,Win32,2,256,256,64,9.5121475320775062,37.156826297177759,2
CodeBERT_unfrozen_s2027,feature_dictionary_to_margin_FP32,Win32,3,256,256,64,9.5276490959804505,37.217379281173635,2
CodeBERT_unfrozen_s2027,feature_dictionary_to_margin_FP32,Win32,4,256,256,64,9.5163107849657536,37.173089003772475,2
CodeBERT_unfrozen_s2027,token_tensor_to_margin_FP32,Win32,0,32,1,1,1.1107740120496601,34.711687876551878,2
CodeBERT_unfrozen_s2027,token_tensor_to_margin_FP32,Win32,1,32,1,1,1.1070172048639506,34.594287651998457,2
CodeBERT_unfrozen_s2027,token_tensor_to_margin_FP32,Win32,2,32,1,1,1.1071471550967544,34.598348596773576,2
CodeBERT_unfrozen_s2027,token_tensor_to_margin_FP32,Win32,3,32,1,1,1.1223899098113179,35.074684681603685,2
CodeBERT_unfrozen_s2027,token_tensor_to_margin_FP32,Win32,4,32,1,1,1.1124868760816753,34.765214877552353,2
CodeBERT_unfrozen_s2027,serialized_text_to_margin_FP32,Win32,0,32,1,1,1.3369094808585942,41.778421276831068,2
CodeBERT_unfrozen_s2027,serialized_text_to_margin_FP32,Win32,1,32,1,1,1.3296927819028497,41.552899434464052,2
CodeBERT_unfrozen_s2027,serialized_text_to_margin_FP32,Win32,2,32,1,1,1.3332682549953461,41.664632968604565,2
CodeBERT_unfrozen_s2027,serialized_text_to_margin_FP32,Win32,3,32,1,1,1.3345745471306145,41.705454597831704,2
CodeBERT_unfrozen_s2027,serialized_text_to_margin_FP32,Win32,4,32,1,1,1.3394321708474308,41.857255338982213,2
CodeBERT_unfrozen_s2027,feature_dictionary_to_margin_FP32,Win32,0,32,1,1,1.326942466199398,41.466952068731189,2
CodeBERT_unfrozen_s2027,feature_dictionary_to_margin_FP32,Win32,1,32,1,1,1.3445301610045135,42.016567531391047,2
CodeBERT_unfrozen_s2027,feature_dictionary_to_margin_FP32,Win32,2,32,1,1,1.3297906359657645,41.555957373930141,2
CodeBERT_unfrozen_s2027,feature_dictionary_to_margin_FP32,Win32,3,32,1,1,1.347456042887643,42.108001340238843,2
CodeBERT_unfrozen_s2027,feature_dictionary_to_margin_FP32,Win32,4,32,1,1,1.3412006769794971,41.912521155609284,2
CodeBERT_unfrozen_s2027,token_tensor_to_margin_FP32,Win64,0,256,256,64,8.5999420038424432,33.593523452509544,2
CodeBERT_unfrozen_s2027,token_tensor_to_margin_FP32,Win64,1,256,256,64,8.6162683609873056,33.657298285106663,2
CodeBERT_unfrozen_s2027,token_tensor_to_margin_FP32,Win64,2,256,256,64,8.6118880489375442,33.640187691162282,2
CodeBERT_unfrozen_s2027,token_tensor_to_margin_FP32,Win64,3,256,256,64,8.6034108849707991,33.607073769417184,2
CodeBERT_unfrozen_s2027,token_tensor_to_margin_FP32,Win64,4,256,256,64,8.6062408550642431,33.6181283400947,2
CodeBERT_unfrozen_s2027,serialized_text_to_margin_FP32,Win64,0,256,256,64,9.5571731349918991,37.332707558562106,2
CodeBERT_unfrozen_s2027,serialized_text_to_margin_FP32,Win64,1,256,256,64,9.5743069420568645,37.399636492409627,2
CodeBERT_unfrozen_s2027,serialized_text_to_margin_FP32,Win64,2,256,256,64,9.557073222938925,37.332317277105176,2
CodeBERT_unfrozen_s2027,serialized_text_to_margin_FP32,Win64,3,256,256,64,9.5597469250205904,37.342761425861681,2
CodeBERT_unfrozen_s2027,serialized_text_to_margin_FP32,Win64,4,256,256,64,9.5464700490701944,37.290898629180447,2
CodeBERT_unfrozen_s2027,feature_dictionary_to_margin_FP32,Win64,0,256,256,64,9.5716872960329056,37.389403500128537,2
CodeBERT_unfrozen_s2027,feature_dictionary_to_margin_FP32,Win64,1,256,256,64,9.5943556581623852,37.477951789696817,2
CodeBERT_unfrozen_s2027,feature_dictionary_to_margin_FP32,Win64,2,256,256,64,9.5577878530602902,37.335108801016759,2
CodeBERT_unfrozen_s2027,feature_dictionary_to_margin_FP32,Win64,3,256,256,64,9.5660884641110897,37.367533062933944,2
CodeBERT_unfrozen_s2027,feature_dictionary_to_margin_FP32,Win64,4,256,256,64,9.5729190520942211,37.394215047243051,2
CodeBERT_unfrozen_s2027,token_tensor_to_margin_FP32,Win64,0,32,1,1,1.1078879360575229,34.62149800179759,2
CodeBERT_unfrozen_s2027,token_tensor_to_margin_FP32,Win64,1,32,1,1,1.0830927009228617,33.846646903839428,2
CodeBERT_unfrozen_s2027,token_tensor_to_margin_FP32,Win64,2,32,1,1,1.0762482800055295,33.632758750172798,2
CodeBERT_unfrozen_s2027,token_tensor_to_margin_FP32,Win64,3,32,1,1,1.0866127170156687,33.956647406739648,2
CodeBERT_unfrozen_s2027,token_tensor_to_margin_FP32,Win64,4,32,1,1,1.0958500278647989,34.245313370774966,2
CodeBERT_unfrozen_s2027,serialized_text_to_margin_FP32,Win64,0,32,1,1,1.3529555888380855,42.279862151190173,2
CodeBERT_unfrozen_s2027,serialized_text_to_margin_FP32,Win64,1,32,1,1,1.3540206479374319,42.313145248044748,2
CodeBERT_unfrozen_s2027,serialized_text_to_margin_FP32,Win64,2,32,1,1,1.3563873299863189,42.387104062072467,2
CodeBERT_unfrozen_s2027,serialized_text_to_margin_FP32,Win64,3,32,1,1,1.3492019958794117,42.162562371231616,2
CodeBERT_unfrozen_s2027,serialized_text_to_margin_FP32,Win64,4,32,1,1,1.3452912531793118,42.040351661853492,2
CodeBERT_unfrozen_s2027,feature_dictionary_to_margin_FP32,Win64,0,32,1,1,1.3363768211565912,41.761775661143474,2
CodeBERT_unfrozen_s2027,feature_dictionary_to_margin_FP32,Win64,1,32,1,1,1.3433813510928303,41.980667221650947,2
CodeBERT_unfrozen_s2027,feature_dictionary_to_margin_FP32,Win64,2,32,1,1,1.3378990169148892,41.809344278590288,2
CodeBERT_unfrozen_s2027,feature_dictionary_to_margin_FP32,Win64,3,32,1,1,1.3398825130425394,41.871328532579355,2
CodeBERT_unfrozen_s2027,feature_dictionary_to_margin_FP32,Win64,4,32,1,1,1.3508310799952596,42.213471249851864,2
CodeBERT_unfrozen_s2027,token_tensor_to_margin_FP32,Dot_Net,0,256,256,64,8.7603214310947806,34.220005590213987,2
CodeBERT_unfrozen_s2027,token_tensor_to_margin_FP32,Dot_Net,1,256,256,64,8.7833593478426337,34.309997452510288,2
CodeBERT_unfrozen_s2027,token_tensor_to_margin_FP32,Dot_Net,2,256,256,64,8.7820312220137566,34.304809460991237,2
CodeBERT_unfrozen_s2027,token_tensor_to_margin_FP32,Dot_Net,3,256,256,64,8.7759256639983505,34.280959624993557,2
CodeBERT_unfrozen_s2027,token_tensor_to_margin_FP32,Dot_Net,4,256,256,64,8.7888263962231576,34.33135311024671,2
CodeBERT_unfrozen_s2027,serialized_text_to_margin_FP32,Dot_Net,0,256,256,64,8.9924904890358448,35.126915972796269,2
CodeBERT_unfrozen_s2027,serialized_text_to_margin_FP32,Dot_Net,1,256,256,64,8.9686839159112424,35.03392154652829,2
CodeBERT_unfrozen_s2027,serialized_text_to_margin_FP32,Dot_Net,2,256,256,64,8.9929660849738866,35.128773769429245,2
CodeBERT_unfrozen_s2027,serialized_text_to_margin_FP32,Dot_Net,3,256,256,64,8.9918500930070877,35.124414425808936,2
CodeBERT_unfrozen_s2027,serialized_text_to_margin_FP32,Dot_Net,4,256,256,64,8.9932957640849054,35.130061578456662,2
CodeBERT_unfrozen_s2027,feature_dictionary_to_margin_FP32,Dot_Net,0,256,256,64,8.9789296169765294,35.073943816314568,2
CodeBERT_unfrozen_s2027,feature_dictionary_to_margin_FP32,Dot_Net,1,256,256,64,8.9936299829278141,35.131367120811774,2
CodeBERT_unfrozen_s2027,feature_dictionary_to_margin_FP32,Dot_Net,2,256,256,64,8.9804698741063476,35.07996044572792,2
CodeBERT_unfrozen_s2027,feature_dictionary_to_margin_FP32,Dot_Net,3,256,256,64,8.9991632699966431,35.152981523424387,2
CodeBERT_unfrozen_s2027,feature_dictionary_to_margin_FP32,Dot_Net,4,256,256,64,8.9866314542014152,35.104029117974278,2
CodeBERT_unfrozen_s2027,token_tensor_to_margin_FP32,Dot_Net,0,32,1,1,1.1532660538796335,36.039564183738548,2
CodeBERT_unfrozen_s2027,token_tensor_to_margin_FP32,Dot_Net,1,32,1,1,1.1355043151415884,35.484509848174639,2
CodeBERT_unfrozen_s2027,token_tensor_to_margin_FP32,Dot_Net,2,32,1,1,1.1351115768775344,35.47223677742295,2
CodeBERT_unfrozen_s2027,token_tensor_to_margin_FP32,Dot_Net,3,32,1,1,1.1415190000552684,35.672468751727138,2
CodeBERT_unfrozen_s2027,token_tensor_to_margin_FP32,Dot_Net,4,32,1,1,1.1464516799896955,35.826614999677986,2
CodeBERT_unfrozen_s2027,serialized_text_to_margin_FP32,Dot_Net,0,32,1,1,1.2099239320959896,37.810122877999675,2
CodeBERT_unfrozen_s2027,serialized_text_to_margin_FP32,Dot_Net,1,32,1,1,1.221126307034865,38.160197094839532,2
CodeBERT_unfrozen_s2027,serialized_text_to_margin_FP32,Dot_Net,2,32,1,1,1.2186824849341065,38.083827654190827,2
CodeBERT_unfrozen_s2027,serialized_text_to_margin_FP32,Dot_Net,3,32,1,1,1.2164148408919573,38.012963777873665,2
CodeBERT_unfrozen_s2027,serialized_text_to_margin_FP32,Dot_Net,4,32,1,1,1.2262697531841695,38.320929787005298,2
CodeBERT_unfrozen_s2027,feature_dictionary_to_margin_FP32,Dot_Net,0,32,1,1,1.216356007149443,38.011125223420095,2
CodeBERT_unfrozen_s2027,feature_dictionary_to_margin_FP32,Dot_Net,1,32,1,1,1.2264925199560821,38.327891248627566,2
CodeBERT_unfrozen_s2027,feature_dictionary_to_margin_FP32,Dot_Net,2,32,1,1,1.2228227409068495,38.213210653339047,2
CodeBERT_unfrozen_s2027,feature_dictionary_to_margin_FP32,Dot_Net,3,32,1,1,1.2298754150979221,38.433606721810065,2
CodeBERT_unfrozen_s2027,feature_dictionary_to_margin_FP32,Dot_Net,4,32,1,1,1.2164458909537643,38.013934092305135,2
CodeBERT_unfrozen_s2028,token_tensor_to_margin_FP32,Win32,0,256,256,64,8.993260411079973,35.129923480781144,2
CodeBERT_unfrozen_s2028,token_tensor_to_margin_FP32,Win32,1,256,256,64,8.9920526929199696,35.125205831718631,2
CodeBERT_unfrozen_s2028,token_tensor_to_margin_FP32,Win32,2,256,256,64,8.999750382034108,35.155274929820735,2
CodeBERT_unfrozen_s2028,token_tensor_to_margin_FP32,Win32,3,256,256,64,9.016172963893041,35.219425640207191,2
CodeBERT_unfrozen_s2028,token_tensor_to_margin_FP32,Win32,4,256,256,64,9.0050884778611362,35.176126866645063,2
CodeBERT_unfrozen_s2028,serialized_text_to_margin_FP32,Win32,0,256,256,64,9.6492110709659755,37.692230745960842,2
CodeBERT_unfrozen_s2028,serialized_text_to_margin_FP32,Win32,1,256,256,64,9.6489352609496564,37.691153363084595,2
CodeBERT_unfrozen_s2028,serialized_text_to_margin_FP32,Win32,2,256,256,64,9.6489489909727126,37.691206995987159,2
CodeBERT_unfrozen_s2028,serialized_text_to_margin_FP32,Win32,3,256,256,64,9.6406021011061966,37.658601957446081,2
CodeBERT_unfrozen_s2028,serialized_text_to_margin_FP32,Win32,4,256,256,64,9.6381861879490316,37.649164796675905,2
CodeBERT_unfrozen_s2028,feature_dictionary_to_margin_FP32,Win32,0,256,256,64,9.6611595321446657,37.7389044224401,2
CodeBERT_unfrozen_s2028,feature_dictionary_to_margin_FP32,Win32,1,256,256,64,9.6764678701292723,37.79870261769247,2
CodeBERT_unfrozen_s2028,feature_dictionary_to_margin_FP32,Win32,2,256,256,64,9.6796617968939245,37.811178894116892,2
CodeBERT_unfrozen_s2028,feature_dictionary_to_margin_FP32,Win32,3,256,256,64,9.678180563962087,37.805392827976902,2
CodeBERT_unfrozen_s2028,feature_dictionary_to_margin_FP32,Win32,4,256,256,64,9.664404998999089,37.751582027340191,2
CodeBERT_unfrozen_s2028,token_tensor_to_margin_FP32,Win32,0,32,1,1,1.1364576120395213,35.514300376235042,2
CodeBERT_unfrozen_s2028,token_tensor_to_margin_FP32,Win32,1,32,1,1,1.1380959230009466,35.565497593779583,2
CodeBERT_unfrozen_s2028,token_tensor_to_margin_FP32,Win32,2,32,1,1,1.1334429869893938,35.420093343418557,2
CodeBERT_unfrozen_s2028,token_tensor_to_margin_FP32,Win32,3,32,1,1,1.1334539309609681,35.420435342530254,2
CodeBERT_unfrozen_s2028,token_tensor_to_margin_FP32,Win32,4,32,1,1,1.141180720878765,35.661897527461406,2
CodeBERT_unfrozen_s2028,serialized_text_to_margin_FP32,Win32,0,32,1,1,1.3351245550438762,41.72264234512113,2
CodeBERT_unfrozen_s2028,serialized_text_to_margin_FP32,Win32,1,32,1,1,1.3247737030033022,41.399178218853194,2
CodeBERT_unfrozen_s2028,serialized_text_to_margin_FP32,Win32,2,32,1,1,1.3292444439139217,41.538888872310054,2
CodeBERT_unfrozen_s2028,serialized_text_to_margin_FP32,Win32,3,32,1,1,1.3208677941001952,41.277118565631099,2
CodeBERT_unfrozen_s2028,serialized_text_to_margin_FP32,Win32,4,32,1,1,1.339291020995006,41.852844406093936,2
CodeBERT_unfrozen_s2028,feature_dictionary_to_margin_FP32,Win32,0,32,1,1,1.3395828460343182,41.861963938572444,2
CodeBERT_unfrozen_s2028,feature_dictionary_to_margin_FP32,Win32,1,32,1,1,1.3215407221578062,41.298147567431442,2
CodeBERT_unfrozen_s2028,feature_dictionary_to_margin_FP32,Win32,2,32,1,1,1.3259312240406871,41.435350751271471,2
CodeBERT_unfrozen_s2028,feature_dictionary_to_margin_FP32,Win32,3,32,1,1,1.342394441133365,41.949826285417657,2
CodeBERT_unfrozen_s2028,feature_dictionary_to_margin_FP32,Win32,4,32,1,1,1.3321390300989151,41.629344690591097,2
CodeBERT_unfrozen_s2028,token_tensor_to_margin_FP32,Win64,0,256,256,64,8.8685256019234657,34.642678132513538,2
CodeBERT_unfrozen_s2028,token_tensor_to_margin_FP32,Win64,1,256,256,64,8.846934265922755,34.558336976260762,2
CodeBERT_unfrozen_s2028,token_tensor_to_margin_FP32,Win64,2,256,256,64,8.860946741187945,34.61307320776541,2
CodeBERT_unfrozen_s2028,token_tensor_to_margin_FP32,Win64,3,256,256,64,8.8614946359302849,34.615213421602675,2
CodeBERT_unfrozen_s2028,token_tensor_to_margin_FP32,Win64,4,256,256,64,8.8608069738838822,34.612527241733915,2
CodeBERT_unfrozen_s2028,serialized_text_to_margin_FP32,Win64,0,256,256,64,9.7222453840076923,37.977521031280048,2
CodeBERT_unfrozen_s2028,serialized_text_to_margin_FP32,Win64,1,256,256,64,9.7157232740428299,37.952044039229804,2
CodeBERT_unfrozen_s2028,serialized_text_to_margin_FP32,Win64,2,256,256,64,9.7048550469335169,37.90959002708405,2
CodeBERT_unfrozen_s2028,serialized_text_to_margin_FP32,Win64,3,256,256,64,9.7046172730624676,37.908661222900264,2
CodeBERT_unfrozen_s2028,serialized_text_to_margin_FP32,Win64,4,256,256,64,9.6936275269836187,37.865732527279761,2
CodeBERT_unfrozen_s2028,feature_dictionary_to_margin_FP32,Win64,0,256,256,64,9.7040478810667992,37.906437035417184,2
CodeBERT_unfrozen_s2028,feature_dictionary_to_margin_FP32,Win64,1,256,256,64,9.7245853331405669,37.98666145758034,2
CodeBERT_unfrozen_s2028,feature_dictionary_to_margin_FP32,Win64,2,256,256,64,9.7211801211815327,37.973359848365362,2
CodeBERT_unfrozen_s2028,feature_dictionary_to_margin_FP32,Win64,3,256,256,64,9.7126879589632154,37.94018733970006,2
CodeBERT_unfrozen_s2028,feature_dictionary_to_margin_FP32,Win64,4,256,256,64,9.718609370989725,37.963317855428613,2
CodeBERT_unfrozen_s2028,token_tensor_to_margin_FP32,Win64,0,32,1,1,1.0965934479609132,34.268545248778537,2
CodeBERT_unfrozen_s2028,token_tensor_to_margin_FP32,Win64,1,32,1,1,1.1132174171507359,34.788044285960495,2
CodeBERT_unfrozen_s2028,token_tensor_to_margin_FP32,Win64,2,32,1,1,1.112036274978891,34.751133593090344,2
CodeBERT_unfrozen_s2028,token_tensor_to_margin_FP32,Win64,3,32,1,1,1.1154198430012912,34.856870093790349,2
CodeBERT_unfrozen_s2028,token_tensor_to_margin_FP32,Win64,4,32,1,1,1.1153142428956926,34.853570090490393,2
CodeBERT_unfrozen_s2028,serialized_text_to_margin_FP32,Win64,0,32,1,1,1.32873764494434,41.523051404510625,2
CodeBERT_unfrozen_s2028,serialized_text_to_margin_FP32,Win64,1,32,1,1,1.3155710350256413,41.111594844551291,2
CodeBERT_unfrozen_s2028,serialized_text_to_margin_FP32,Win64,2,32,1,1,1.3194362060166895,41.232381438021548,2
CodeBERT_unfrozen_s2028,serialized_text_to_margin_FP32,Win64,3,32,1,1,1.3338314769789577,41.682233655592427,2
CodeBERT_unfrozen_s2028,serialized_text_to_margin_FP32,Win64,4,32,1,1,1.3462373449001461,42.069917028129566,2
CodeBERT_unfrozen_s2028,feature_dictionary_to_margin_FP32,Win64,0,32,1,1,1.3445910329464823,42.018469779577572,2
CodeBERT_unfrozen_s2028,feature_dictionary_to_margin_FP32,Win64,1,32,1,1,1.3429615679197013,41.967548997490667,2
CodeBERT_unfrozen_s2028,feature_dictionary_to_margin_FP32,Win64,2,32,1,1,1.3284766641445458,41.514895754517056,2
CodeBERT_unfrozen_s2028,feature_dictionary_to_margin_FP32,Win64,3,32,1,1,1.3284490960650146,41.514034252031706,2
CodeBERT_unfrozen_s2028,feature_dictionary_to_margin_FP32,Win64,4,32,1,1,1.3184091420844197,41.200285690138116,2
CodeBERT_unfrozen_s2028,token_tensor_to_margin_FP32,Dot_Net,0,256,256,64,8.9865100518800318,35.103554890156374,2
CodeBERT_unfrozen_s2028,token_tensor_to_margin_FP32,Dot_Net,1,256,256,64,9.0101003099698573,35.195704335819755,2
CodeBERT_unfrozen_s2028,token_tensor_to_margin_FP32,Dot_Net,2,256,256,64,9.0101673330646008,35.195966144783597,2
CodeBERT_unfrozen_s2028,token_tensor_to_margin_FP32,Dot_Net,3,256,256,64,9.0094071689527482,35.192996753721673,2
CodeBERT_unfrozen_s2028,token_tensor_to_margin_FP32,Dot_Net,4,256,256,64,9.0084720749873668,35.189344042919402,2
CodeBERT_unfrozen_s2028,serialized_text_to_margin_FP32,Dot_Net,0,256,256,64,9.1972710289992392,35.926839957028278,2
CodeBERT_unfrozen_s2028,serialized_text_to_margin_FP32,Dot_Net,1,256,256,64,9.1893179819453508,35.895773366974026,2
CodeBERT_unfrozen_s2028,serialized_text_to_margin_FP32,Dot_Net,2,256,256,64,9.2191926240921021,36.012471187859774,2
CodeBERT_unfrozen_s2028,serialized_text_to_margin_FP32,Dot_Net,3,256,256,64,9.1882673851214349,35.891669473130605,2
CodeBERT_unfrozen_s2028,serialized_text_to_margin_FP32,Dot_Net,4,256,256,64,9.2288915051613003,36.050357442036329,2
CodeBERT_unfrozen_s2028,feature_dictionary_to_margin_FP32,Dot_Net,0,256,256,64,9.2429920879658312,36.105437843616528,2
CodeBERT_unfrozen_s2028,feature_dictionary_to_margin_FP32,Dot_Net,1,256,256,64,9.2137544748838991,35.991228417515231,2
CodeBERT_unfrozen_s2028,feature_dictionary_to_margin_FP32,Dot_Net,2,256,256,64,9.2337200469337404,36.069218933334923,2
CodeBERT_unfrozen_s2028,feature_dictionary_to_margin_FP32,Dot_Net,3,256,256,64,9.2191293849609792,36.012224160003825,2
CodeBERT_unfrozen_s2028,feature_dictionary_to_margin_FP32,Dot_Net,4,256,256,64,9.2327480618841946,36.065422116735135,2
CodeBERT_unfrozen_s2028,token_tensor_to_margin_FP32,Dot_Net,0,32,1,1,1.1726026439573616,36.643832623667549,2
CodeBERT_unfrozen_s2028,token_tensor_to_margin_FP32,Dot_Net,1,32,1,1,1.1659187539480627,36.434961060876958,2
CodeBERT_unfrozen_s2028,token_tensor_to_margin_FP32,Dot_Net,2,32,1,1,1.1693054579664022,36.540795561450068,2
CodeBERT_unfrozen_s2028,token_tensor_to_margin_FP32,Dot_Net,3,32,1,1,1.1784662711434066,36.827070973231457,2
CodeBERT_unfrozen_s2028,token_tensor_to_margin_FP32,Dot_Net,4,32,1,1,1.1825356348417699,36.95423858880531,2
CodeBERT_unfrozen_s2028,serialized_text_to_margin_FP32,Dot_Net,0,32,1,1,1.2605902231298387,39.39344447280746,2
CodeBERT_unfrozen_s2028,serialized_text_to_margin_FP32,Dot_Net,1,32,1,1,1.2450891539920121,38.909036062250379,2
CodeBERT_unfrozen_s2028,serialized_text_to_margin_FP32,Dot_Net,2,32,1,1,1.250187308061868,39.068353376933374,2
CodeBERT_unfrozen_s2028,serialized_text_to_margin_FP32,Dot_Net,3,32,1,1,1.2395934639498591,38.737295748433098,2
CodeBERT_unfrozen_s2028,serialized_text_to_margin_FP32,Dot_Net,4,32,1,1,1.2482943369541317,39.009198029816616,2
CodeBERT_unfrozen_s2028,feature_dictionary_to_margin_FP32,Dot_Net,0,32,1,1,1.2520416670013219,39.12630209379131,2
CodeBERT_unfrozen_s2028,feature_dictionary_to_margin_FP32,Dot_Net,1,32,1,1,1.2547253128141165,39.21016602544114,2
CodeBERT_unfrozen_s2028,feature_dictionary_to_margin_FP32,Dot_Net,2,32,1,1,1.2408773091156036,38.777415909862611,2
CodeBERT_unfrozen_s2028,feature_dictionary_to_margin_FP32,Dot_Net,3,32,1,1,1.2543827500194311,39.199460938107222,2
CodeBERT_unfrozen_s2028,feature_dictionary_to_margin_FP32,Dot_Net,4,32,1,1,1.2601948431693017,39.38108884904068,2
