row_id,file_type,label,source_file,source_line
0,Win32,1,2023-10-29_2023-11-04_Win32_train.jsonl,8699
1,Win32,1,2024-01-14_2024-01-20_Win32_train.jsonl,935
7,Win32,0,2023-12-31_2024-01-06_Win32_train.jsonl,12208
24,Win32,0,2024-02-11_2024-02-17_Win32_train.jsonl,15573
52,Win32,0,2023-10-22_2023-10-28_Win32_train.jsonl,26073
80,Win32,1,2024-03-17_2024-03-23_Win32_train.jsonl,20410
100,Win32,1,2024-01-21_2024-01-27_Win32_train.jsonl,17440
114,Win32,1,2024-03-03_2024-03-09_Win32_train.jsonl,22771
125,Win32,0,2024-01-21_2024-01-27_Win32_train.jsonl,5116
190,Win32,1,2024-03-03_2024-03-09_Win32_train.jsonl,20843
253,Win32,1,2024-03-24_2024-03-30_Win32_train.jsonl,16029
262,Win32,0,2024-02-11_2024-02-17_Win32_train.jsonl,13503
267,Win32,0,2023-09-24_2023-09-30_Win32_train.jsonl,268
279,Win32,0,2024-09-08_2024-09-14_Win32_train.jsonl,12969
284,Win32,0,2024-07-14_2024-07-20_Win32_train.jsonl,11881
310,Win32,1,2023-10-15_2023-10-21_Win32_train.jsonl,1027
327,Win32,0,2024-03-10_2024-03-16_Win32_train.jsonl,3055
409,Win32,0,2024-01-14_2024-01-20_Win32_train.jsonl,28446
424,Win32,0,2024-05-26_2024-06-01_Win32_train.jsonl,13130
499,Win32,0,2024-06-16_2024-06-22_Win32_train.jsonl,10814
508,Win32,0,2024-08-18_2024-08-24_Win32_train.jsonl,14840
521,Win32,0,2023-10-08_2023-10-14_Win32_train.jsonl,7060
522,Win32,0,2023-09-24_2023-09-30_Win32_train.jsonl,523
562,Win32,1,2024-06-02_2024-06-08_Win32_train.jsonl,13014
564,Win32,0,2024-08-11_2024-08-17_Win32_train.jsonl,10507
571,Win32,1,2024-01-28_2024-02-03_Win32_train.jsonl,1281
635,Win32,1,2023-10-01_2023-10-07_Win32_train.jsonl,27075
648,Win32,1,2023-12-31_2024-01-06_Win32_train.jsonl,29365
714,Win32,1,2024-06-16_2024-06-22_Win32_train.jsonl,23465
823,Win32,1,2024-04-07_2024-04-13_Win32_train.jsonl,12787
896,Win32,0,2024-08-11_2024-08-17_Win32_train.jsonl,17066
925,Win32,0,2024-06-16_2024-06-22_Win32_train.jsonl,671
986,Win32,0,2023-11-12_2023-11-18_Win32_train.jsonl,15272
991,Win32,1,2024-09-08_2024-09-14_Win32_train.jsonl,22962
1027,Win32,0,2023-11-19_2023-11-25_Win32_train.jsonl,10496
1083,Win32,0,2024-04-07_2024-04-13_Win32_train.jsonl,1625
1101,Win32,1,2023-10-15_2023-10-21_Win32_train.jsonl,17989
1181,Win32,0,2024-03-24_2024-03-30_Win32_train.jsonl,15840
1188,Win32,0,2024-04-07_2024-04-13_Win32_train.jsonl,2294
1234,Win32,1,2024-04-07_2024-04-13_Win32_train.jsonl,28714
1259,Win32,1,2024-09-01_2024-09-07_Win32_train.jsonl,19617
1284,Win32,0,2024-03-31_2024-04-06_Win32_train.jsonl,14573
1296,Win32,1,2023-12-31_2024-01-06_Win32_train.jsonl,5232
1316,Win32,0,2023-10-15_2023-10-21_Win32_train.jsonl,18981
1339,Win32,1,2023-12-17_2023-12-23_Win32_train.jsonl,27475
1470,Win32,0,2024-08-04_2024-08-10_Win32_train.jsonl,24804
1473,Win32,1,2024-08-11_2024-08-17_Win32_train.jsonl,713
1503,Win32,0,2023-09-24_2023-09-30_Win32_train.jsonl,1504
1546,Win32,1,2024-06-23_2024-06-29_Win32_train.jsonl,23008
1549,Win32,1,2024-02-18_2024-02-24_Win32_train.jsonl,3092
1559,Win32,1,2024-08-18_2024-08-24_Win32_train.jsonl,12924
1617,Win32,0,2024-07-14_2024-07-20_Win32_train.jsonl,19905
1621,Win32,1,2024-04-14_2024-04-20_Win32_train.jsonl,21000
1630,Win32,1,2024-09-08_2024-09-14_Win32_train.jsonl,16896
1635,Win32,0,2024-01-21_2024-01-27_Win32_train.jsonl,22923
1665,Win32,0,2024-02-25_2024-03-02_Win32_train.jsonl,29547
1673,Win32,1,2024-01-14_2024-01-20_Win32_train.jsonl,8229
1691,Win32,1,2024-06-09_2024-06-15_Win32_train.jsonl,20494
1794,Win32,1,2024-09-15_2024-09-21_Win32_train.jsonl,22854
1813,Win32,1,2024-01-21_2024-01-27_Win32_train.jsonl,9733
1867,Win32,1,2024-09-01_2024-09-07_Win32_train.jsonl,22480
1891,Win32,0,2023-12-17_2023-12-23_Win32_train.jsonl,24601
1918,Win32,0,2023-12-17_2023-12-23_Win32_train.jsonl,14488
1924,Win32,1,2024-06-30_2024-07-06_Win32_train.jsonl,9947
1940,Win32,1,2023-12-24_2023-12-30_Win32_train.jsonl,4411
1953,Win32,0,2024-01-28_2024-02-03_Win32_train.jsonl,11267
1959,Win32,0,2023-11-12_2023-11-18_Win32_train.jsonl,5093
2129,Win32,0,2024-04-28_2024-05-04_Win32_train.jsonl,13034
2133,Win32,0,2024-06-16_2024-06-22_Win32_train.jsonl,15734
2134,Win32,0,2024-06-09_2024-06-15_Win32_train.jsonl,20653
2141,Win32,1,2024-04-14_2024-04-20_Win32_train.jsonl,19372
2151,Win32,0,2024-08-25_2024-08-31_Win32_train.jsonl,16642
2155,Win32,1,2024-08-25_2024-08-31_Win32_train.jsonl,1748
2186,Win32,0,2023-12-31_2024-01-06_Win32_train.jsonl,10766
2187,Win32,1,2024-04-07_2024-04-13_Win32_train.jsonl,29410
2194,Win32,1,2023-10-29_2023-11-04_Win32_train.jsonl,27001
2211,Win32,0,2024-08-11_2024-08-17_Win32_train.jsonl,10480
2243,Win32,1,2024-03-24_2024-03-30_Win32_train.jsonl,20402
2259,Win32,1,2024-04-28_2024-05-04_Win32_train.jsonl,965
2287,Win32,1,2024-02-11_2024-02-17_Win32_train.jsonl,22287
2290,Win32,1,2023-12-03_2023-12-09_Win32_train.jsonl,19741
2293,Win32,0,2024-03-17_2024-03-23_Win32_train.jsonl,29159
2308,Win32,1,2023-12-10_2023-12-16_Win32_train.jsonl,28651
2317,Win32,0,2023-12-31_2024-01-06_Win32_train.jsonl,19807
2400,Win32,1,2024-03-31_2024-04-06_Win32_train.jsonl,23719
2407,Win32,1,2024-06-09_2024-06-15_Win32_train.jsonl,3010
2412,Win32,0,2024-04-21_2024-04-27_Win32_train.jsonl,19976
2424,Win32,1,2023-12-31_2024-01-06_Win32_train.jsonl,4638
2436,Win32,0,2024-08-25_2024-08-31_Win32_train.jsonl,25434
2464,Win32,1,2024-07-21_2024-07-27_Win32_train.jsonl,19697
2473,Win32,1,2024-07-28_2024-08-03_Win32_train.jsonl,15175
2508,Win32,1,2024-04-14_2024-04-20_Win32_train.jsonl,27120
2549,Win32,1,2024-02-25_2024-03-02_Win32_train.jsonl,16830
2585,Win32,1,2024-05-26_2024-06-01_Win32_train.jsonl,24381
2593,Win32,1,2023-10-08_2023-10-14_Win32_train.jsonl,14660
2602,Win32,1,2023-12-31_2024-01-06_Win32_train.jsonl,23117
2606,Win32,0,2023-11-12_2023-11-18_Win32_train.jsonl,29842
2695,Win32,0,2024-05-26_2024-06-01_Win32_train.jsonl,18563
2714,Win32,0,2024-06-02_2024-06-08_Win32_train.jsonl,16780
2738,Win32,1,2024-08-25_2024-08-31_Win32_train.jsonl,15601
2745,Win32,0,2024-02-11_2024-02-17_Win32_train.jsonl,16040
2752,Win32,1,2024-08-11_2024-08-17_Win32_train.jsonl,25296
2762,Win32,1,2024-07-28_2024-08-03_Win32_train.jsonl,761
2772,Win32,1,2024-09-08_2024-09-14_Win32_train.jsonl,7628
2779,Win32,0,2023-12-17_2023-12-23_Win32_train.jsonl,14362
2787,Win32,0,2024-09-08_2024-09-14_Win32_train.jsonl,21817
2820,Win32,0,2024-01-14_2024-01-20_Win32_train.jsonl,630
2845,Win32,1,2024-07-07_2024-07-13_Win32_train.jsonl,3953
2885,Win32,0,2023-12-17_2023-12-23_Win32_train.jsonl,13844
2891,Win32,1,2024-09-08_2024-09-14_Win32_train.jsonl,28882
2902,Win32,0,2024-05-05_2024-05-11_Win32_train.jsonl,307
2941,Win32,1,2024-06-16_2024-06-22_Win32_train.jsonl,15351
3000,Win32,1,2023-11-12_2023-11-18_Win32_train.jsonl,24402
3005,Win32,1,2023-12-31_2024-01-06_Win32_train.jsonl,29696
3016,Win32,0,2024-05-19_2024-05-25_Win32_train.jsonl,18241
3037,Win32,0,2023-11-05_2023-11-11_Win32_train.jsonl,3588
3119,Win32,1,2024-06-09_2024-06-15_Win32_train.jsonl,2093
3120,Win32,0,2023-12-03_2023-12-09_Win32_train.jsonl,14090
3151,Win32,1,2024-06-23_2024-06-29_Win32_train.jsonl,15919
3171,Win32,0,2023-10-29_2023-11-04_Win32_train.jsonl,18942
3244,Win32,1,2024-07-07_2024-07-13_Win32_train.jsonl,11218
3249,Win32,0,2024-03-10_2024-03-16_Win32_train.jsonl,11939
3301,Win32,1,2024-04-21_2024-04-27_Win32_train.jsonl,7873
3303,Win32,1,2024-02-11_2024-02-17_Win32_train.jsonl,11738
3340,Win32,0,2024-03-17_2024-03-23_Win32_train.jsonl,15456
3364,Win32,1,2024-08-04_2024-08-10_Win32_train.jsonl,27723
3390,Win32,1,2024-02-25_2024-03-02_Win32_train.jsonl,10042
3394,Win32,1,2024-06-23_2024-06-29_Win32_train.jsonl,4105
3437,Win32,0,2024-08-04_2024-08-10_Win32_train.jsonl,20877
3455,Win32,0,2023-10-15_2023-10-21_Win32_train.jsonl,24048
3464,Win32,1,2023-10-15_2023-10-21_Win32_train.jsonl,19892
3554,Win32,0,2024-08-25_2024-08-31_Win32_train.jsonl,4570
3628,Win32,0,2024-08-04_2024-08-10_Win32_train.jsonl,4226
3666,Win32,0,2024-07-21_2024-07-27_Win32_train.jsonl,8513
3692,Win32,0,2024-08-25_2024-08-31_Win32_train.jsonl,18704
3694,Win32,1,2023-12-03_2023-12-09_Win32_train.jsonl,5042
3731,Win32,0,2024-09-08_2024-09-14_Win32_train.jsonl,28154
3733,Win32,1,2023-12-31_2024-01-06_Win32_train.jsonl,19540
3738,Win32,0,2023-10-15_2023-10-21_Win32_train.jsonl,89
3774,Win32,1,2024-04-21_2024-04-27_Win32_train.jsonl,18664
3805,Win32,1,2024-08-18_2024-08-24_Win32_train.jsonl,20131
3807,Win32,1,2024-03-31_2024-04-06_Win32_train.jsonl,21495
3820,Win32,0,2024-09-08_2024-09-14_Win32_train.jsonl,27797
3823,Win32,1,2024-05-26_2024-06-01_Win32_train.jsonl,28444
3828,Win32,1,2023-09-24_2023-09-30_Win32_train.jsonl,3829
3839,Win32,1,2024-09-01_2024-09-07_Win32_train.jsonl,24988
3847,Win32,0,2024-09-15_2024-09-21_Win32_train.jsonl,7582
3872,Win32,1,2023-10-22_2023-10-28_Win32_train.jsonl,19515
3890,Win32,1,2023-10-22_2023-10-28_Win32_train.jsonl,28837
3894,Win32,0,2024-03-31_2024-04-06_Win32_train.jsonl,11864
3906,Win32,0,2023-11-12_2023-11-18_Win32_train.jsonl,19045
3925,Win32,1,2024-06-16_2024-06-22_Win32_train.jsonl,995
3940,Win32,1,2024-02-11_2024-02-17_Win32_train.jsonl,26296
3976,Win32,1,2024-06-02_2024-06-08_Win32_train.jsonl,4259
3992,Win32,0,2023-10-08_2023-10-14_Win32_train.jsonl,6856
4014,Win32,0,2024-02-11_2024-02-17_Win32_train.jsonl,25129
4032,Win32,0,2024-01-07_2024-01-13_Win32_train.jsonl,28472
4065,Win32,1,2024-05-26_2024-06-01_Win32_train.jsonl,27367
4071,Win32,0,2024-02-25_2024-03-02_Win32_train.jsonl,1328
4123,Win32,1,2023-12-17_2023-12-23_Win32_train.jsonl,18252
4146,Win32,0,2024-07-28_2024-08-03_Win32_train.jsonl,21729
4169,Win32,0,2023-12-03_2023-12-09_Win32_train.jsonl,23444
4185,Win32,1,2023-11-19_2023-11-25_Win32_train.jsonl,14476
4192,Win32,0,2023-12-17_2023-12-23_Win32_train.jsonl,21199
4224,Win32,0,2024-04-21_2024-04-27_Win32_train.jsonl,28131
4227,Win32,1,2024-06-16_2024-06-22_Win32_train.jsonl,13576
4234,Win32,0,2024-06-30_2024-07-06_Win32_train.jsonl,26620
4277,Win32,1,2024-06-09_2024-06-15_Win32_train.jsonl,3006
4280,Win32,1,2024-02-04_2024-02-10_Win32_train.jsonl,25897
4295,Win32,0,2024-03-24_2024-03-30_Win32_train.jsonl,19036
4298,Win32,0,2024-07-14_2024-07-20_Win32_train.jsonl,3313
4330,Win32,0,2023-12-31_2024-01-06_Win32_train.jsonl,4378
4336,Win32,1,2024-04-14_2024-04-20_Win32_train.jsonl,14223
4343,Win32,0,2023-12-24_2023-12-30_Win32_train.jsonl,16226
4361,Win32,1,2023-10-29_2023-11-04_Win32_train.jsonl,28516
4381,Win32,0,2024-03-24_2024-03-30_Win32_train.jsonl,27541
4388,Win32,1,2024-07-14_2024-07-20_Win32_train.jsonl,24573
4415,Win32,1,2024-02-25_2024-03-02_Win32_train.jsonl,15022
4467,Win32,0,2024-07-28_2024-08-03_Win32_train.jsonl,19324
4474,Win32,1,2023-10-29_2023-11-04_Win32_train.jsonl,21451
4482,Win32,1,2024-03-31_2024-04-06_Win32_train.jsonl,11299
4487,Win32,0,2024-04-28_2024-05-04_Win32_train.jsonl,6962
4511,Win32,1,2024-08-11_2024-08-17_Win32_train.jsonl,14464
4530,Win32,1,2024-04-14_2024-04-20_Win32_train.jsonl,11054
4573,Win32,1,2024-05-19_2024-05-25_Win32_train.jsonl,29179
4612,Win32,1,2023-11-26_2023-12-02_Win32_train.jsonl,17301
4614,Win32,0,2024-01-21_2024-01-27_Win32_train.jsonl,15742
4624,Win32,1,2024-03-03_2024-03-09_Win32_train.jsonl,27542
4684,Win32,0,2024-02-25_2024-03-02_Win32_train.jsonl,14118
4725,Win32,1,2024-04-07_2024-04-13_Win32_train.jsonl,26715
4742,Win32,1,2024-02-11_2024-02-17_Win32_train.jsonl,9636
4759,Win32,1,2024-03-17_2024-03-23_Win32_train.jsonl,19036
4767,Win32,1,2024-06-30_2024-07-06_Win32_train.jsonl,3299
4799,Win32,0,2024-02-18_2024-02-24_Win32_train.jsonl,3366
4800,Win32,1,2024-06-16_2024-06-22_Win32_train.jsonl,23747
4822,Win32,1,2024-03-10_2024-03-16_Win32_train.jsonl,22712
4839,Win32,1,2024-04-07_2024-04-13_Win32_train.jsonl,29340
4840,Win32,1,2024-05-05_2024-05-11_Win32_train.jsonl,14685
4844,Win32,0,2024-02-04_2024-02-10_Win32_train.jsonl,9495
4870,Win32,0,2024-03-17_2024-03-23_Win32_train.jsonl,4534
4872,Win32,1,2023-11-12_2023-11-18_Win32_train.jsonl,15403
4888,Win32,1,2024-07-07_2024-07-13_Win32_train.jsonl,12024
4891,Win32,1,2023-09-24_2023-09-30_Win32_train.jsonl,4892
4920,Win32,1,2023-10-22_2023-10-28_Win32_train.jsonl,5549
4945,Win32,0,2024-06-16_2024-06-22_Win32_train.jsonl,24416
4949,Win32,1,2023-12-24_2023-12-30_Win32_train.jsonl,16465
4952,Win32,1,2024-08-04_2024-08-10_Win32_train.jsonl,23705
4961,Win32,1,2024-01-14_2024-01-20_Win32_train.jsonl,6173
5006,Win32,0,2023-12-31_2024-01-06_Win32_train.jsonl,17757
5015,Win32,1,2024-06-30_2024-07-06_Win32_train.jsonl,18271
5021,Win32,0,2024-01-21_2024-01-27_Win32_train.jsonl,4795
5055,Win32,0,2024-08-18_2024-08-24_Win32_train.jsonl,17279
5091,Win32,1,2023-12-31_2024-01-06_Win32_train.jsonl,7995
5097,Win32,0,2023-12-17_2023-12-23_Win32_train.jsonl,27418
5132,Win32,0,2023-09-24_2023-09-30_Win32_train.jsonl,5133
5137,Win32,1,2023-09-24_2023-09-30_Win32_train.jsonl,5138
5156,Win32,0,2024-04-14_2024-04-20_Win32_train.jsonl,29840
5228,Win32,0,2024-02-11_2024-02-17_Win32_train.jsonl,17509
5247,Win32,1,2024-03-10_2024-03-16_Win32_train.jsonl,17630
5309,Win32,0,2024-05-26_2024-06-01_Win32_train.jsonl,19901
5330,Win32,1,2024-09-15_2024-09-21_Win32_train.jsonl,16586
5347,Win32,1,2024-07-28_2024-08-03_Win32_train.jsonl,15304
5369,Win32,0,2024-05-26_2024-06-01_Win32_train.jsonl,16708
5385,Win32,0,2024-08-11_2024-08-17_Win32_train.jsonl,26160
5395,Win32,0,2024-01-14_2024-01-20_Win32_train.jsonl,13784
5441,Win32,0,2023-11-19_2023-11-25_Win32_train.jsonl,3558
5446,Win32,0,2024-01-14_2024-01-20_Win32_train.jsonl,3996
5455,Win32,0,2024-06-02_2024-06-08_Win32_train.jsonl,481
5466,Win32,1,2024-01-21_2024-01-27_Win32_train.jsonl,5219
5469,Win32,1,2023-12-10_2023-12-16_Win32_train.jsonl,2685
5487,Win32,1,2024-07-07_2024-07-13_Win32_train.jsonl,10718
5489,Win32,1,2023-11-19_2023-11-25_Win32_train.jsonl,6654
5509,Win32,0,2024-05-19_2024-05-25_Win32_train.jsonl,226
5513,Win32,0,2024-07-07_2024-07-13_Win32_train.jsonl,17611
5591,Win32,1,2024-04-07_2024-04-13_Win32_train.jsonl,14114
5621,Win32,1,2024-03-31_2024-04-06_Win32_train.jsonl,10109
5650,Win32,1,2024-05-12_2024-05-18_Win32_train.jsonl,28923
5663,Win32,1,2024-01-07_2024-01-13_Win32_train.jsonl,2093
5698,Win32,1,2024-01-07_2024-01-13_Win32_train.jsonl,8510
5744,Win32,1,2024-09-01_2024-09-07_Win32_train.jsonl,28066
5764,Win32,0,2024-07-21_2024-07-27_Win32_train.jsonl,1489
5776,Win32,0,2023-10-08_2023-10-14_Win32_train.jsonl,20449
5838,Win32,0,2024-01-07_2024-01-13_Win32_train.jsonl,3000
5861,Win32,0,2023-10-22_2023-10-28_Win32_train.jsonl,301
5863,Win32,1,2024-01-14_2024-01-20_Win32_train.jsonl,15130
5873,Win32,0,2023-12-03_2023-12-09_Win32_train.jsonl,23194
5882,Win32,0,2024-04-07_2024-04-13_Win32_train.jsonl,29370
5883,Win32,0,2023-12-31_2024-01-06_Win32_train.jsonl,11751
5903,Win32,0,2023-10-22_2023-10-28_Win32_train.jsonl,22406
5928,Win32,0,2024-08-04_2024-08-10_Win32_train.jsonl,17414
5966,Win32,0,2024-04-21_2024-04-27_Win32_train.jsonl,6086
5970,Win32,0,2023-09-24_2023-09-30_Win32_train.jsonl,5971
5984,Win32,0,2024-06-30_2024-07-06_Win32_train.jsonl,7303
6004,Win32,1,2024-03-03_2024-03-09_Win32_train.jsonl,5030
6012,Win32,1,2024-05-19_2024-05-25_Win32_train.jsonl,15254
6015,Win32,0,2024-07-07_2024-07-13_Win32_train.jsonl,26557
54025,Win64,1,2024-05-26_2024-06-01_Win64_train.jsonl,658
54082,Win64,1,2024-01-14_2024-01-20_Win64_train.jsonl,5189
54096,Win64,1,2024-02-04_2024-02-10_Win64_train.jsonl,4953
54158,Win64,1,2023-12-24_2023-12-30_Win64_train.jsonl,8900
54171,Win64,0,2024-09-08_2024-09-14_Win64_train.jsonl,5267
54174,Win64,0,2023-09-24_2023-09-30_Win64_train.jsonl,175
54201,Win64,0,2024-08-18_2024-08-24_Win64_train.jsonl,3702
54254,Win64,0,2023-09-24_2023-09-30_Win64_train.jsonl,255
54298,Win64,1,2024-06-30_2024-07-06_Win64_train.jsonl,9075
54323,Win64,1,2024-03-17_2024-03-23_Win64_train.jsonl,9081
54335,Win64,0,2024-03-31_2024-04-06_Win64_train.jsonl,1801
54370,Win64,0,2024-05-05_2024-05-11_Win64_train.jsonl,2967
54375,Win64,0,2024-04-21_2024-04-27_Win64_train.jsonl,8842
54385,Win64,0,2024-05-19_2024-05-25_Win64_train.jsonl,4010
54437,Win64,0,2024-04-28_2024-05-04_Win64_train.jsonl,1453
54442,Win64,1,2024-01-07_2024-01-13_Win64_train.jsonl,1780
54466,Win64,1,2023-09-24_2023-09-30_Win64_train.jsonl,467
54478,Win64,0,2024-02-04_2024-02-10_Win64_train.jsonl,9314
54493,Win64,0,2024-04-28_2024-05-04_Win64_train.jsonl,5551
54534,Win64,1,2024-08-11_2024-08-17_Win64_train.jsonl,2411
54545,Win64,0,2024-04-07_2024-04-13_Win64_train.jsonl,1238
54551,Win64,0,2024-04-21_2024-04-27_Win64_train.jsonl,6787
54557,Win64,0,2024-01-21_2024-01-27_Win64_train.jsonl,6526
54584,Win64,0,2024-09-08_2024-09-14_Win64_train.jsonl,576
54622,Win64,0,2024-05-05_2024-05-11_Win64_train.jsonl,7647
54632,Win64,1,2024-09-15_2024-09-21_Win64_train.jsonl,4805
54642,Win64,0,2024-06-23_2024-06-29_Win64_train.jsonl,9653
54650,Win64,0,2023-11-19_2023-11-25_Win64_train.jsonl,904
54711,Win64,0,2023-11-19_2023-11-25_Win64_train.jsonl,5116
54760,Win64,0,2024-08-11_2024-08-17_Win64_train.jsonl,9661
54791,Win64,1,2023-09-24_2023-09-30_Win64_train.jsonl,792
54800,Win64,1,2024-01-14_2024-01-20_Win64_train.jsonl,9979
54833,Win64,1,2023-11-12_2023-11-18_Win64_train.jsonl,6417
54862,Win64,0,2023-12-10_2023-12-16_Win64_train.jsonl,705
54882,Win64,0,2024-01-14_2024-01-20_Win64_train.jsonl,7802
54889,Win64,0,2024-03-17_2024-03-23_Win64_train.jsonl,8209
54899,Win64,1,2024-07-07_2024-07-13_Win64_train.jsonl,9649
54977,Win64,1,2024-04-14_2024-04-20_Win64_train.jsonl,6708
54996,Win64,1,2024-05-05_2024-05-11_Win64_train.jsonl,3386
55120,Win64,1,2024-05-05_2024-05-11_Win64_train.jsonl,7025
55129,Win64,0,2023-12-31_2024-01-06_Win64_train.jsonl,9023
55134,Win64,1,2024-08-11_2024-08-17_Win64_train.jsonl,8923
55143,Win64,1,2024-03-10_2024-03-16_Win64_train.jsonl,3507
55157,Win64,1,2024-08-04_2024-08-10_Win64_train.jsonl,3581
55225,Win64,0,2023-10-29_2023-11-04_Win64_train.jsonl,8020
55259,Win64,0,2024-01-21_2024-01-27_Win64_train.jsonl,666
55315,Win64,0,2023-10-29_2023-11-04_Win64_train.jsonl,8749
55316,Win64,0,2024-03-10_2024-03-16_Win64_train.jsonl,2912
55332,Win64,0,2024-02-18_2024-02-24_Win64_train.jsonl,1310
55336,Win64,0,2024-04-07_2024-04-13_Win64_train.jsonl,1711
55383,Win64,1,2024-02-11_2024-02-17_Win64_train.jsonl,1128
55412,Win64,1,2024-04-07_2024-04-13_Win64_train.jsonl,5836
55441,Win64,1,2024-03-10_2024-03-16_Win64_train.jsonl,2709
55443,Win64,1,2024-06-23_2024-06-29_Win64_train.jsonl,5268
55550,Win64,1,2024-07-14_2024-07-20_Win64_train.jsonl,3473
55586,Win64,1,2024-06-02_2024-06-08_Win64_train.jsonl,4677
55671,Win64,0,2024-01-07_2024-01-13_Win64_train.jsonl,6219
55706,Win64,1,2024-01-28_2024-02-03_Win64_train.jsonl,7576
55720,Win64,1,2024-01-14_2024-01-20_Win64_train.jsonl,4787
55731,Win64,1,2023-12-10_2023-12-16_Win64_train.jsonl,6858
55747,Win64,1,2024-02-25_2024-03-02_Win64_train.jsonl,9813
55755,Win64,1,2023-09-24_2023-09-30_Win64_train.jsonl,1756
55770,Win64,0,2024-01-14_2024-01-20_Win64_train.jsonl,6108
55780,Win64,1,2024-08-11_2024-08-17_Win64_train.jsonl,383
55795,Win64,0,2024-01-07_2024-01-13_Win64_train.jsonl,6639
55841,Win64,0,2024-01-07_2024-01-13_Win64_train.jsonl,1264
55850,Win64,0,2024-07-21_2024-07-27_Win64_train.jsonl,4643
55860,Win64,1,2023-11-05_2023-11-11_Win64_train.jsonl,3066
55861,Win64,1,2023-11-19_2023-11-25_Win64_train.jsonl,9511
55887,Win64,0,2024-03-10_2024-03-16_Win64_train.jsonl,2208
55912,Win64,0,2023-12-24_2023-12-30_Win64_train.jsonl,6880
55935,Win64,1,2024-01-14_2024-01-20_Win64_train.jsonl,7676
55953,Win64,1,2024-04-07_2024-04-13_Win64_train.jsonl,1261
55971,Win64,1,2024-08-25_2024-08-31_Win64_train.jsonl,4753
55975,Win64,1,2024-07-14_2024-07-20_Win64_train.jsonl,408
55984,Win64,0,2024-06-23_2024-06-29_Win64_train.jsonl,2346
55999,Win64,0,2023-09-24_2023-09-30_Win64_train.jsonl,2000
56012,Win64,0,2024-01-07_2024-01-13_Win64_train.jsonl,8811
56021,Win64,0,2024-06-02_2024-06-08_Win64_train.jsonl,2084
56037,Win64,1,2024-06-30_2024-07-06_Win64_train.jsonl,849
56108,Win64,1,2023-11-12_2023-11-18_Win64_train.jsonl,7586
56113,Win64,0,2023-12-31_2024-01-06_Win64_train.jsonl,3028
56142,Win64,0,2024-03-31_2024-04-06_Win64_train.jsonl,6355
56167,Win64,1,2024-03-03_2024-03-09_Win64_train.jsonl,8445
56174,Win64,1,2023-12-31_2024-01-06_Win64_train.jsonl,4351
56188,Win64,0,2024-07-21_2024-07-27_Win64_train.jsonl,4003
56239,Win64,1,2023-09-24_2023-09-30_Win64_train.jsonl,2240
56360,Win64,1,2024-01-07_2024-01-13_Win64_train.jsonl,8968
56428,Win64,1,2024-01-21_2024-01-27_Win64_train.jsonl,8086
56450,Win64,0,2024-01-21_2024-01-27_Win64_train.jsonl,9265
56459,Win64,0,2023-12-31_2024-01-06_Win64_train.jsonl,8852
56469,Win64,0,2023-11-12_2023-11-18_Win64_train.jsonl,691
56476,Win64,0,2024-06-16_2024-06-22_Win64_train.jsonl,892
56492,Win64,0,2023-09-24_2023-09-30_Win64_train.jsonl,2493
56508,Win64,0,2024-01-28_2024-02-03_Win64_train.jsonl,5170
56521,Win64,1,2023-11-05_2023-11-11_Win64_train.jsonl,1579
56576,Win64,0,2024-05-26_2024-06-01_Win64_train.jsonl,322
56586,Win64,0,2023-09-24_2023-09-30_Win64_train.jsonl,2587
56628,Win64,0,2024-03-10_2024-03-16_Win64_train.jsonl,4901
56647,Win64,0,2024-03-31_2024-04-06_Win64_train.jsonl,4787
56669,Win64,1,2023-12-31_2024-01-06_Win64_train.jsonl,3036
56674,Win64,0,2024-07-21_2024-07-27_Win64_train.jsonl,3313
56686,Win64,0,2023-09-24_2023-09-30_Win64_train.jsonl,2687
56694,Win64,1,2024-03-17_2024-03-23_Win64_train.jsonl,4083
56701,Win64,1,2024-04-14_2024-04-20_Win64_train.jsonl,7405
56814,Win64,1,2023-09-24_2023-09-30_Win64_train.jsonl,2815
56849,Win64,1,2024-06-09_2024-06-15_Win64_train.jsonl,992
56862,Win64,0,2024-01-07_2024-01-13_Win64_train.jsonl,1168
56947,Win64,0,2024-05-26_2024-06-01_Win64_train.jsonl,6889
56971,Win64,1,2024-01-28_2024-02-03_Win64_train.jsonl,1138
56979,Win64,1,2024-09-15_2024-09-21_Win64_train.jsonl,1155
56992,Win64,0,2024-04-07_2024-04-13_Win64_train.jsonl,6434
57001,Win64,1,2023-12-17_2023-12-23_Win64_train.jsonl,537
57048,Win64,1,2024-09-15_2024-09-21_Win64_train.jsonl,8645
57069,Win64,0,2024-01-07_2024-01-13_Win64_train.jsonl,4107
57070,Win64,0,2024-05-05_2024-05-11_Win64_train.jsonl,4947
57076,Win64,1,2024-06-02_2024-06-08_Win64_train.jsonl,4370
57081,Win64,1,2023-12-03_2023-12-09_Win64_train.jsonl,8091
57087,Win64,0,2023-12-03_2023-12-09_Win64_train.jsonl,6473
57090,Win64,0,2024-04-14_2024-04-20_Win64_train.jsonl,7175
57103,Win64,1,2024-08-11_2024-08-17_Win64_train.jsonl,9002
57172,Win64,1,2024-03-10_2024-03-16_Win64_train.jsonl,7913
57215,Win64,1,2023-10-29_2023-11-04_Win64_train.jsonl,7152
57264,Win64,1,2024-03-17_2024-03-23_Win64_train.jsonl,587
57305,Win64,0,2024-08-11_2024-08-17_Win64_train.jsonl,833
57323,Win64,1,2023-09-24_2023-09-30_Win64_train.jsonl,3324
57335,Win64,1,2024-05-26_2024-06-01_Win64_train.jsonl,5290
57337,Win64,0,2024-01-14_2024-01-20_Win64_train.jsonl,3296
57353,Win64,1,2024-03-17_2024-03-23_Win64_train.jsonl,8343
57372,Win64,1,2024-06-16_2024-06-22_Win64_train.jsonl,9440
57386,Win64,0,2024-02-04_2024-02-10_Win64_train.jsonl,6488
57414,Win64,0,2024-04-28_2024-05-04_Win64_train.jsonl,3637
57432,Win64,1,2024-01-07_2024-01-13_Win64_train.jsonl,4056
57447,Win64,0,2024-08-18_2024-08-24_Win64_train.jsonl,607
57474,Win64,0,2023-09-24_2023-09-30_Win64_train.jsonl,3475
57480,Win64,1,2023-12-03_2023-12-09_Win64_train.jsonl,6852
57489,Win64,1,2024-02-11_2024-02-17_Win64_train.jsonl,6107
57511,Win64,0,2023-09-24_2023-09-30_Win64_train.jsonl,3512
57518,Win64,1,2023-12-17_2023-12-23_Win64_train.jsonl,6526
57530,Win64,0,2024-01-21_2024-01-27_Win64_train.jsonl,1525
57599,Win64,0,2024-06-30_2024-07-06_Win64_train.jsonl,681
57600,Win64,1,2024-07-07_2024-07-13_Win64_train.jsonl,138
57653,Win64,0,2024-03-17_2024-03-23_Win64_train.jsonl,2575
57663,Win64,0,2024-01-07_2024-01-13_Win64_train.jsonl,5398
57699,Win64,0,2024-02-04_2024-02-10_Win64_train.jsonl,6746
57752,Win64,0,2023-12-03_2023-12-09_Win64_train.jsonl,742
57766,Win64,0,2024-07-14_2024-07-20_Win64_train.jsonl,1171
57794,Win64,0,2023-12-03_2023-12-09_Win64_train.jsonl,1607
57824,Win64,0,2024-02-18_2024-02-24_Win64_train.jsonl,3223
57904,Win64,1,2023-12-24_2023-12-30_Win64_train.jsonl,1368
57923,Win64,1,2024-05-05_2024-05-11_Win64_train.jsonl,5891
57945,Win64,1,2023-09-24_2023-09-30_Win64_train.jsonl,3946
57977,Win64,1,2024-05-26_2024-06-01_Win64_train.jsonl,9645
58031,Win64,0,2024-08-25_2024-08-31_Win64_train.jsonl,8399
58161,Win64,0,2023-09-24_2023-09-30_Win64_train.jsonl,4162
58164,Win64,1,2023-09-24_2023-09-30_Win64_train.jsonl,4165
58173,Win64,0,2024-03-10_2024-03-16_Win64_train.jsonl,3886
58182,Win64,0,2024-01-07_2024-01-13_Win64_train.jsonl,6415
58183,Win64,0,2024-06-09_2024-06-15_Win64_train.jsonl,4459
58225,Win64,1,2024-05-05_2024-05-11_Win64_train.jsonl,5879
58237,Win64,1,2024-07-28_2024-08-03_Win64_train.jsonl,7522
58272,Win64,1,2024-06-09_2024-06-15_Win64_train.jsonl,7885
58298,Win64,1,2023-11-26_2023-12-02_Win64_train.jsonl,4911
58305,Win64,0,2024-07-07_2024-07-13_Win64_train.jsonl,5865
58331,Win64,0,2024-05-05_2024-05-11_Win64_train.jsonl,2152
58344,Win64,1,2024-06-23_2024-06-29_Win64_train.jsonl,2068
58349,Win64,0,2024-05-19_2024-05-25_Win64_train.jsonl,4143
58365,Win64,1,2024-03-24_2024-03-30_Win64_train.jsonl,8554
58378,Win64,1,2024-03-03_2024-03-09_Win64_train.jsonl,8296
58388,Win64,1,2024-08-25_2024-08-31_Win64_train.jsonl,9359
58409,Win64,0,2023-09-24_2023-09-30_Win64_train.jsonl,4410
58432,Win64,1,2024-08-25_2024-08-31_Win64_train.jsonl,2392
58437,Win64,1,2024-03-31_2024-04-06_Win64_train.jsonl,5575
58448,Win64,1,2024-07-14_2024-07-20_Win64_train.jsonl,402
58504,Win64,1,2023-11-12_2023-11-18_Win64_train.jsonl,8563
58543,Win64,1,2024-06-23_2024-06-29_Win64_train.jsonl,1763
58552,Win64,0,2024-07-21_2024-07-27_Win64_train.jsonl,6824
58603,Win64,1,2024-06-02_2024-06-08_Win64_train.jsonl,9458
58684,Win64,1,2024-01-07_2024-01-13_Win64_train.jsonl,6484
58699,Win64,0,2024-06-23_2024-06-29_Win64_train.jsonl,5635
58706,Win64,0,2024-04-14_2024-04-20_Win64_train.jsonl,343
58748,Win64,1,2024-07-21_2024-07-27_Win64_train.jsonl,4164
58769,Win64,1,2024-08-25_2024-08-31_Win64_train.jsonl,8132
58780,Win64,0,2023-11-05_2023-11-11_Win64_train.jsonl,6057
58784,Win64,1,2024-06-30_2024-07-06_Win64_train.jsonl,6030
58815,Win64,0,2024-05-05_2024-05-11_Win64_train.jsonl,5733
58830,Win64,0,2024-04-21_2024-04-27_Win64_train.jsonl,374
58852,Win64,0,2024-06-09_2024-06-15_Win64_train.jsonl,84
58879,Win64,0,2023-09-24_2023-09-30_Win64_train.jsonl,4880
58890,Win64,1,2024-06-16_2024-06-22_Win64_train.jsonl,1714
58915,Win64,1,2024-08-25_2024-08-31_Win64_train.jsonl,7901
59008,Win64,1,2024-03-10_2024-03-16_Win64_train.jsonl,7314
59010,Win64,1,2024-01-14_2024-01-20_Win64_train.jsonl,2901
59034,Win64,1,2024-07-28_2024-08-03_Win64_train.jsonl,344
59058,Win64,0,2023-09-24_2023-09-30_Win64_train.jsonl,5059
59070,Win64,0,2024-09-08_2024-09-14_Win64_train.jsonl,5968
59075,Win64,0,2024-03-24_2024-03-30_Win64_train.jsonl,6595
59180,Win64,1,2024-01-14_2024-01-20_Win64_train.jsonl,6516
59215,Win64,0,2024-04-14_2024-04-20_Win64_train.jsonl,643
59242,Win64,0,2024-03-03_2024-03-09_Win64_train.jsonl,6524
59274,Win64,1,2024-08-11_2024-08-17_Win64_train.jsonl,3612
59282,Win64,0,2024-08-04_2024-08-10_Win64_train.jsonl,7185
59291,Win64,0,2024-06-30_2024-07-06_Win64_train.jsonl,729
59343,Win64,0,2023-12-17_2023-12-23_Win64_train.jsonl,7335
59350,Win64,0,2024-05-05_2024-05-11_Win64_train.jsonl,6779
59352,Win64,1,2024-06-09_2024-06-15_Win64_train.jsonl,6610
59358,Win64,0,2024-03-17_2024-03-23_Win64_train.jsonl,6718
59373,Win64,1,2024-03-17_2024-03-23_Win64_train.jsonl,5060
59424,Win64,0,2024-01-28_2024-02-03_Win64_train.jsonl,3394
59435,Win64,1,2023-11-19_2023-11-25_Win64_train.jsonl,4726
59444,Win64,0,2024-03-03_2024-03-09_Win64_train.jsonl,3584
59457,Win64,0,2023-12-17_2023-12-23_Win64_train.jsonl,1323
59490,Win64,0,2024-02-25_2024-03-02_Win64_train.jsonl,2227
59539,Win64,1,2023-12-24_2023-12-30_Win64_train.jsonl,8941
59582,Win64,0,2024-02-18_2024-02-24_Win64_train.jsonl,3309
59600,Win64,1,2024-07-07_2024-07-13_Win64_train.jsonl,1738
59636,Win64,1,2023-09-24_2023-09-30_Win64_train.jsonl,5637
59643,Win64,0,2024-04-21_2024-04-27_Win64_train.jsonl,2919
59665,Win64,0,2024-05-19_2024-05-25_Win64_train.jsonl,9081
59668,Win64,0,2023-09-24_2023-09-30_Win64_train.jsonl,5669
59687,Win64,0,2024-05-12_2024-05-18_Win64_train.jsonl,4721
59739,Win64,0,2024-09-15_2024-09-21_Win64_train.jsonl,4992
59803,Win64,0,2024-06-23_2024-06-29_Win64_train.jsonl,5587
59835,Win64,1,2024-08-04_2024-08-10_Win64_train.jsonl,7306
59854,Win64,0,2024-06-02_2024-06-08_Win64_train.jsonl,3286
59906,Win64,0,2024-06-23_2024-06-29_Win64_train.jsonl,3742
59929,Win64,0,2024-05-19_2024-05-25_Win64_train.jsonl,5500
59939,Win64,0,2023-10-29_2023-11-04_Win64_train.jsonl,5777
59983,Win64,1,2023-09-24_2023-09-30_Win64_train.jsonl,5984
59998,Win64,1,2023-12-10_2023-12-16_Win64_train.jsonl,9603
60038,Win64,0,2024-05-12_2024-05-18_Win64_train.jsonl,6699
60085,Win64,0,2024-03-17_2024-03-23_Win64_train.jsonl,1557
60091,Win64,1,2023-12-31_2024-01-06_Win64_train.jsonl,1511
60133,Win64,0,2024-07-14_2024-07-20_Win64_train.jsonl,3988
60192,Win64,1,2024-06-16_2024-06-22_Win64_train.jsonl,3024
60193,Win64,0,2024-09-15_2024-09-21_Win64_train.jsonl,3784
60206,Win64,1,2024-02-11_2024-02-17_Win64_train.jsonl,5561
60224,Win64,0,2024-01-28_2024-02-03_Win64_train.jsonl,5513
60258,Win64,0,2024-02-04_2024-02-10_Win64_train.jsonl,618
60270,Win64,1,2024-05-12_2024-05-18_Win64_train.jsonl,2752
60312,Win64,0,2023-11-26_2023-12-02_Win64_train.jsonl,9324
60327,Win64,0,2024-06-16_2024-06-22_Win64_train.jsonl,6262
60358,Win64,0,2024-09-15_2024-09-21_Win64_train.jsonl,757
60363,Win64,0,2024-05-26_2024-06-01_Win64_train.jsonl,6217
60384,Win64,1,2024-09-08_2024-09-14_Win64_train.jsonl,5648
60390,Win64,0,2023-09-24_2023-09-30_Win64_train.jsonl,6391
60441,Win64,0,2024-01-14_2024-01-20_Win64_train.jsonl,5625
60474,Win64,1,2023-09-24_2023-09-30_Win64_train.jsonl,6475
60491,Win64,1,2024-05-05_2024-05-11_Win64_train.jsonl,8219
60497,Win64,1,2024-01-07_2024-01-13_Win64_train.jsonl,5169
60530,Win64,0,2024-09-15_2024-09-21_Win64_train.jsonl,2367
60701,Win64,1,2023-12-17_2023-12-23_Win64_train.jsonl,8003
60747,Win64,1,2024-02-04_2024-02-10_Win64_train.jsonl,8531
60771,Win64,1,2024-06-23_2024-06-29_Win64_train.jsonl,7286
60780,Win64,0,2024-08-11_2024-08-17_Win64_train.jsonl,7203
60789,Win64,0,2024-01-07_2024-01-13_Win64_train.jsonl,5210
108024,Dot_Net,1,2023-12-24_2023-12-30_Dot_Net_train.jsonl,545
108037,Dot_Net,1,2024-05-19_2024-05-25_Dot_Net_train.jsonl,3465
108049,Dot_Net,0,2024-03-24_2024-03-30_Dot_Net_train.jsonl,4157
108055,Dot_Net,1,2024-07-14_2024-07-20_Dot_Net_train.jsonl,1396
108078,Dot_Net,0,2024-08-11_2024-08-17_Dot_Net_train.jsonl,744
108102,Dot_Net,1,2023-09-24_2023-09-30_Dot_Net_train.jsonl,103
108143,Dot_Net,0,2024-06-23_2024-06-29_Dot_Net_train.jsonl,4079
108163,Dot_Net,0,2024-03-17_2024-03-23_Dot_Net_train.jsonl,1394
108175,Dot_Net,0,2023-09-24_2023-09-30_Dot_Net_train.jsonl,176
108208,Dot_Net,1,2024-03-03_2024-03-09_Dot_Net_train.jsonl,3681
108216,Dot_Net,1,2024-01-28_2024-02-03_Dot_Net_train.jsonl,880
108221,Dot_Net,1,2023-09-24_2023-09-30_Dot_Net_train.jsonl,222
108286,Dot_Net,0,2023-09-24_2023-09-30_Dot_Net_train.jsonl,287
108321,Dot_Net,0,2023-12-03_2023-12-09_Dot_Net_train.jsonl,4953
108389,Dot_Net,1,2024-05-05_2024-05-11_Dot_Net_train.jsonl,2669
108395,Dot_Net,0,2023-09-24_2023-09-30_Dot_Net_train.jsonl,396
108402,Dot_Net,0,2024-04-21_2024-04-27_Dot_Net_train.jsonl,2168
108421,Dot_Net,0,2024-02-18_2024-02-24_Dot_Net_train.jsonl,1053
108424,Dot_Net,1,2024-03-31_2024-04-06_Dot_Net_train.jsonl,2217
108447,Dot_Net,1,2024-03-10_2024-03-16_Dot_Net_train.jsonl,4413
108484,Dot_Net,1,2024-03-10_2024-03-16_Dot_Net_train.jsonl,1207
108554,Dot_Net,1,2024-04-28_2024-05-04_Dot_Net_train.jsonl,2674
108562,Dot_Net,0,2023-09-24_2023-09-30_Dot_Net_train.jsonl,563
108624,Dot_Net,1,2024-07-14_2024-07-20_Dot_Net_train.jsonl,517
108632,Dot_Net,0,2023-12-17_2023-12-23_Dot_Net_train.jsonl,2
108649,Dot_Net,0,2023-09-24_2023-09-30_Dot_Net_train.jsonl,650
108651,Dot_Net,0,2023-09-24_2023-09-30_Dot_Net_train.jsonl,652
108652,Dot_Net,0,2024-09-08_2024-09-14_Dot_Net_train.jsonl,1113
108728,Dot_Net,0,2023-09-24_2023-09-30_Dot_Net_train.jsonl,729
108736,Dot_Net,1,2023-09-24_2023-09-30_Dot_Net_train.jsonl,737
108775,Dot_Net,1,2023-12-10_2023-12-16_Dot_Net_train.jsonl,1916
108812,Dot_Net,1,2023-12-24_2023-12-30_Dot_Net_train.jsonl,2499
108814,Dot_Net,0,2024-07-14_2024-07-20_Dot_Net_train.jsonl,2623
108822,Dot_Net,0,2024-07-28_2024-08-03_Dot_Net_train.jsonl,392
108830,Dot_Net,1,2023-09-24_2023-09-30_Dot_Net_train.jsonl,831
108849,Dot_Net,0,2024-08-25_2024-08-31_Dot_Net_train.jsonl,915
108852,Dot_Net,1,2024-02-04_2024-02-10_Dot_Net_train.jsonl,4709
108877,Dot_Net,0,2024-02-04_2024-02-10_Dot_Net_train.jsonl,978
108912,Dot_Net,0,2024-03-17_2024-03-23_Dot_Net_train.jsonl,437
108928,Dot_Net,0,2023-12-10_2023-12-16_Dot_Net_train.jsonl,3683
108946,Dot_Net,1,2024-01-07_2024-01-13_Dot_Net_train.jsonl,824
108957,Dot_Net,0,2024-08-18_2024-08-24_Dot_Net_train.jsonl,4693
109028,Dot_Net,0,2024-04-07_2024-04-13_Dot_Net_train.jsonl,1066
109075,Dot_Net,1,2024-03-17_2024-03-23_Dot_Net_train.jsonl,4450
109102,Dot_Net,0,2024-07-28_2024-08-03_Dot_Net_train.jsonl,104
109124,Dot_Net,0,2023-09-24_2023-09-30_Dot_Net_train.jsonl,1125
109130,Dot_Net,1,2023-09-24_2023-09-30_Dot_Net_train.jsonl,1131
109181,Dot_Net,1,2024-03-31_2024-04-06_Dot_Net_train.jsonl,4251
109191,Dot_Net,1,2023-09-24_2023-09-30_Dot_Net_train.jsonl,1192
109196,Dot_Net,0,2024-02-18_2024-02-24_Dot_Net_train.jsonl,1682
109212,Dot_Net,1,2024-02-25_2024-03-02_Dot_Net_train.jsonl,4780
109274,Dot_Net,1,2024-04-07_2024-04-13_Dot_Net_train.jsonl,1317
109358,Dot_Net,0,2024-03-31_2024-04-06_Dot_Net_train.jsonl,2975
109440,Dot_Net,1,2024-01-28_2024-02-03_Dot_Net_train.jsonl,4236
109454,Dot_Net,1,2024-08-25_2024-08-31_Dot_Net_train.jsonl,2563
109458,Dot_Net,0,2023-12-17_2023-12-23_Dot_Net_train.jsonl,3871
109466,Dot_Net,0,2023-12-10_2023-12-16_Dot_Net_train.jsonl,4403
109492,Dot_Net,0,2024-02-04_2024-02-10_Dot_Net_train.jsonl,1794
109494,Dot_Net,1,2024-07-07_2024-07-13_Dot_Net_train.jsonl,3299
109509,Dot_Net,0,2024-03-31_2024-04-06_Dot_Net_train.jsonl,148
109518,Dot_Net,0,2024-02-18_2024-02-24_Dot_Net_train.jsonl,1466
109604,Dot_Net,0,2024-01-21_2024-01-27_Dot_Net_train.jsonl,4447
109613,Dot_Net,0,2023-12-24_2023-12-30_Dot_Net_train.jsonl,322
109629,Dot_Net,0,2024-04-28_2024-05-04_Dot_Net_train.jsonl,2347
109632,Dot_Net,0,2023-09-24_2023-09-30_Dot_Net_train.jsonl,1633
109637,Dot_Net,1,2023-09-24_2023-09-30_Dot_Net_train.jsonl,1638
109650,Dot_Net,1,2024-08-25_2024-08-31_Dot_Net_train.jsonl,4842
109666,Dot_Net,1,2023-09-24_2023-09-30_Dot_Net_train.jsonl,1667
109706,Dot_Net,1,2024-07-28_2024-08-03_Dot_Net_train.jsonl,1449
109717,Dot_Net,0,2023-09-24_2023-09-30_Dot_Net_train.jsonl,1718
109721,Dot_Net,1,2023-09-24_2023-09-30_Dot_Net_train.jsonl,1722
109732,Dot_Net,1,2024-01-28_2024-02-03_Dot_Net_train.jsonl,1584
109751,Dot_Net,1,2024-02-04_2024-02-10_Dot_Net_train.jsonl,3844
109782,Dot_Net,0,2024-05-19_2024-05-25_Dot_Net_train.jsonl,2487
109792,Dot_Net,0,2024-05-26_2024-06-01_Dot_Net_train.jsonl,2549
109800,Dot_Net,0,2023-12-31_2024-01-06_Dot_Net_train.jsonl,1835
109802,Dot_Net,1,2024-05-26_2024-06-01_Dot_Net_train.jsonl,3195
109834,Dot_Net,0,2024-04-14_2024-04-20_Dot_Net_train.jsonl,478
109860,Dot_Net,0,2023-09-24_2023-09-30_Dot_Net_train.jsonl,1861
109890,Dot_Net,1,2024-06-16_2024-06-22_Dot_Net_train.jsonl,461
109941,Dot_Net,0,2024-07-07_2024-07-13_Dot_Net_train.jsonl,3233
109961,Dot_Net,1,2024-04-14_2024-04-20_Dot_Net_train.jsonl,1972
109987,Dot_Net,0,2024-01-28_2024-02-03_Dot_Net_train.jsonl,493
109991,Dot_Net,1,2024-01-28_2024-02-03_Dot_Net_train.jsonl,2057
110011,Dot_Net,0,2024-02-18_2024-02-24_Dot_Net_train.jsonl,3809
110031,Dot_Net,0,2023-09-24_2023-09-30_Dot_Net_train.jsonl,2032
110101,Dot_Net,0,2024-02-11_2024-02-17_Dot_Net_train.jsonl,1547
110109,Dot_Net,0,2023-09-24_2023-09-30_Dot_Net_train.jsonl,2110
110146,Dot_Net,1,2024-02-04_2024-02-10_Dot_Net_train.jsonl,287
110153,Dot_Net,0,2023-09-24_2023-09-30_Dot_Net_train.jsonl,2154
110157,Dot_Net,0,2024-02-18_2024-02-24_Dot_Net_train.jsonl,2208
110177,Dot_Net,1,2024-07-07_2024-07-13_Dot_Net_train.jsonl,834
110256,Dot_Net,1,2023-09-24_2023-09-30_Dot_Net_train.jsonl,2257
110293,Dot_Net,1,2024-04-14_2024-04-20_Dot_Net_train.jsonl,4160
110312,Dot_Net,0,2023-09-24_2023-09-30_Dot_Net_train.jsonl,2313
110336,Dot_Net,0,2024-03-10_2024-03-16_Dot_Net_train.jsonl,3678
110346,Dot_Net,0,2023-09-24_2023-09-30_Dot_Net_train.jsonl,2347
110399,Dot_Net,0,2024-07-07_2024-07-13_Dot_Net_train.jsonl,4076
110433,Dot_Net,1,2024-05-05_2024-05-11_Dot_Net_train.jsonl,2311
110440,Dot_Net,1,2024-02-18_2024-02-24_Dot_Net_train.jsonl,1430
110461,Dot_Net,1,2023-09-24_2023-09-30_Dot_Net_train.jsonl,2462
110504,Dot_Net,1,2024-07-28_2024-08-03_Dot_Net_train.jsonl,3818
110522,Dot_Net,1,2023-09-24_2023-09-30_Dot_Net_train.jsonl,2523
110593,Dot_Net,1,2024-07-28_2024-08-03_Dot_Net_train.jsonl,4890
110604,Dot_Net,0,2024-02-11_2024-02-17_Dot_Net_train.jsonl,211
110610,Dot_Net,0,2024-02-18_2024-02-24_Dot_Net_train.jsonl,4847
110644,Dot_Net,1,2024-03-03_2024-03-09_Dot_Net_train.jsonl,1309
110683,Dot_Net,0,2024-07-21_2024-07-27_Dot_Net_train.jsonl,1839
110749,Dot_Net,0,2024-06-30_2024-07-06_Dot_Net_train.jsonl,820
110766,Dot_Net,1,2024-01-14_2024-01-20_Dot_Net_train.jsonl,1854
110769,Dot_Net,1,2024-02-04_2024-02-10_Dot_Net_train.jsonl,3135
110827,Dot_Net,1,2023-12-03_2023-12-09_Dot_Net_train.jsonl,4185
110847,Dot_Net,1,2024-02-25_2024-03-02_Dot_Net_train.jsonl,3741
110988,Dot_Net,0,2024-08-11_2024-08-17_Dot_Net_train.jsonl,917
111026,Dot_Net,0,2024-06-02_2024-06-08_Dot_Net_train.jsonl,546
111032,Dot_Net,1,2023-12-10_2023-12-16_Dot_Net_train.jsonl,1697
111034,Dot_Net,0,2023-09-24_2023-09-30_Dot_Net_train.jsonl,3035
111041,Dot_Net,1,2024-08-18_2024-08-24_Dot_Net_train.jsonl,4728
111098,Dot_Net,1,2024-05-19_2024-05-25_Dot_Net_train.jsonl,383
111101,Dot_Net,0,2024-03-03_2024-03-09_Dot_Net_train.jsonl,4319
111112,Dot_Net,0,2023-09-24_2023-09-30_Dot_Net_train.jsonl,3113
111114,Dot_Net,0,2024-05-19_2024-05-25_Dot_Net_train.jsonl,2327
111121,Dot_Net,0,2024-03-10_2024-03-16_Dot_Net_train.jsonl,3035
111124,Dot_Net,1,2024-03-24_2024-03-30_Dot_Net_train.jsonl,3556
111168,Dot_Net,1,2024-03-17_2024-03-23_Dot_Net_train.jsonl,1915
111188,Dot_Net,1,2024-06-16_2024-06-22_Dot_Net_train.jsonl,548
111229,Dot_Net,1,2024-06-02_2024-06-08_Dot_Net_train.jsonl,1941
111281,Dot_Net,0,2023-12-10_2023-12-16_Dot_Net_train.jsonl,1812
111294,Dot_Net,1,2024-09-08_2024-09-14_Dot_Net_train.jsonl,1258
111300,Dot_Net,1,2024-07-14_2024-07-20_Dot_Net_train.jsonl,4551
111305,Dot_Net,0,2024-06-23_2024-06-29_Dot_Net_train.jsonl,1642
111310,Dot_Net,0,2024-03-31_2024-04-06_Dot_Net_train.jsonl,3953
111337,Dot_Net,1,2023-12-17_2023-12-23_Dot_Net_train.jsonl,2046
111377,Dot_Net,1,2024-05-05_2024-05-11_Dot_Net_train.jsonl,1889
111409,Dot_Net,1,2024-07-14_2024-07-20_Dot_Net_train.jsonl,4025
111410,Dot_Net,0,2024-02-25_2024-03-02_Dot_Net_train.jsonl,849
111421,Dot_Net,0,2023-12-31_2024-01-06_Dot_Net_train.jsonl,1500
111448,Dot_Net,0,2024-04-07_2024-04-13_Dot_Net_train.jsonl,813
111461,Dot_Net,0,2024-09-01_2024-09-07_Dot_Net_train.jsonl,1596
111527,Dot_Net,1,2023-09-24_2023-09-30_Dot_Net_train.jsonl,3528
111556,Dot_Net,1,2024-07-14_2024-07-20_Dot_Net_train.jsonl,140
111604,Dot_Net,1,2024-01-14_2024-01-20_Dot_Net_train.jsonl,1343
111626,Dot_Net,0,2023-09-24_2023-09-30_Dot_Net_train.jsonl,3627
111667,Dot_Net,1,2024-09-15_2024-09-21_Dot_Net_train.jsonl,1329
111679,Dot_Net,1,2024-04-28_2024-05-04_Dot_Net_train.jsonl,1206
111773,Dot_Net,1,2023-09-24_2023-09-30_Dot_Net_train.jsonl,3774
111777,Dot_Net,0,2024-03-03_2024-03-09_Dot_Net_train.jsonl,3150
111794,Dot_Net,1,2024-04-07_2024-04-13_Dot_Net_train.jsonl,2141
111795,Dot_Net,1,2023-09-24_2023-09-30_Dot_Net_train.jsonl,3796
111827,Dot_Net,1,2024-09-15_2024-09-21_Dot_Net_train.jsonl,4995
111886,Dot_Net,0,2024-07-07_2024-07-13_Dot_Net_train.jsonl,1784
111911,Dot_Net,0,2024-03-17_2024-03-23_Dot_Net_train.jsonl,2115
111916,Dot_Net,0,2024-04-14_2024-04-20_Dot_Net_train.jsonl,913
111927,Dot_Net,1,2023-12-17_2023-12-23_Dot_Net_train.jsonl,4408
111990,Dot_Net,0,2024-06-16_2024-06-22_Dot_Net_train.jsonl,4163
112004,Dot_Net,0,2024-06-30_2024-07-06_Dot_Net_train.jsonl,131
112028,Dot_Net,1,2023-09-24_2023-09-30_Dot_Net_train.jsonl,4029
112070,Dot_Net,0,2024-07-28_2024-08-03_Dot_Net_train.jsonl,698
112135,Dot_Net,0,2024-02-25_2024-03-02_Dot_Net_train.jsonl,2648
112180,Dot_Net,0,2024-05-19_2024-05-25_Dot_Net_train.jsonl,1723
112188,Dot_Net,0,2024-08-11_2024-08-17_Dot_Net_train.jsonl,66
112194,Dot_Net,0,2023-09-24_2023-09-30_Dot_Net_train.jsonl,4195
112199,Dot_Net,0,2023-09-24_2023-09-30_Dot_Net_train.jsonl,4200
112210,Dot_Net,0,2023-09-24_2023-09-30_Dot_Net_train.jsonl,4211
112244,Dot_Net,0,2023-09-24_2023-09-30_Dot_Net_train.jsonl,4245
112361,Dot_Net,0,2024-04-21_2024-04-27_Dot_Net_train.jsonl,3035
112447,Dot_Net,1,2023-09-24_2023-09-30_Dot_Net_train.jsonl,4448
112467,Dot_Net,1,2024-05-26_2024-06-01_Dot_Net_train.jsonl,4631
112495,Dot_Net,1,2023-09-24_2023-09-30_Dot_Net_train.jsonl,4496
112515,Dot_Net,1,2024-03-03_2024-03-09_Dot_Net_train.jsonl,4489
112518,Dot_Net,1,2024-01-21_2024-01-27_Dot_Net_train.jsonl,3084
112519,Dot_Net,1,2024-03-31_2024-04-06_Dot_Net_train.jsonl,659
112529,Dot_Net,0,2024-02-18_2024-02-24_Dot_Net_train.jsonl,4828
112552,Dot_Net,1,2023-12-17_2023-12-23_Dot_Net_train.jsonl,3654
112572,Dot_Net,0,2024-06-02_2024-06-08_Dot_Net_train.jsonl,2536
112576,Dot_Net,0,2024-08-11_2024-08-17_Dot_Net_train.jsonl,3200
112601,Dot_Net,0,2024-08-25_2024-08-31_Dot_Net_train.jsonl,1537
112624,Dot_Net,1,2024-01-21_2024-01-27_Dot_Net_train.jsonl,4070
112644,Dot_Net,1,2024-09-01_2024-09-07_Dot_Net_train.jsonl,2767
112647,Dot_Net,1,2024-04-28_2024-05-04_Dot_Net_train.jsonl,1989
112665,Dot_Net,1,2024-01-21_2024-01-27_Dot_Net_train.jsonl,1460
112675,Dot_Net,0,2024-02-11_2024-02-17_Dot_Net_train.jsonl,191
112742,Dot_Net,1,2024-07-14_2024-07-20_Dot_Net_train.jsonl,3311
112756,Dot_Net,0,2023-09-24_2023-09-30_Dot_Net_train.jsonl,4757
112892,Dot_Net,0,2023-09-24_2023-09-30_Dot_Net_train.jsonl,4893
112932,Dot_Net,1,2024-08-11_2024-08-17_Dot_Net_train.jsonl,1657
112983,Dot_Net,1,2024-01-21_2024-01-27_Dot_Net_train.jsonl,998
113008,Dot_Net,1,2023-10-01_2023-10-07_Dot_Net_train.jsonl,9
113038,Dot_Net,0,2024-06-02_2024-06-08_Dot_Net_train.jsonl,3652
113041,Dot_Net,1,2024-06-23_2024-06-29_Dot_Net_train.jsonl,2935
113068,Dot_Net,1,2024-05-05_2024-05-11_Dot_Net_train.jsonl,294
113078,Dot_Net,1,2024-06-23_2024-06-29_Dot_Net_train.jsonl,2192
113095,Dot_Net,1,2024-02-04_2024-02-10_Dot_Net_train.jsonl,4656
113222,Dot_Net,0,2023-12-31_2024-01-06_Dot_Net_train.jsonl,1932
113225,Dot_Net,0,2024-06-30_2024-07-06_Dot_Net_train.jsonl,2931
113279,Dot_Net,1,2023-10-01_2023-10-07_Dot_Net_train.jsonl,280
113298,Dot_Net,1,2024-02-11_2024-02-17_Dot_Net_train.jsonl,3599
113300,Dot_Net,0,2023-10-01_2023-10-07_Dot_Net_train.jsonl,301
113316,Dot_Net,0,2024-09-15_2024-09-21_Dot_Net_train.jsonl,491
113318,Dot_Net,0,2023-10-01_2023-10-07_Dot_Net_train.jsonl,319
113330,Dot_Net,0,2023-10-01_2023-10-07_Dot_Net_train.jsonl,331
113340,Dot_Net,1,2023-12-31_2024-01-06_Dot_Net_train.jsonl,4234
113367,Dot_Net,0,2023-12-31_2024-01-06_Dot_Net_train.jsonl,687
113382,Dot_Net,1,2023-12-10_2023-12-16_Dot_Net_train.jsonl,3900
113414,Dot_Net,1,2024-06-02_2024-06-08_Dot_Net_train.jsonl,4705
113426,Dot_Net,0,2024-05-12_2024-05-18_Dot_Net_train.jsonl,104
113433,Dot_Net,0,2024-02-11_2024-02-17_Dot_Net_train.jsonl,1705
113436,Dot_Net,1,2024-03-24_2024-03-30_Dot_Net_train.jsonl,340
113449,Dot_Net,1,2024-08-18_2024-08-24_Dot_Net_train.jsonl,2645
113502,Dot_Net,0,2024-07-14_2024-07-20_Dot_Net_train.jsonl,1867
113511,Dot_Net,1,2024-06-23_2024-06-29_Dot_Net_train.jsonl,4031
113519,Dot_Net,1,2023-10-01_2023-10-07_Dot_Net_train.jsonl,520
113533,Dot_Net,0,2024-08-11_2024-08-17_Dot_Net_train.jsonl,772
113537,Dot_Net,0,2024-02-11_2024-02-17_Dot_Net_train.jsonl,4183
113573,Dot_Net,0,2024-02-25_2024-03-02_Dot_Net_train.jsonl,4264
113574,Dot_Net,1,2024-03-24_2024-03-30_Dot_Net_train.jsonl,2430
113575,Dot_Net,0,2024-05-19_2024-05-25_Dot_Net_train.jsonl,342
113633,Dot_Net,1,2024-01-14_2024-01-20_Dot_Net_train.jsonl,3738
113640,Dot_Net,0,2023-10-01_2023-10-07_Dot_Net_train.jsonl,641
113642,Dot_Net,0,2024-01-28_2024-02-03_Dot_Net_train.jsonl,805
113716,Dot_Net,0,2024-02-11_2024-02-17_Dot_Net_train.jsonl,1844
113718,Dot_Net,1,2023-10-01_2023-10-07_Dot_Net_train.jsonl,719
113721,Dot_Net,0,2024-05-12_2024-05-18_Dot_Net_train.jsonl,4488
113768,Dot_Net,0,2023-12-24_2023-12-30_Dot_Net_train.jsonl,2011
113771,Dot_Net,1,2024-03-03_2024-03-09_Dot_Net_train.jsonl,3680
113773,Dot_Net,0,2024-03-17_2024-03-23_Dot_Net_train.jsonl,4388
113798,Dot_Net,1,2024-02-04_2024-02-10_Dot_Net_train.jsonl,2594
113847,Dot_Net,0,2023-12-24_2023-12-30_Dot_Net_train.jsonl,3237
113885,Dot_Net,1,2023-12-24_2023-12-30_Dot_Net_train.jsonl,1964
113889,Dot_Net,0,2023-12-10_2023-12-16_Dot_Net_train.jsonl,2944
113910,Dot_Net,0,2024-08-11_2024-08-17_Dot_Net_train.jsonl,96
113919,Dot_Net,0,2023-12-24_2023-12-30_Dot_Net_train.jsonl,248
113947,Dot_Net,0,2024-01-14_2024-01-20_Dot_Net_train.jsonl,1355
114001,Dot_Net,0,2023-10-01_2023-10-07_Dot_Net_train.jsonl,1002
114016,Dot_Net,1,2024-07-07_2024-07-13_Dot_Net_train.jsonl,1112
114039,Dot_Net,1,2024-04-07_2024-04-13_Dot_Net_train.jsonl,4361
114078,Dot_Net,0,2024-02-11_2024-02-17_Dot_Net_train.jsonl,59
114089,Dot_Net,1,2023-10-01_2023-10-07_Dot_Net_train.jsonl,1090
114102,Dot_Net,0,2024-09-15_2024-09-21_Dot_Net_train.jsonl,3501
114115,Dot_Net,1,2024-02-04_2024-02-10_Dot_Net_train.jsonl,1539
114125,Dot_Net,0,2024-03-17_2024-03-23_Dot_Net_train.jsonl,4554
114207,Dot_Net,0,2024-01-14_2024-01-20_Dot_Net_train.jsonl,2212
114236,Dot_Net,1,2024-04-28_2024-05-04_Dot_Net_train.jsonl,43
114237,Dot_Net,0,2024-07-21_2024-07-27_Dot_Net_train.jsonl,4988
114348,Dot_Net,1,2024-04-07_2024-04-13_Dot_Net_train.jsonl,4883
114448,Dot_Net,0,2024-05-26_2024-06-01_Dot_Net_train.jsonl,3059
114463,Dot_Net,0,2024-08-11_2024-08-17_Dot_Net_train.jsonl,2764
114494,Dot_Net,1,2024-09-08_2024-09-14_Dot_Net_train.jsonl,3369
114507,Dot_Net,0,2024-04-28_2024-05-04_Dot_Net_train.jsonl,16
114544,Dot_Net,0,2023-10-01_2023-10-07_Dot_Net_train.jsonl,1545
114600,Dot_Net,0,2024-03-10_2024-03-16_Dot_Net_train.jsonl,2195
114637,Dot_Net,1,2023-10-01_2023-10-07_Dot_Net_train.jsonl,1638
114656,Dot_Net,0,2023-12-31_2024-01-06_Dot_Net_train.jsonl,1355
114678,Dot_Net,1,2024-07-14_2024-07-20_Dot_Net_train.jsonl,3797
114682,Dot_Net,1,2024-06-09_2024-06-15_Dot_Net_train.jsonl,4369
114697,Dot_Net,1,2023-10-01_2023-10-07_Dot_Net_train.jsonl,1698
