model,component,file_type,batch_size,mean,median,std,minimum,maximum
CodeBERT_partial_s2026,feature_dictionary_to_margin_FP32,Dot_Net,1,37.942272968939506,37.963072063575964,0.18055874760005275,37.710716656874865,38.180220319190994
CodeBERT_partial_s2026,feature_dictionary_to_margin_FP32,Dot_Net,256,35.252886121816118,35.19781158229307,0.1132090714959217,35.157286604771798,35.425830878921261
CodeBERT_partial_s2026,feature_dictionary_to_margin_FP32,Win32,1,40.315121787716635,40.350407783989795,0.17293708210214545,40.03645899501862,40.507431687728968
CodeBERT_partial_s2026,feature_dictionary_to_margin_FP32,Win32,256,36.989390955750423,37.004262952905265,0.043816020887667527,36.927241254488763,37.029341324341658
CodeBERT_partial_s2026,feature_dictionary_to_margin_FP32,Win64,1,40.265778081084136,40.178117189498153,0.17207942653302605,40.133371934643947,40.537685716117267
CodeBERT_partial_s2026,feature_dictionary_to_margin_FP32,Win64,256,37.003673659455671,37.023431667876139,0.073665016933291014,36.893203503495897,37.079073117638472
CodeBERT_partial_s2026,serialized_text_to_margin_FP32,Dot_Net,1,37.752850199467503,37.711814155045431,0.094717245298458388,37.66478190664202,37.891500687692314
CodeBERT_partial_s2026,serialized_text_to_margin_FP32,Dot_Net,256,35.183679309375293,35.19123656587908,0.031606566765511497,35.145101675880142,35.219049851548334
CodeBERT_partial_s2026,serialized_text_to_margin_FP32,Win32,1,40.217157930601388,40.165377744415309,0.28546844065815785,39.985209215956274,40.67908715660451
CodeBERT_partial_s2026,serialized_text_to_margin_FP32,Win32,256,36.896927454836259,36.902940344589297,0.042505492124977305,36.837663667938614,36.954785159650783
CodeBERT_partial_s2026,serialized_text_to_margin_FP32,Win64,1,40.573802319704555,40.494905973901041,0.1671198741670441,40.477221373294014,40.869482094421983
CodeBERT_partial_s2026,serialized_text_to_margin_FP32,Win64,256,36.945810135148349,36.943065312698309,0.022166794872517454,36.92223637153802,36.981515952902555
CodeBERT_partial_s2026,token_tensor_to_margin_FP32,Dot_Net,1,35.493550925457384,35.620016344182659,0.29812124373043003,35.054566156759392,35.753348092839587
CodeBERT_partial_s2026,token_tensor_to_margin_FP32,Dot_Net,256,34.413188958387764,34.402835432956635,0.038231883965038169,34.378762797132367,34.477070421417011
CodeBERT_partial_s2026,token_tensor_to_margin_FP32,Win32,1,34.597798535833135,34.550021002360154,0.28199704898260253,34.185503900516778,34.893219904915895
CodeBERT_partial_s2026,token_tensor_to_margin_FP32,Win32,256,34.477428009267896,34.486104410461849,0.060390185155056827,34.382919562631287,34.530235234342399
CodeBERT_partial_s2026,token_tensor_to_margin_FP32,Win64,1,33.811549686652143,33.785910563892685,0.21854139897114241,33.490704372525215,34.0462004969595
CodeBERT_partial_s2026,token_tensor_to_margin_FP32,Win64,256,33.762039845532854,33.787272183872119,0.049457592792690845,33.689303117171221,33.811152187809057
CodeBERT_partial_s2027,feature_dictionary_to_margin_FP32,Dot_Net,1,38.100818368548062,38.094390438345727,0.094597479831468406,37.982856345479377,38.235631182033103
CodeBERT_partial_s2027,feature_dictionary_to_margin_FP32,Dot_Net,256,34.859630473329162,34.851517726565362,0.022464954028330722,34.836007269404945,34.889659746113466
CodeBERT_partial_s2027,feature_dictionary_to_margin_FP32,Win32,1,41.576393131981604,41.610312910052016,0.10528587840537938,41.453836594882887,41.677606779558118
CodeBERT_partial_s2027,feature_dictionary_to_margin_FP32,Win32,256,36.802755988355784,36.82907594156859,0.043533335396790059,36.73483848797332,36.83390816058818
CodeBERT_partial_s2027,feature_dictionary_to_margin_FP32,Win64,1,41.678592018433847,41.65268150245538,0.12252959968199245,41.571267029212322,41.870768152875826
CodeBERT_partial_s2027,feature_dictionary_to_margin_FP32,Win64,256,37.103194591145439,37.100773679412669,0.046822248262332722,37.041471995507891,37.160892175961635
CodeBERT_partial_s2027,serialized_text_to_margin_FP32,Dot_Net,1,37.934881180990487,38.015856531274039,0.28792774776329771,37.429217874887399,38.145844213431701
CodeBERT_partial_s2027,serialized_text_to_margin_FP32,Dot_Net,256,34.86308834690135,34.875206624747079,0.057762583019100505,34.764434035423619,34.908487617030914
CodeBERT_partial_s2027,serialized_text_to_margin_FP32,Win32,1,41.566509987751488,41.634452034486458,0.25353094660951603,41.157313498842996,41.826575092272833
CodeBERT_partial_s2027,serialized_text_to_margin_FP32,Win32,256,36.735844784016081,36.746891816619609,0.054285777336378543,36.642629421294259,36.774810444512696
CodeBERT_partial_s2027,serialized_text_to_margin_FP32,Win64,1,41.809260319860186,41.85267303546425,0.19981582019927591,41.461379471002147,41.944383563532028
CodeBERT_partial_s2027,serialized_text_to_margin_FP32,Win64,256,37.035700414890016,37.048041737762105,0.045640715400614332,36.958276953555469,37.079187542985892
CodeBERT_partial_s2027,token_tensor_to_margin_FP32,Dot_Net,1,35.662094182043802,35.635856344015338,0.068593778196227501,35.594565626524854,35.74820493668085
CodeBERT_partial_s2027,token_tensor_to_margin_FP32,Dot_Net,256,34.041926368081477,34.052103945214185,0.037856115851024823,34.001536559117085,34.087206511685508
CodeBERT_partial_s2027,token_tensor_to_margin_FP32,Win32,1,34.8294306488242,34.928120774566196,0.30093022367948713,34.318560028623324,35.106645751511678
CodeBERT_partial_s2027,token_tensor_to_margin_FP32,Win32,256,34.046573464911489,34.038167453218193,0.029643324918633824,34.011940011623665,34.089885191860958
CodeBERT_partial_s2027,token_tensor_to_margin_FP32,Win64,1,34.166057089169044,34.170055623690132,0.095395040528122241,34.048630972392857,34.297518781386316
CodeBERT_partial_s2027,token_tensor_to_margin_FP32,Win64,256,33.373907028180838,33.372116004102281,0.044344548151385131,33.304597194728558,33.421818249735225
CodeBERT_partial_s2028,feature_dictionary_to_margin_FP32,Dot_Net,1,38.084816288028378,38.10331181739457,0.078352687138122851,38.00421050254954,38.191635780094657
CodeBERT_partial_s2028,feature_dictionary_to_margin_FP32,Dot_Net,256,35.146086693930556,35.171554570297303,0.064669125887269779,35.043971586674161,35.203207828089944
CodeBERT_partial_s2028,feature_dictionary_to_margin_FP32,Win32,1,40.673365225666203,40.765836842183489,0.20628017449528954,40.435889030050021,40.901688691519666
CodeBERT_partial_s2028,feature_dictionary_to_margin_FP32,Win32,256,36.975919114956923,36.973296855649096,0.011462588418567385,36.96137282440759,36.992511687458318
CodeBERT_partial_s2028,feature_dictionary_to_margin_FP32,Win64,1,40.932910711853765,40.904626810515765,0.25505883955300918,40.587413968751207,41.267252119723707
CodeBERT_partial_s2028,feature_dictionary_to_margin_FP32,Win64,256,37.16364776246337,37.162500542763155,0.055874913663885008,37.079602144331147,37.230941366942716
CodeBERT_partial_s2028,serialized_text_to_margin_FP32,Dot_Net,1,38.020490342751145,37.99072028050432,0.080733069344491662,37.93441293964861,38.125749219034333
CodeBERT_partial_s2028,serialized_text_to_margin_FP32,Dot_Net,256,35.109165497851791,35.089648046778166,0.0630035946156903,35.04824985157029,35.210801285757043
CodeBERT_partial_s2028,serialized_text_to_margin_FP32,Win32,1,40.65021541173337,40.709537715883926,0.18944060440571159,40.412244932667818,40.831584097759333
CodeBERT_partial_s2028,serialized_text_to_margin_FP32,Win32,256,36.925095309925382,36.943821347449557,0.056138828142501686,36.84246990178508,36.991816316913173
CodeBERT_partial_s2028,serialized_text_to_margin_FP32,Win64,1,41.063954519631807,41.013195812411141,0.12263282401631874,40.930567534815054,41.212635558622424
CodeBERT_partial_s2028,serialized_text_to_margin_FP32,Win64,256,37.048429016977025,37.038696433228324,0.040188374550945115,36.996280226048839,37.10462797243963
CodeBERT_partial_s2028,token_tensor_to_margin_FP32,Dot_Net,1,35.789767693495378,35.815296687360387,0.12203449756271049,35.619405934994575,35.9071065322496
CodeBERT_partial_s2028,token_tensor_to_margin_FP32,Dot_Net,256,34.320991531239997,34.334895413849154,0.035579288502234345,34.270977085725463,34.354200285633851
CodeBERT_partial_s2028,token_tensor_to_margin_FP32,Win32,1,34.997576063324232,34.944728125992697,0.11345746429599485,34.881121224316303,35.119864027365111
CodeBERT_partial_s2028,token_tensor_to_margin_FP32,Win32,256,34.366641659289598,34.368227175946231,0.069734428833898854,34.27903424926626,34.44013237094623
CodeBERT_partial_s2028,token_tensor_to_margin_FP32,Win64,1,34.078119361947756,34.164204655098729,0.5242609993581514,33.246545499423519,34.689521904510912
CodeBERT_partial_s2028,token_tensor_to_margin_FP32,Win64,256,33.670309221633943,33.65574329654919,0.039847718528679348,33.623463363255723,33.717642621013511
CodeBERT_unfrozen_s2026,feature_dictionary_to_margin_FP32,Dot_Net,1,37.885256719891913,37.910348379227798,0.23837131927270208,37.540231969614979,38.12446550000459
CodeBERT_unfrozen_s2026,feature_dictionary_to_margin_FP32,Dot_Net,256,35.765200568312139,35.770469766248425,0.024110594923255242,35.732533933696686,35.793347996332159
CodeBERT_unfrozen_s2026,feature_dictionary_to_margin_FP32,Win32,1,41.657442194991745,41.52771506778663,0.19565486488783512,41.505239591060672,41.923991535441019
CodeBERT_unfrozen_s2026,feature_dictionary_to_margin_FP32,Win32,256,37.823434314304905,37.828304453796591,0.030063753153101846,37.786742679600138,37.866679425860639
CodeBERT_unfrozen_s2026,feature_dictionary_to_margin_FP32,Win64,1,42.139202290854882,42.078674719959963,0.196464135444959,41.912620996299665,42.344768618931994
CodeBERT_unfrozen_s2026,feature_dictionary_to_margin_FP32,Win64,256,38.066237750717846,38.059956804318062,0.017979688330123995,38.048674586207198,38.096008718639496
CodeBERT_unfrozen_s2026,serialized_text_to_margin_FP32,Dot_Net,1,37.986139282293152,37.997687002643943,0.12563494266748013,37.831299312529154,38.142628844070714
CodeBERT_unfrozen_s2026,serialized_text_to_margin_FP32,Dot_Net,256,35.741810649778927,35.743859441026871,0.016925545627215495,35.718970906600589,35.757682609073527
CodeBERT_unfrozen_s2026,serialized_text_to_margin_FP32,Win32,1,41.731391180655919,41.767709997657221,0.14646264584905117,41.525734559400007,41.885095939505845
CodeBERT_unfrozen_s2026,serialized_text_to_margin_FP32,Win32,256,37.730868369726522,37.740186628980155,0.035217697774763246,37.682059801227297,37.777135468786582
CodeBERT_unfrozen_s2026,serialized_text_to_margin_FP32,Win64,1,42.049845124711283,41.815196127572563,0.40977856447845296,41.754720245080534,42.727181280497462
CodeBERT_unfrozen_s2026,serialized_text_to_margin_FP32,Win64,256,37.921417226607446,37.923284096905263,0.052387383194631647,37.848046148610592,37.98312440267182
CodeBERT_unfrozen_s2026,token_tensor_to_margin_FP32,Dot_Net,1,35.465012624626979,35.500732905347832,0.29934647658609659,34.962855126650538,35.70490212587174
CodeBERT_unfrozen_s2026,token_tensor_to_margin_FP32,Dot_Net,256,34.913329270966642,34.916705637442647,0.045825520371154504,34.850573163566878,34.964100382239849
CodeBERT_unfrozen_s2026,token_tensor_to_margin_FP32,Win32,1,34.572897087491583,34.583152308186982,0.19292108456273041,34.296893405553419,34.773509185470175
CodeBERT_unfrozen_s2026,token_tensor_to_margin_FP32,Win32,256,34.925215412295074,34.931612371110532,0.031941678340589301,34.873555171543558,34.96103256202332
CodeBERT_unfrozen_s2026,token_tensor_to_margin_FP32,Win64,1,33.60860520042479,33.584850942133926,0.31782890222317928,33.15060690511018,34.004222092335112
CodeBERT_unfrozen_s2026,token_tensor_to_margin_FP32,Win64,256,34.15610945867229,34.157836933445651,0.010865615322917688,34.139378542931809,34.168877113188501
CodeBERT_unfrozen_s2027,feature_dictionary_to_margin_FP32,Dot_Net,1,38.199953587900382,38.213210653339047,0.18801395279075381,38.011125223420095,38.433606721810065
CodeBERT_unfrozen_s2027,feature_dictionary_to_margin_FP32,Dot_Net,256,35.108456404850585,35.104029117974278,0.033653106887505883,35.073943816314568,35.152981523424387
CodeBERT_unfrozen_s2027,feature_dictionary_to_margin_FP32,Win32,1,41.811999893980101,41.912521155609284,0.28468626252649776,41.466952068731189,42.108001340238843
CodeBERT_unfrozen_s2027,feature_dictionary_to_margin_FP32,Win32,256,37.175841325733927,37.173089003772475,0.043327292697930807,37.114872608981386,37.217379281173635
CodeBERT_unfrozen_s2027,feature_dictionary_to_margin_FP32,Win64,1,41.927317388763186,41.871328532579355,0.17971276193489266,41.761775661143474,42.213471249851864
CodeBERT_unfrozen_s2027,feature_dictionary_to_margin_FP32,Win64,256,37.392842440203822,37.389403500128537,0.052988322774025154,37.335108801016759,37.477951789696817
CodeBERT_unfrozen_s2027,serialized_text_to_margin_FP32,Dot_Net,1,38.077608238381799,38.083827654190827,0.18827659218665649,37.810122877999675,38.320929787005298
CodeBERT_unfrozen_s2027,serialized_text_to_margin_FP32,Dot_Net,256,35.10881745860388,35.126915972796269,0.041921910195266775,35.03392154652829,35.130061578456662
CodeBERT_unfrozen_s2027,serialized_text_to_margin_FP32,Win32,1,41.71173272334272,41.705454597831704,0.11522804589299081,41.552899434464052,41.857255338982213
CodeBERT_unfrozen_s2027,serialized_text_to_margin_FP32,Win32,256,37.052175569442625,37.067060664412566,0.040851537909985795,36.985038191232888,37.091884886649495
CodeBERT_unfrozen_s2027,serialized_text_to_margin_FP32,Win64,1,42.236605098878499,42.279862151190173,0.13636095664913098,42.040351661853492,42.387104062072467
CodeBERT_unfrozen_s2027,serialized_text_to_margin_FP32,Win64,256,37.339664276623807,37.332707558562106,0.039008722416754085,37.290898629180447,37.399636492409627
CodeBERT_unfrozen_s2027,token_tensor_to_margin_FP32,Dot_Net,1,35.699078912148252,35.672468751727138,0.24000052694275095,35.47223677742295,36.039564183738548
CodeBERT_unfrozen_s2027,token_tensor_to_margin_FP32,Dot_Net,256,34.289425047791156,34.304809460991237,0.042745148555613954,34.220005590213987,34.33135311024671
CodeBERT_unfrozen_s2027,token_tensor_to_margin_FP32,Win32,1,34.74884473689599,34.711687876551878,0.19644163511500223,34.594287651998457,35.074684681603685
CodeBERT_unfrozen_s2027,token_tensor_to_margin_FP32,Win32,256,34.295992712031875,34.293876695301151,0.048806679692345825,34.250623320986051,34.371748050944007
CodeBERT_unfrozen_s2027,token_tensor_to_margin_FP32,Win64,1,34.060572886664886,33.956647406739648,0.38352177191910047,33.632758750172798,34.62149800179759
CodeBERT_unfrozen_s2027,token_tensor_to_margin_FP32,Win64,256,33.623242307658074,33.6181283400947,0.025581928516577621,33.593523452509544,33.657298285106663
CodeBERT_unfrozen_s2028,feature_dictionary_to_margin_FP32,Dot_Net,1,39.138886763248593,39.199460938107222,0.22261590576230983,38.777415909862611,39.38108884904068
CodeBERT_unfrozen_s2028,feature_dictionary_to_margin_FP32,Dot_Net,256,36.048706294241128,36.065422116735135,0.046242048533242174,35.991228417515231,36.105437843616528
CodeBERT_unfrozen_s2028,feature_dictionary_to_margin_FP32,Win32,1,41.634926646656822,41.629344690591097,0.27567624075551134,41.298147567431442,41.949826285417657
CodeBERT_unfrozen_s2028,feature_dictionary_to_margin_FP32,Win32,256,37.781152157913311,37.79870261769247,0.033378501259631266,37.7389044224401,37.811178894116892
CodeBERT_unfrozen_s2028,feature_dictionary_to_margin_FP32,Win64,1,41.643046894751024,41.514895754517056,0.34472758018792843,41.200285690138116,42.018469779577572
CodeBERT_unfrozen_s2028,feature_dictionary_to_margin_FP32,Win64,256,37.953992707298312,37.963317855428613,0.031549254699362234,37.906437035417184,37.98666145758034
CodeBERT_unfrozen_s2028,serialized_text_to_margin_FP32,Dot_Net,1,39.023465538048185,39.009198029816616,0.24191431616185541,38.737295748433098,39.39344447280746
CodeBERT_unfrozen_s2028,serialized_text_to_margin_FP32,Dot_Net,256,35.955422285405803,35.926839957028278,0.071948984138455838,35.891669473130605,36.050357442036329
CodeBERT_unfrozen_s2028,serialized_text_to_margin_FP32,Win32,1,41.558134481601883,41.538888872310054,0.23373286500122409,41.277118565631099,41.852844406093936
CodeBERT_unfrozen_s2028,serialized_text_to_margin_FP32,Win32,256,37.676471571830916,37.691153363084595,0.02089271629280955,37.649164796675905,37.692230745960842
CodeBERT_unfrozen_s2028,serialized_text_to_margin_FP32,Win64,1,41.523835674161091,41.523051404510625,0.38019187725197079,41.111594844551291,42.069917028129566
CodeBERT_unfrozen_s2028,serialized_text_to_margin_FP32,Win64,256,37.922709769554785,37.90959002708405,0.043245431065465523,37.865732527279761,37.977521031280048
CodeBERT_unfrozen_s2028,token_tensor_to_margin_FP32,Dot_Net,1,36.680179761606269,36.643832623667549,0.21069323060751233,36.434961060876958,36.95423858880531
CodeBERT_unfrozen_s2028,token_tensor_to_margin_FP32,Dot_Net,256,35.17551323348016,35.192996753721673,0.04031429689997728,35.103554890156374,35.195966144783597
CodeBERT_unfrozen_s2028,token_tensor_to_margin_FP32,Win32,1,35.516444836684968,35.514300376235042,0.10255326684925964,35.420093343418557,35.661897527461406
CodeBERT_unfrozen_s2028,token_tensor_to_margin_FP32,Win32,256,35.161191349834553,35.155274929820735,0.038477082180807247,35.125205831718631,35.219425640207191
CodeBERT_unfrozen_s2028,token_tensor_to_margin_FP32,Win64,1,34.703632662422024,34.788044285960495,0.24730834034755808,34.268545248778537,34.856870093790349
CodeBERT_unfrozen_s2028,token_tensor_to_margin_FP32,Win64,256,34.60836579597526,34.61307320776541,0.03068626147822251,34.558336976260762,34.642678132513538
LightGBM,feature_dictionary_to_margin,Dot_Net,1,0.91852295736316592,0.87251212607952766,0.10656260361628268,0.85085631508263759,1.1054182832594961
LightGBM,feature_dictionary_to_margin,Dot_Net,256,0.21885890710109379,0.21881879320062581,0.00085743941504500009,0.21800628110213438,0.21988749995216494
LightGBM,feature_dictionary_to_margin,Win32,1,1.1878773548232857,1.1638526848400943,0.070302486596293415,1.14175581256859,1.312202999542933
LightGBM,feature_dictionary_to_margin,Win32,256,0.31315499300035299,0.31318764422394452,0.00032252834590829949,0.31277576181309996,0.31363746120405267
LightGBM,feature_dictionary_to_margin,Win64,1,1.1464535178674851,1.137146282417234,0.10717443345723686,0.99235599918756634,1.2738154036924243
LightGBM,feature_dictionary_to_margin,Win64,256,0.3244314070798282,0.32423494167233002,0.0011053961088998922,0.3231294881516078,0.32594240610706038
LightGBM,numerical_vector_to_margin,Dot_Net,1,0.17866159323602915,0.084124811110086739,0.1988683101817551,0.082063281297450885,0.5338038426998537
LightGBM,numerical_vector_to_margin,Dot_Net,256,0.011039285163860768,0.011093296961917076,0.00044499836562983326,0.010354722689953633,0.011601995993260061
LightGBM,numerical_vector_to_margin,Win32,1,0.15775636857142672,0.087798875028965995,0.15909616613433358,0.084327810327522457,0.44233990774955601
LightGBM,numerical_vector_to_margin,Win32,256,0.011365678074071184,0.011714495940395864,0.00084542782278126895,0.010265097444062121,0.012151312603236875
LightGBM,numerical_vector_to_margin,Win64,1,0.1656051812460646,0.086331347119994462,0.17431797896021509,0.08581131260143593,0.47739646834088489
LightGBM,numerical_vector_to_margin,Win64,256,0.009666525056672981,0.0095181485448847525,0.00042387943075998633,0.0092910822786507197,0.010297660082869697
TFIDF_bpe_prefix,feature_dictionary_to_margin,Dot_Net,1,1.0955295496387407,1.0897204374487046,0.050878160293418781,1.0377191865700297,1.1563882180780638
TFIDF_bpe_prefix,feature_dictionary_to_margin,Dot_Net,256,0.92852786083312822,0.92975813277007546,0.0021817905276300164,0.92593866793322377,0.93069363674658234
TFIDF_bpe_prefix,feature_dictionary_to_margin,Win32,1,4.8047512507764623,4.8158527170016896,0.018265852316029126,4.7752935315656941,4.8175137198995799
TFIDF_bpe_prefix,feature_dictionary_to_margin,Win32,256,2.8210611506437999,2.8183557774354995,0.0067913194064925415,2.8143688396085054,2.8304899960858165
TFIDF_bpe_prefix,feature_dictionary_to_margin,Win64,1,5.7976689247880131,5.7888173723767977,0.018354501118240607,5.7831778758554719,5.8288135624025017
TFIDF_bpe_prefix,feature_dictionary_to_margin,Win64,256,3.6478939670814725,3.643161960553698,0.015775077235373254,3.6305932499089977,3.6729821172230004
TFIDF_bpe_prefix,serialized_text_to_margin,Dot_Net,1,1.1179735440236982,1.0930839380307589,0.093103064868003682,1.0403591877548024,1.2666382208408322
TFIDF_bpe_prefix,serialized_text_to_margin,Dot_Net,256,0.89145202891813824,0.89204875757786795,0.0013545947735553146,0.88971874220078462,0.89292644952365663
TFIDF_bpe_prefix,serialized_text_to_margin,Win32,1,4.7732226863445248,4.7465558745898306,0.078539505772315596,4.712989251856925,4.9111425287264865
TFIDF_bpe_prefix,serialized_text_to_margin,Win32,256,2.716492584295338,2.7163700269738911,0.0085055572481241987,2.7070337382610887,2.7261394725428545
TFIDF_bpe_prefix,serialized_text_to_margin,Win64,1,5.7955880562076345,5.7437946234131232,0.12469156275510831,5.709297471184982,6.0117268112662714
TFIDF_bpe_prefix,serialized_text_to_margin,Win64,256,3.5062247196037788,3.5033766644119169,0.0056724232206473218,3.501035504086758,3.5145054098393302
TFIDF_bpe_prefix,tfidf_vector_to_margin,Dot_Net,256,0.00042711408241302706,0.00042556257540127262,1.029360911004571e-05,0.00041781231630011462,0.00044306261770543642
TFIDF_bpe_prefix,tfidf_vector_to_margin,Win32,256,0.00038875223253853619,0.00038487860365421511,1.2224427924571566e-05,0.00037575409805867821,0.00040706618165131658
TFIDF_bpe_prefix,tfidf_vector_to_margin,Win64,256,0.00040598997657070868,0.00040037912185653113,1.4237743395504903e-05,0.00039287897379836068,0.00042919145926134661
TFIDF_full,feature_dictionary_to_margin,Dot_Net,1,0.19142259407090023,0.1891916872409638,0.0051862461905060383,0.18875968817155808,0.20067515652044676
TFIDF_full,feature_dictionary_to_margin,Dot_Net,256,0.095807321758911712,0.095467722530884203,0.0013615900867353216,0.094516292847401928,0.097457089850649936
TFIDF_full,feature_dictionary_to_margin,Win32,1,0.67491658774088137,0.67411309282761067,0.020112701566486434,0.65532865482964553,0.7018854703346733
TFIDF_full,feature_dictionary_to_margin,Win32,256,0.52739506018042448,0.52705622647408745,0.0031723953087379377,0.5242037968855584,0.53089039420228801
TFIDF_full,feature_dictionary_to_margin,Win64,1,0.80448559383512475,0.81668056373018771,0.021967577635057536,0.77593721653101966,0.82295450192759745
TFIDF_full,feature_dictionary_to_margin,Win64,256,0.70212770788202761,0.70073715642138268,0.0031937563220355569,0.69895422666377272,0.70604261327389395
TFIDF_full,serialized_text_to_margin,Dot_Net,1,0.20299184325267561,0.19910715491278097,0.01186313375408961,0.193227686395403,0.2231725629826542
TFIDF_full,serialized_text_to_margin,Dot_Net,256,0.06400958054655348,0.062672922013007337,0.0021262269670105807,0.062466421695717145,0.067251968630444026
TFIDF_full,serialized_text_to_margin,Win32,1,0.6440326185838785,0.62515431272913702,0.061521994805961766,0.58972646729671396,0.74471328116487712
TFIDF_full,serialized_text_to_margin,Win32,256,0.42002658683486516,0.42004398846984259,0.0020142584454346576,0.41734531259862706,0.42203691418762901
TFIDF_full,serialized_text_to_margin,Win64,1,0.76637605016003363,0.74997884439653717,0.073357728162915095,0.70791299731354229,0.8929377181630116
TFIDF_full,serialized_text_to_margin,Win64,256,0.58381701574035105,0.58353369922770071,0.0020603465216898769,0.58166688677374623,0.58715916838991689
TFIDF_full,tfidf_vector_to_margin,Dot_Net,256,0.00024612418201286346,0.00025025019567692652,1.0010848641502551e-05,0.00023456232156604528,0.000258371073869057
TFIDF_full,tfidf_vector_to_margin,Win32,256,0.00056851013141567819,0.00054005840866011567,6.4130485641075867e-05,0.00052399991545826197,0.00068049621404497884
TFIDF_full,tfidf_vector_to_margin,Win64,256,0.00080889612945611589,0.00078168386608012952,0.00016749501342489158,0.00065280892158625647,0.0010885582923947368
TFIDF_prefix,feature_dictionary_to_margin,Dot_Net,1,0.92733391211368144,0.93271040532272309,0.0094096871983065048,0.91625393542926759,0.93667490364168771
TFIDF_prefix,feature_dictionary_to_margin,Dot_Net,256,0.82639379452302819,0.82611627340156701,0.0033436266417022496,0.82279071511948132,0.83145489452363108
TFIDF_prefix,feature_dictionary_to_margin,Win32,1,4.7201685119944159,4.7161305919871666,0.019749340627829851,4.7006824970594607,4.7487970005022362
TFIDF_prefix,feature_dictionary_to_margin,Win32,256,2.7481616022669186,2.7490341408338281,0.0037637188440603447,2.7422924335951393,2.751610206814803
TFIDF_prefix,feature_dictionary_to_margin,Win64,1,5.7499435490171891,5.7586187795095611,0.018852145198102545,5.7227988727390766,5.7655267810332589
TFIDF_prefix,feature_dictionary_to_margin,Win64,256,3.5761842616921058,3.5828650311486854,0.013632327454930392,3.5596886482380796,3.5898839491892431
TFIDF_prefix,serialized_text_to_margin,Dot_Net,1,0.99262465082574636,0.9763048765307758,0.051734906076821199,0.93907737755216658,1.0679068109311629
TFIDF_prefix,serialized_text_to_margin,Dot_Net,256,0.78885013363105827,0.7894086406849965,0.0027095926839527714,0.78526959350710968,0.79180445345627959
TFIDF_prefix,serialized_text_to_margin,Win32,1,4.6705240951268934,4.6382370637729764,0.079679392277486313,4.6127065943437628,4.8095602833200246
TFIDF_prefix,serialized_text_to_margin,Win32,256,2.8813695469580125,2.6334112890253891,0.56215882488667823,2.6204854571005853,3.88690299632799
TFIDF_prefix,serialized_text_to_margin,Win64,1,5.7231444559874944,5.698083718016278,0.083253775068570721,5.6662028437131085,5.8697725617093965
TFIDF_prefix,serialized_text_to_margin,Win64,256,3.4469599623662361,3.4477121716918191,0.005162653748505496,3.4384300543024438,3.451058738392021
TFIDF_prefix,tfidf_vector_to_margin,Dot_Net,256,0.00021389996618381701,0.0002103124643326737,7.815606191098617e-06,0.00020768766262335703,0.00022699987312080339
TFIDF_prefix,tfidf_vector_to_margin,Win32,256,0.00023021157176117413,0.00023250004232977517,1.0743398853122768e-05,0.0002184997356380336,0.00024549990484956652
TFIDF_prefix,tfidf_vector_to_margin,Win64,256,0.00022903750505065545,0.00023124994186218828,8.9362511114295665e-06,0.00021762480173492804,0.00023931261239340529
