model,knot,margin,probability
LightGBM,0,-14.87245330355973,0
LightGBM,1,-11.424843536843426,0
LightGBM,2,-11.423451778432421,0.00096153846153846159
LightGBM,3,-9.9746492287107689,0.00096153846153846159
LightGBM,4,-9.9744740450723928,0.0025740025740025739
LightGBM,5,-8.1624036081620748,0.0025740025740025739
LightGBM,6,-8.158142527754622,0.0062794348508634227
LightGBM,7,-7.330128556500954,0.0062794348508634227
LightGBM,8,-7.3291687894215078,0.0073529411764705881
LightGBM,9,-7.1133967876288535,0.0073529411764705881
LightGBM,10,-7.1083288857709652,0.0099009900990099011
LightGBM,11,-6.7810921609763914,0.0099009900990099011
LightGBM,12,-6.7795641508700317,0.011363636363636364
LightGBM,13,-6.1564486941686489,0.011363636363636364
LightGBM,14,-6.1559999622553701,0.028571428571428571
LightGBM,15,-5.1432213256815515,0.028571428571428571
LightGBM,16,-5.141754454593479,0.057692307692307696
LightGBM,17,-4.5387414728973106,0.057692307692307696
LightGBM,18,-4.5367662623144485,0.085714285714285715
LightGBM,19,-4.398228744829507,0.085714285714285715
LightGBM,20,-4.3744947313514357,0.093959731543624164
LightGBM,21,-3.7771857410121368,0.093959731543624164
LightGBM,22,-3.7764004611885369,0.12121212121212122
LightGBM,23,-3.6000243795457783,0.12121212121212122
LightGBM,24,-3.5903171842707056,0.12328767123287671
LightGBM,25,-2.8633506555470962,0.12328767123287671
LightGBM,26,-2.859483508975416,0.16336633663366337
LightGBM,27,-1.6506350651863493,0.16336633663366337
LightGBM,28,-1.6333144914863138,0.19047619047619047
LightGBM,29,-1.4577297965008253,0.19047619047619047
LightGBM,30,-1.4421665189563029,0.25
LightGBM,31,-1.3333091646518007,0.25
LightGBM,32,-1.324246244119984,0.31372549019607843
LightGBM,33,-1.0263051131148897,0.31372549019607843
LightGBM,34,-1.0143725876670151,0.36792452830188677
LightGBM,35,-0.12518204560603752,0.36792452830188677
LightGBM,36,-0.11451819042984011,0.52542372881355937
LightGBM,37,0.46325947798098921,0.52542372881355937
LightGBM,38,0.46384703344583117,0.59999999999999998
LightGBM,39,0.52135427649313781,0.59999999999999998
LightGBM,40,0.53300449979016196,0.64912280701754388
LightGBM,41,0.95383845456536198,0.64912280701754388
LightGBM,42,0.95665588395456824,0.66666666666666663
LightGBM,43,0.98517200175143749,0.66666666666666663
LightGBM,44,0.98577793233105049,0.72222222222222221
LightGBM,45,1.1220425904248068,0.72222222222222221
LightGBM,46,1.1301521807783699,0.74358974358974361
LightGBM,47,2.2159543893389455,0.74358974358974361
LightGBM,48,2.2230752982079087,0.75
LightGBM,49,2.2367356399430935,0.75
LightGBM,50,2.2450231912953158,0.79166666666666663
LightGBM,51,2.385663713080211,0.79166666666666663
LightGBM,52,2.3992963022165754,0.85365853658536583
LightGBM,53,2.9342642597334843,0.85365853658536583
LightGBM,54,2.9394221707911266,0.8771929824561403
LightGBM,55,3.2610308621790152,0.8771929824561403
LightGBM,56,3.2645983583474458,0.93939393939393945
LightGBM,57,3.7524187560123368,0.93939393939393945
LightGBM,58,3.762564639492886,0.94285714285714284
LightGBM,59,4.1698916557669818,0.94285714285714284
LightGBM,60,4.1733106806560016,0.94444444444444442
LightGBM,61,4.2230951921156112,0.94444444444444442
LightGBM,62,4.2246708230662744,0.98341625207296846
LightGBM,63,6.1421007873010769,0.98341625207296846
LightGBM,64,6.1425835367346622,0.98830409356725146
LightGBM,65,6.9886886294866848,0.98830409356725146
LightGBM,66,6.9913793173566905,0.9887640449438202
LightGBM,67,7.3270754823453492,0.9887640449438202
LightGBM,68,7.3287260699971712,0.99397590361445787
LightGBM,69,7.7008493673744809,0.99397590361445787
LightGBM,70,7.7016055353618862,0.99491094147582693
LightGBM,71,8.4877116682195997,0.99491094147582693
LightGBM,72,8.488085637509494,0.99872935196950441
LightGBM,73,9.6620683309053987,0.99872935196950441
LightGBM,74,9.6628635005644643,1
LightGBM,75,15.505518918103498,1
TFIDF_full,0,-16.065799549398587,0
TFIDF_full,1,-10.096843914760356,0
TFIDF_full,2,-10.092656796661647,0.0021528525296017221
TFIDF_full,3,-7.4107594845965226,0.0021528525296017221
TFIDF_full,4,-7.409174026241419,0.0036363636363636364
TFIDF_full,5,-6.9923400474314636,0.0036363636363636364
TFIDF_full,6,-6.991957831917369,0.0059435364041604752
TFIDF_full,7,-6.1951299978021019,0.0059435364041604752
TFIDF_full,8,-6.1950360390261014,0.0074906367041198503
TFIDF_full,9,-5.9000439390116082,0.0074906367041198503
TFIDF_full,10,-5.8999869213523359,0.012832263978001834
TFIDF_full,11,-4.7652214496668766,0.012832263978001834
TFIDF_full,12,-4.7587755185885747,0.017793594306049824
TFIDF_full,13,-4.0351418466594247,0.017793594306049824
TFIDF_full,14,-4.0320901663861797,0.026200873362445413
TFIDF_full,15,-3.747231723316125,0.026200873362445413
TFIDF_full,16,-3.7447278363021681,0.028301886792452831
TFIDF_full,17,-3.5860599301851885,0.028301886792452831
TFIDF_full,18,-3.5837335187594741,0.036945812807881777
TFIDF_full,19,-2.918606142950332,0.036945812807881777
TFIDF_full,20,-2.9144398111695162,0.061538461538461542
TFIDF_full,21,-2.6643258826612835,0.061538461538461542
TFIDF_full,22,-2.6601691671444163,0.10652920962199312
TFIDF_full,23,-2.0219501742570216,0.10652920962199312
TFIDF_full,24,-2.0186416584804774,0.12087912087912088
TFIDF_full,25,-1.8162513844976398,0.12087912087912088
TFIDF_full,26,-1.8133327852733627,0.14285714285714285
TFIDF_full,27,-1.5660168225321187,0.14285714285714285
TFIDF_full,28,-1.5644608855853492,0.21052631578947367
TFIDF_full,29,-1.3620125901866602,0.21052631578947367
TFIDF_full,30,-1.3619642957816476,0.23076923076923078
TFIDF_full,31,-1.3288577653393001,0.23076923076923078
TFIDF_full,32,-1.3218830731883662,0.23809523809523808
TFIDF_full,33,-1.2698022300778449,0.23809523809523808
TFIDF_full,34,-1.2691939398016401,0.26829268292682928
TFIDF_full,35,-1.1814595428019525,0.26829268292682928
TFIDF_full,36,-1.1710989613483187,0.27450980392156865
TFIDF_full,37,-0.99175753054430704,0.27450980392156865
TFIDF_full,38,-0.98865006647034404,0.36363636363636365
TFIDF_full,39,-0.83917227115047743,0.36363636363636365
TFIDF_full,40,-0.83915040006752173,0.40000000000000002
TFIDF_full,41,-0.83723240731269222,0.40000000000000002
TFIDF_full,42,-0.8317147661768427,0.41666666666666669
TFIDF_full,43,-0.45828851011444954,0.41666666666666669
TFIDF_full,44,-0.45532270713928058,0.4375
TFIDF_full,45,-0.19337985198610219,0.4375
TFIDF_full,46,-0.18427372125755892,0.50000000000000011
TFIDF_full,47,0.09623896699300305,0.50000000000000011
TFIDF_full,48,0.10147113477003478,0.55714285714285716
TFIDF_full,49,0.32899523996196822,0.55714285714285716
TFIDF_full,50,0.32949626868050652,0.56000000000000005
TFIDF_full,51,0.40819299939474307,0.56000000000000005
TFIDF_full,52,0.41105295532544073,0.61016949152542377
TFIDF_full,53,0.58045158382573758,0.61016949152542377
TFIDF_full,54,0.58409464183749527,0.68292682926829273
TFIDF_full,55,0.73726540922778039,0.68292682926829273
TFIDF_full,56,0.74150436844250378,0.72820512820512817
TFIDF_full,57,1.3230363961727361,0.72820512820512817
TFIDF_full,58,1.3240639490392265,0.79047619047619044
TFIDF_full,59,1.618143340849119,0.79047619047619044
TFIDF_full,60,1.6184515142918174,0.81690140845070425
TFIDF_full,61,1.7814601102454772,0.81690140845070425
TFIDF_full,62,1.782507163043126,0.86029411764705888
TFIDF_full,63,2.1285631680425339,0.86029411764705888
TFIDF_full,64,2.1301493043713076,0.90751445086705207
TFIDF_full,65,2.4956509906019555,0.90751445086705207
TFIDF_full,66,2.4998448846185011,0.91925465838509313
TFIDF_full,67,2.8323734943152106,0.91925465838509313
TFIDF_full,68,2.833358774741852,0.93916349809885935
TFIDF_full,69,3.385408625439057,0.93916349809885935
TFIDF_full,70,3.3854383274509292,0.94594594594594594
TFIDF_full,71,3.4477034042766848,0.94594594594594594
TFIDF_full,72,3.4498019639535835,0.9625850340136054
TFIDF_full,73,3.9439372433626536,0.9625850340136054
TFIDF_full,74,3.9441462137635162,0.96721311475409832
TFIDF_full,75,4.0170242197056449,0.96721311475409832
TFIDF_full,76,4.0175848875549312,0.9760479041916168
TFIDF_full,77,4.5361501329521552,0.9760479041916168
TFIDF_full,78,4.5374566769415487,0.97802197802197799
TFIDF_full,79,4.6692613238080689,0.97802197802197799
TFIDF_full,80,4.6700910283663477,0.98484848484848486
TFIDF_full,81,4.8731824198287068,0.98484848484848486
TFIDF_full,82,4.8763114211797625,0.98888888888888893
TFIDF_full,83,4.9852817961165039,0.98888888888888893
TFIDF_full,84,4.9860370292687257,0.99206349206349209
TFIDF_full,85,5.1697646858639628,0.99206349206349209
TFIDF_full,86,5.1697697434012255,0.9939613526570048
TFIDF_full,87,6.1942830646278022,0.9939613526570048
TFIDF_full,88,6.1978780775751163,0.99641577060931896
TFIDF_full,89,6.5239394952669407,0.99641577060931896
TFIDF_full,90,6.5243469981845035,0.99869876382563438
TFIDF_full,91,8.7878993503284946,0.99869876382563438
TFIDF_full,92,8.7970052621123216,1
TFIDF_full,93,15.137137555045328,1
TFIDF_prefix,0,-16.526054946006788,0.0027700831024930748
TFIDF_prefix,1,-9.5765313355574957,0.0027700831024930748
TFIDF_prefix,2,-9.5750696509745534,0.0029027576197387518
TFIDF_prefix,3,-7.6696814043400341,0.0029027576197387518
TFIDF_prefix,4,-7.6659414726588615,0.0046189376443418013
TFIDF_prefix,5,-6.9116593606376773,0.0046189376443418013
TFIDF_prefix,6,-6.910007355718685,0.0073126142595978062
TFIDF_prefix,7,-6.142372176936524,0.0073126142595978062
TFIDF_prefix,8,-6.1369131436126292,0.0088183421516754845
TFIDF_prefix,9,-5.4390170890243983,0.0088183421516754845
TFIDF_prefix,10,-5.4379878617421546,0.0098039215686274508
TFIDF_prefix,11,-5.3119875789691857,0.0098039215686274508
TFIDF_prefix,12,-5.3114024518697862,0.030223390275952697
TFIDF_prefix,13,-4.3959489735380659,0.030223390275952697
TFIDF_prefix,14,-4.3952459660144987,0.035714285714285712
TFIDF_prefix,15,-4.2945274355562377,0.035714285714285712
TFIDF_prefix,16,-4.2943422054779639,0.038674033149171269
TFIDF_prefix,17,-4.0209763543100312,0.038674033149171269
TFIDF_prefix,18,-4.0205050738376338,0.046931407942238268
TFIDF_prefix,19,-3.6357721265920255,0.046931407942238268
TFIDF_prefix,20,-3.6343711076139513,0.052941176470588235
TFIDF_prefix,21,-3.3955694974510862,0.052941176470588235
TFIDF_prefix,22,-3.3945380175162128,0.061904761904761907
TFIDF_prefix,23,-3.0880973027223129,0.061904761904761907
TFIDF_prefix,24,-3.0865335349718421,0.070000000000000007
TFIDF_prefix,25,-2.4609160116690569,0.070000000000000007
TFIDF_prefix,26,-2.455750161582916,0.092307692307692313
TFIDF_prefix,27,-2.3609640224500006,0.092307692307692313
TFIDF_prefix,28,-2.3602511305268896,0.11231884057971013
TFIDF_prefix,29,-1.821994576812211,0.11231884057971013
TFIDF_prefix,30,-1.8180027391602733,0.125
TFIDF_prefix,31,-1.7646138685159967,0.125
TFIDF_prefix,32,-1.7639001994104824,0.17293233082706766
TFIDF_prefix,33,-1.476349779416299,0.17293233082706766
TFIDF_prefix,34,-1.4696687116599279,0.25
TFIDF_prefix,35,-1.4504835159555838,0.25
TFIDF_prefix,36,-1.4451925877460639,0.25773195876288657
TFIDF_prefix,37,-1.2565860898680086,0.25773195876288657
TFIDF_prefix,38,-1.2493352637931334,0.28846153846153844
TFIDF_prefix,39,-0.83882772322539767,0.28846153846153844
TFIDF_prefix,40,-0.83770042806025702,0.32653061224489793
TFIDF_prefix,41,-0.72421276775410137,0.32653061224489793
TFIDF_prefix,42,-0.72312152825656095,0.33333333333333331
TFIDF_prefix,43,-0.72160456156564978,0.33333333333333331
TFIDF_prefix,44,-0.71898555318654089,0.36936936936936937
TFIDF_prefix,45,-0.51685862817938988,0.36936936936936937
TFIDF_prefix,46,-0.51439680569718238,0.375
TFIDF_prefix,47,-0.46016621742540098,0.375
TFIDF_prefix,48,-0.45535156383729369,0.38596491228070173
TFIDF_prefix,49,-0.31774004654242949,0.38596491228070173
TFIDF_prefix,50,-0.315709652830651,0.41860465116279072
TFIDF_prefix,51,-0.21985800356337959,0.41860465116279072
TFIDF_prefix,52,-0.21943789177262596,0.43023255813953487
TFIDF_prefix,53,0.010621907052085655,0.43023255813953487
TFIDF_prefix,54,0.011069020497482096,0.47368421052631576
TFIDF_prefix,55,0.24467422368586755,0.47368421052631576
TFIDF_prefix,56,0.24829805956022577,0.50000000000000011
TFIDF_prefix,57,0.30668663544865904,0.50000000000000011
TFIDF_prefix,58,0.30900739397733756,0.52173913043478259
TFIDF_prefix,59,0.39995526297927708,0.52173913043478259
TFIDF_prefix,60,0.40004397610687575,0.52631578947368418
TFIDF_prefix,61,0.43767020845460669,0.52631578947368418
TFIDF_prefix,62,0.43875300248873023,0.5714285714285714
TFIDF_prefix,63,0.46246404362659421,0.5714285714285714
TFIDF_prefix,64,0.4660014434446319,0.59701492537313428
TFIDF_prefix,65,0.74826062362558465,0.59701492537313428
TFIDF_prefix,66,0.75040607810749549,0.6333333333333333
TFIDF_prefix,67,0.80851052838131243,0.6333333333333333
TFIDF_prefix,68,0.81014850769867541,0.72173913043478244
TFIDF_prefix,69,1.3655183521609713,0.72173913043478244
TFIDF_prefix,70,1.3660509284510183,0.77777777777777779
TFIDF_prefix,71,1.3752424482407615,0.77777777777777779
TFIDF_prefix,72,1.3777892846334305,0.83627204030226698
TFIDF_prefix,73,2.1110626770847825,0.83627204030226698
TFIDF_prefix,74,2.1166898675674553,0.85365853658536583
TFIDF_prefix,75,2.1869290994608122,0.85365853658536583
TFIDF_prefix,76,2.1923495350335638,0.8545454545454545
TFIDF_prefix,77,2.2747822111600331,0.8545454545454545
TFIDF_prefix,78,2.2765602113971317,0.90995260663507105
TFIDF_prefix,79,2.6168792022198271,0.90995260663507105
TFIDF_prefix,80,2.6171696867452354,0.91737891737891741
TFIDF_prefix,81,3.1467689991665031,0.91737891737891741
TFIDF_prefix,82,3.1469182958637032,0.9285714285714286
TFIDF_prefix,83,3.1725280537610447,0.9285714285714286
TFIDF_prefix,84,3.1778260102475522,0.96124031007751942
TFIDF_prefix,85,3.7409579267611508,0.96124031007751942
TFIDF_prefix,86,3.7413319058494414,0.96452328159645229
TFIDF_prefix,87,4.3147022617116031,0.96452328159645229
TFIDF_prefix,88,4.3159620321594581,0.97222222222222221
TFIDF_prefix,89,4.3588433447757291,0.97222222222222221
TFIDF_prefix,90,4.3603681846659175,0.98654104979811574
TFIDF_prefix,91,5.2564333881866414,0.98654104979811574
TFIDF_prefix,92,5.2572949950223897,0.98958333333333337
TFIDF_prefix,93,5.3663981577023439,0.98958333333333337
TFIDF_prefix,94,5.3666935456596905,0.99568965517241381
TFIDF_prefix,95,5.6449826781195922,0.99568965517241381
TFIDF_prefix,96,5.6506172537186652,0.99796644636502285
TFIDF_prefix,97,8.9530364384861159,0.99796644636502285
TFIDF_prefix,98,8.9572985742532953,1
TFIDF_prefix,99,12.902597365035332,1
TFIDF_bpe_prefix,0,-12.466985011872534,0
TFIDF_bpe_prefix,1,-6.2417685656479751,0
TFIDF_bpe_prefix,2,-6.241385855326536,0.0041237113402061857
TFIDF_bpe_prefix,3,-5.4517523937886452,0.0041237113402061857
TFIDF_bpe_prefix,4,-5.449402275454208,0.01028999064546305
TFIDF_bpe_prefix,5,-4.2558179252100583,0.01028999064546305
TFIDF_bpe_prefix,6,-4.2557610875380014,0.01125703564727955
TFIDF_bpe_prefix,7,-3.7513271354273274,0.01125703564727955
TFIDF_bpe_prefix,8,-3.7511478171583081,0.017241379310344827
TFIDF_bpe_prefix,9,-3.6835829049293309,0.017241379310344827
TFIDF_bpe_prefix,10,-3.6812617391414983,0.046979865771812082
TFIDF_bpe_prefix,11,-3.0800938723731019,0.046979865771812082
TFIDF_bpe_prefix,12,-3.079845114293005,0.056000000000000001
TFIDF_bpe_prefix,13,-2.842665398751385,0.056000000000000001
TFIDF_bpe_prefix,14,-2.8418376123287086,0.058823529411764705
TFIDF_bpe_prefix,15,-2.7867414675277806,0.058823529411764705
TFIDF_bpe_prefix,16,-2.7824869231820433,0.067647058823529407
TFIDF_bpe_prefix,17,-2.4083004261762464,0.067647058823529407
TFIDF_bpe_prefix,18,-2.4072137551184567,0.083333333333333329
TFIDF_bpe_prefix,19,-2.3092507524594712,0.083333333333333329
TFIDF_bpe_prefix,20,-2.3090701246479068,0.092105263157894732
TFIDF_bpe_prefix,21,-2.0350830663247805,0.092105263157894732
TFIDF_bpe_prefix,22,-2.0316037300512484,0.1111111111111111
TFIDF_bpe_prefix,23,-2.0257516529928918,0.1111111111111111
TFIDF_bpe_prefix,24,-2.0251862639959222,0.12334801762114538
TFIDF_bpe_prefix,25,-1.7278630349941797,0.12334801762114538
TFIDF_bpe_prefix,26,-1.7258320535720408,0.14999999999999999
TFIDF_bpe_prefix,27,-1.707432736418478,0.14999999999999999
TFIDF_bpe_prefix,28,-1.7061605813655003,0.16666666666666666
TFIDF_bpe_prefix,29,-1.6884815151999548,0.16666666666666666
TFIDF_bpe_prefix,30,-1.6866729163986567,0.16935483870967741
TFIDF_bpe_prefix,31,-1.5228040216030112,0.16935483870967741
TFIDF_bpe_prefix,32,-1.5227669145039133,0.20129870129870131
TFIDF_bpe_prefix,33,-1.3133301461207907,0.20129870129870131
TFIDF_bpe_prefix,34,-1.3113438493171874,0.21019108280254778
TFIDF_bpe_prefix,35,-0.8548808347614687,0.21019108280254778
TFIDF_bpe_prefix,36,-0.85483180873519293,0.27397260273972601
TFIDF_bpe_prefix,37,-0.71206751990300599,0.27397260273972601
TFIDF_bpe_prefix,38,-0.71013473861303389,0.28723404255319152
TFIDF_bpe_prefix,39,-0.58531493707023441,0.28723404255319152
TFIDF_bpe_prefix,40,-0.58204815620163797,0.29032258064516131
TFIDF_bpe_prefix,41,-0.53618609764048264,0.29032258064516131
TFIDF_bpe_prefix,42,-0.53503697456478472,0.34482758620689657
TFIDF_bpe_prefix,43,-0.49965275582910218,0.34482758620689657
TFIDF_bpe_prefix,44,-0.49918200466792184,0.36170212765957449
TFIDF_bpe_prefix,45,-0.4156885145465139,0.36170212765957449
TFIDF_bpe_prefix,46,-0.41478563869216134,0.36363636363636365
TFIDF_bpe_prefix,47,-0.32397604642481781,0.36363636363636365
TFIDF_bpe_prefix,48,-0.32261840121358132,0.37037037037037035
TFIDF_bpe_prefix,49,-0.13177161193874065,0.37037037037037035
TFIDF_bpe_prefix,50,-0.12969231124858638,0.43312101910828027
TFIDF_bpe_prefix,51,0.098735721607994709,0.43312101910828027
TFIDF_bpe_prefix,52,0.10590129191591258,0.49504950495049521
TFIDF_bpe_prefix,53,0.25000089299490336,0.49504950495049521
TFIDF_bpe_prefix,54,0.25060975651321327,0.5
TFIDF_bpe_prefix,55,0.2506554836105499,0.5
TFIDF_bpe_prefix,56,0.25398012679634618,0.55172413793103448
TFIDF_bpe_prefix,57,0.35122208058596405,0.55172413793103448
TFIDF_bpe_prefix,58,0.35153661169574724,0.58888888888888902
TFIDF_bpe_prefix,59,0.63026329154884042,0.58888888888888902
TFIDF_bpe_prefix,60,0.63109934128041534,0.66666666666666663
TFIDF_bpe_prefix,61,0.6337526357931802,0.66666666666666663
TFIDF_bpe_prefix,62,0.63569799957809803,0.7120418848167539
TFIDF_bpe_prefix,63,0.90243865122425193,0.7120418848167539
TFIDF_bpe_prefix,64,0.90291982628264567,0.74404761904761907
TFIDF_bpe_prefix,65,1.1403874071253237,0.74404761904761907
TFIDF_bpe_prefix,66,1.1405639016486391,0.75
TFIDF_bpe_prefix,67,1.142882297715512,0.75
TFIDF_bpe_prefix,68,1.1431230523255431,0.75862068965517238
TFIDF_bpe_prefix,69,1.224686152156274,0.75862068965517238
TFIDF_bpe_prefix,70,1.226839529895595,0.83333333333333337
TFIDF_bpe_prefix,71,1.2304659613785502,0.83333333333333337
TFIDF_bpe_prefix,72,1.231512573808955,0.8623188405797102
TFIDF_bpe_prefix,73,1.3976130970515723,0.8623188405797102
TFIDF_bpe_prefix,74,1.3996473422533589,0.86363636363636365
TFIDF_bpe_prefix,75,1.615693346690096,0.86363636363636365
TFIDF_bpe_prefix,76,1.6192086975262536,0.875
TFIDF_bpe_prefix,77,1.9407189560838178,0.875
TFIDF_bpe_prefix,78,1.9407547358179009,0.88235294117647056
TFIDF_bpe_prefix,79,1.9561098411389493,0.88235294117647056
TFIDF_bpe_prefix,80,1.9567513277850717,0.91596638655462181
TFIDF_bpe_prefix,81,2.1022377139041808,0.91596638655462181
TFIDF_bpe_prefix,82,2.1025585080019003,0.92592592592592593
TFIDF_bpe_prefix,83,2.2292954038317943,0.92592592592592593
TFIDF_bpe_prefix,84,2.2316212281835508,0.94285714285714284
TFIDF_bpe_prefix,85,2.4252873547422835,0.94285714285714284
TFIDF_bpe_prefix,86,2.4258670583077109,0.94749403341288785
TFIDF_bpe_prefix,87,2.9171989735042709,0.94749403341288785
TFIDF_bpe_prefix,88,2.9199721632574915,0.94890510948905105
TFIDF_bpe_prefix,89,3.2476401428140127,0.94890510948905105
TFIDF_bpe_prefix,90,3.2488768872429965,0.97860962566844922
TFIDF_bpe_prefix,91,3.453171425308569,0.97860962566844922
TFIDF_bpe_prefix,92,3.4549471861583312,0.98345398138572904
TFIDF_bpe_prefix,93,4.485586567397112,0.98345398138572904
TFIDF_bpe_prefix,94,4.4861172863064134,0.99285714285714288
TFIDF_bpe_prefix,95,4.6266584248844804,0.99285714285714288
TFIDF_bpe_prefix,96,4.6270188646733397,0.99611273080660834
TFIDF_bpe_prefix,97,5.7738815327143191,0.99611273080660834
TFIDF_bpe_prefix,98,5.7741827705030575,0.99823633156966485
TFIDF_bpe_prefix,99,6.8093373174271496,0.99823633156966485
TFIDF_bpe_prefix,100,6.8097156791378906,1
TFIDF_bpe_prefix,101,9.7713485178581223,1
CodeBERT_partial_s2026,0,-7.5667831897735596,0
CodeBERT_partial_s2026,1,-7.5622372627258301,0
CodeBERT_partial_s2026,2,-7.5622315406799316,0.0016849199663016006
CodeBERT_partial_s2026,3,-7.5493307113647461,0.0016849199663016006
CodeBERT_partial_s2026,4,-7.5493083000183105,0.0040160642570281121
CodeBERT_partial_s2026,5,-7.5375733375549316,0.0040160642570281121
CodeBERT_partial_s2026,6,-7.5375602245330811,0.0062166962699822378
CodeBERT_partial_s2026,7,-7.4103515148162842,0.0062166962699822378
CodeBERT_partial_s2026,8,-7.4102094173431396,0.018867924528301886
CodeBERT_partial_s2026,9,-7.3524258136749268,0.018867924528301886
CodeBERT_partial_s2026,10,-7.3515434265136719,0.024734982332155476
CodeBERT_partial_s2026,11,-7.1299705505371094,0.024734982332155476
CodeBERT_partial_s2026,12,-7.1298947334289551,0.025000000000000001
CodeBERT_partial_s2026,13,-6.9957332611083984,0.025000000000000001
CodeBERT_partial_s2026,14,-6.9952445030212402,0.035087719298245612
CodeBERT_partial_s2026,15,-6.7672860622406006,0.035087719298245612
CodeBERT_partial_s2026,16,-6.7666313648223877,0.037037037037037035
CodeBERT_partial_s2026,17,-6.5526859760284424,0.037037037037037035
CodeBERT_partial_s2026,18,-6.5520393848419189,0.040540540540540543
CodeBERT_partial_s2026,19,-6.3275859355926514,0.040540540540540543
CodeBERT_partial_s2026,20,-6.3269424438476562,0.048192771084337352
CodeBERT_partial_s2026,21,-6.1756961345672607,0.048192771084337352
CodeBERT_partial_s2026,22,-6.1736388206481934,0.051679586563307491
CodeBERT_partial_s2026,23,-5.6616072654724121,0.051679586563307491
CodeBERT_partial_s2026,24,-5.6606605052947998,0.069444444444444448
CodeBERT_partial_s2026,25,-5.5609188079833984,0.069444444444444448
CodeBERT_partial_s2026,26,-5.5608937740325928,0.082706766917293228
CodeBERT_partial_s2026,27,-5.4210827350616455,0.082706766917293228
CodeBERT_partial_s2026,28,-5.4209139347076416,0.10526315789473684
CodeBERT_partial_s2026,29,-5.3755035400390625,0.10526315789473684
CodeBERT_partial_s2026,30,-5.3713157176971436,0.1111111111111111
CodeBERT_partial_s2026,31,-5.3493249416351318,0.1111111111111111
CodeBERT_partial_s2026,32,-5.3486886024475098,0.11428571428571428
CodeBERT_partial_s2026,33,-4.8593113422393799,0.11428571428571428
CodeBERT_partial_s2026,34,-4.8573527336120605,0.16556291390728478
CodeBERT_partial_s2026,35,-4.6221067905426025,0.16556291390728478
CodeBERT_partial_s2026,36,-4.6210801601409912,0.19459459459459461
CodeBERT_partial_s2026,37,-4.1815989017486572,0.19459459459459461
CodeBERT_partial_s2026,38,-4.1813516616821289,0.22033898305084745
CodeBERT_partial_s2026,39,-3.8217471837997437,0.22033898305084745
CodeBERT_partial_s2026,40,-3.8199280500411987,0.24691358024691357
CodeBERT_partial_s2026,41,-3.6024175882339478,0.24691358024691357
CodeBERT_partial_s2026,42,-3.5994794368743896,0.25
CodeBERT_partial_s2026,43,-3.5903693437576294,0.25
CodeBERT_partial_s2026,44,-3.5902407169342041,0.25984251968503935
CodeBERT_partial_s2026,45,-2.9570479393005371,0.25984251968503935
CodeBERT_partial_s2026,46,-2.9526938199996948,0.27906976744186046
CodeBERT_partial_s2026,47,-2.6367959976196289,0.27906976744186046
CodeBERT_partial_s2026,48,-2.6315871477127075,0.31034482758620691
CodeBERT_partial_s2026,49,-2.2483325004577637,0.31034482758620691
CodeBERT_partial_s2026,50,-2.2179536819458008,0.36363636363636365
CodeBERT_partial_s2026,51,-2.065423846244812,0.36363636363636365
CodeBERT_partial_s2026,52,-2.0635324716567993,0.49305555555555564
CodeBERT_partial_s2026,53,0.52124854922294617,0.49305555555555564
CodeBERT_partial_s2026,54,0.58773048222064972,0.5
CodeBERT_partial_s2026,55,0.72498562932014465,0.5
CodeBERT_partial_s2026,56,0.74630692601203918,0.5714285714285714
CodeBERT_partial_s2026,57,1.0583150088787079,0.5714285714285714
CodeBERT_partial_s2026,58,1.0951627492904663,0.62541806020066892
CodeBERT_partial_s2026,59,3.3373978137969971,0.62541806020066892
CodeBERT_partial_s2026,60,3.3380458354949951,0.66346153846153844
CodeBERT_partial_s2026,61,3.7174630165100098,0.66346153846153844
CodeBERT_partial_s2026,62,3.7251007556915283,0.69696969696969702
CodeBERT_partial_s2026,63,3.9093775749206543,0.69696969696969702
CodeBERT_partial_s2026,64,3.9126819372177124,0.7142857142857143
CodeBERT_partial_s2026,65,3.9774407148361206,0.7142857142857143
CodeBERT_partial_s2026,66,3.9805281162261963,0.71590909090909094
CodeBERT_partial_s2026,67,4.2391231060028076,0.71590909090909094
CodeBERT_partial_s2026,68,4.2393374443054199,0.77777777777777779
CodeBERT_partial_s2026,69,4.2592558860778809,0.77777777777777779
CodeBERT_partial_s2026,70,4.2697515487670898,0.80952380952380953
CodeBERT_partial_s2026,71,4.3814642429351807,0.80952380952380953
CodeBERT_partial_s2026,72,4.3819787502288818,0.81818181818181823
CodeBERT_partial_s2026,73,4.7814750671386719,0.81818181818181823
CodeBERT_partial_s2026,74,4.7828903198242188,0.84210526315789469
CodeBERT_partial_s2026,75,4.83144211769104,0.84210526315789469
CodeBERT_partial_s2026,76,4.8330957889556885,0.88038277511961727
CodeBERT_partial_s2026,77,5.294278621673584,0.88038277511961727
CodeBERT_partial_s2026,78,5.295025110244751,0.88888888888888884
CodeBERT_partial_s2026,79,5.317122220993042,0.88888888888888884
CodeBERT_partial_s2026,80,5.3199646472930908,0.91150442477876104
CodeBERT_partial_s2026,81,6.0677626132965088,0.91150442477876104
CodeBERT_partial_s2026,82,6.0693032741546631,0.91428571428571426
CodeBERT_partial_s2026,83,6.1318223476409912,0.91428571428571426
CodeBERT_partial_s2026,84,6.1324961185455322,0.94759825327510916
CodeBERT_partial_s2026,85,6.4332003593444824,0.94759825327510916
CodeBERT_partial_s2026,86,6.4339573383331299,0.95238095238095233
CodeBERT_partial_s2026,87,6.5978879928588867,0.95238095238095233
CodeBERT_partial_s2026,88,6.5995523929595947,0.9575289575289575
CodeBERT_partial_s2026,89,6.8604719638824463,0.9575289575289575
CodeBERT_partial_s2026,90,6.8617417812347412,0.98039215686274506
CodeBERT_partial_s2026,91,7.1102042198181152,0.98039215686274506
CodeBERT_partial_s2026,92,7.1103935241699219,0.98086124401913877
CodeBERT_partial_s2026,93,7.2180757522583008,0.98086124401913877
CodeBERT_partial_s2026,94,7.2188906669616699,0.98113207547169812
CodeBERT_partial_s2026,95,7.3557608127593994,0.98113207547169812
CodeBERT_partial_s2026,96,7.3562743663787842,0.9826086956521739
CodeBERT_partial_s2026,97,7.3912451267242432,0.9826086956521739
CodeBERT_partial_s2026,98,7.3919651508331299,0.98630136986301364
CodeBERT_partial_s2026,99,7.4178800582885742,0.98630136986301364
CodeBERT_partial_s2026,100,7.4181191921234131,0.99100449775112442
CodeBERT_partial_s2026,101,7.5648729801177979,0.99100449775112442
CodeBERT_partial_s2026,102,7.5650527477264404,0.99867549668874167
CodeBERT_partial_s2026,103,7.6377110481262207,0.99867549668874167
CodeBERT_partial_s2026,104,7.6377537250518799,1
CodeBERT_partial_s2026,105,7.7364745140075684,1
CodeBERT_partial_s2027,0,-6.8087632656097412,0
CodeBERT_partial_s2027,1,-6.7444946765899658,0
CodeBERT_partial_s2027,2,-6.7444486618041992,0.0045340050377833752
CodeBERT_partial_s2027,3,-6.4768674373626709,0.0045340050377833752
CodeBERT_partial_s2027,4,-6.4768369197845459,0.0096021947873799716
CodeBERT_partial_s2027,5,-6.2051031589508057,0.0096021947873799716
CodeBERT_partial_s2027,6,-6.2041714191436768,0.010309278350515464
CodeBERT_partial_s2027,7,-6.1562166213989258,0.010309278350515464
CodeBERT_partial_s2027,8,-6.1557235717773438,0.023255813953488372
CodeBERT_partial_s2027,9,-6.1358869075775146,0.023255813953488372
CodeBERT_partial_s2027,10,-6.1358675956726074,0.023809523809523808
CodeBERT_partial_s2027,11,-6.0700545310974121,0.023809523809523808
CodeBERT_partial_s2027,12,-6.0700156688690186,0.026615969581749048
CodeBERT_partial_s2027,13,-5.9110617637634277,0.026615969581749048
CodeBERT_partial_s2027,14,-5.9109983444213867,0.04195804195804196
CodeBERT_partial_s2027,15,-5.8421638011932373,0.04195804195804196
CodeBERT_partial_s2027,16,-5.8418252468109131,0.04746835443037975
CodeBERT_partial_s2027,17,-5.6914613246917725,0.04746835443037975
CodeBERT_partial_s2027,18,-5.6912477016448975,0.0703125
CodeBERT_partial_s2027,19,-5.6307766437530518,0.0703125
CodeBERT_partial_s2027,20,-5.6305222511291504,0.071428571428571425
CodeBERT_partial_s2027,21,-5.6049044132232666,0.071428571428571425
CodeBERT_partial_s2027,22,-5.6043908596038818,0.076354679802955669
CodeBERT_partial_s2027,23,-5.3474915027618408,0.076354679802955669
CodeBERT_partial_s2027,24,-5.3453407287597656,0.079545454545454544
CodeBERT_partial_s2027,25,-5.2573254108428955,0.079545454545454544
CodeBERT_partial_s2027,26,-5.2553818225860596,0.15343915343915343
CodeBERT_partial_s2027,27,-4.997769832611084,0.15343915343915343
CodeBERT_partial_s2027,28,-4.9974231719970703,0.16201117318435751
CodeBERT_partial_s2027,29,-4.1384916305541992,0.16201117318435751
CodeBERT_partial_s2027,30,-4.1362416744232178,0.16901408450704225
CodeBERT_partial_s2027,31,-3.8918043375015259,0.16901408450704225
CodeBERT_partial_s2027,32,-3.8896188735961914,0.17857142857142858
CodeBERT_partial_s2027,33,-3.8209251165390015,0.17857142857142858
CodeBERT_partial_s2027,34,-3.820344090461731,0.24503311258278146
CodeBERT_partial_s2027,35,-3.298724889755249,0.24503311258278146
CodeBERT_partial_s2027,36,-3.2973477840423584,0.25
CodeBERT_partial_s2027,37,-3.2746896743774414,0.25
CodeBERT_partial_s2027,38,-3.2740774154663086,0.3125
CodeBERT_partial_s2027,39,-2.4136652946472168,0.3125
CodeBERT_partial_s2027,40,-2.4120454788208008,0.33333333333333331
CodeBERT_partial_s2027,41,-2.3882994651794434,0.33333333333333331
CodeBERT_partial_s2027,42,-2.3859555721282959,0.35632183908045978
CodeBERT_partial_s2027,43,-1.3316960334777832,0.35632183908045978
CodeBERT_partial_s2027,44,-1.2703888416290283,0.3888888888888889
CodeBERT_partial_s2027,45,-0.45337939262390137,0.3888888888888889
CodeBERT_partial_s2027,46,-0.39588217437267303,0.41176470588235292
CodeBERT_partial_s2027,47,0.34527289867401123,0.41176470588235292
CodeBERT_partial_s2027,48,0.35335902869701385,0.41379310344827586
CodeBERT_partial_s2027,49,0.84827977418899536,0.41379310344827586
CodeBERT_partial_s2027,50,0.85420897603034973,0.58091286307053958
CodeBERT_partial_s2027,51,2.4942035675048828,0.58091286307053958
CodeBERT_partial_s2027,52,2.4992926120758057,0.59090909090909094
CodeBERT_partial_s2027,53,2.5913125276565552,0.59090909090909094
CodeBERT_partial_s2027,54,2.5962564945220947,0.63636363636363635
CodeBERT_partial_s2027,55,2.631096363067627,0.63636363636363635
CodeBERT_partial_s2027,56,2.63211989402771,0.64257028112449799
CodeBERT_partial_s2027,57,3.522944450378418,0.64257028112449799
CodeBERT_partial_s2027,58,3.5237163305282593,0.66666666666666663
CodeBERT_partial_s2027,59,3.538914680480957,0.66666666666666663
CodeBERT_partial_s2027,60,3.5395716428756714,0.77722772277227725
CodeBERT_partial_s2027,61,4.5465502738952637,0.77722772277227725
CodeBERT_partial_s2027,62,4.5511658191680908,0.81690140845070425
CodeBERT_partial_s2027,63,4.8588919639587402,0.81690140845070425
CodeBERT_partial_s2027,64,4.8590819835662842,0.84615384615384615
CodeBERT_partial_s2027,65,4.9911191463470459,0.84615384615384615
CodeBERT_partial_s2027,66,4.9948625564575195,0.84873949579831931
CodeBERT_partial_s2027,67,5.3931365013122559,0.84873949579831931
CodeBERT_partial_s2027,68,5.3966028690338135,0.89300411522633749
CodeBERT_partial_s2027,69,6.3516850471496582,0.89300411522633749
CodeBERT_partial_s2027,70,6.3516974449157715,0.91304347826086951
CodeBERT_partial_s2027,71,6.3853855133056641,0.91304347826086951
CodeBERT_partial_s2027,72,6.3899605274200439,0.93442622950819676
CodeBERT_partial_s2027,73,6.4948623180389404,0.93442622950819676
CodeBERT_partial_s2027,74,6.4956881999969482,0.93548387096774188
CodeBERT_partial_s2027,75,6.5360682010650635,0.93548387096774188
CodeBERT_partial_s2027,76,6.5364086627960205,0.9555555555555556
CodeBERT_partial_s2027,77,6.8479220867156982,0.9555555555555556
CodeBERT_partial_s2027,78,6.8480460643768311,0.97222222222222221
CodeBERT_partial_s2027,79,6.8821206092834473,0.97222222222222221
CodeBERT_partial_s2027,80,6.8830513954162598,0.97989949748743721
CodeBERT_partial_s2027,81,7.0332050323486328,0.97989949748743721
CodeBERT_partial_s2027,82,7.0353212356567383,0.98484848484848486
CodeBERT_partial_s2027,83,7.1056387424468994,0.98484848484848486
CodeBERT_partial_s2027,84,7.1060221195220947,0.98940677966101698
CodeBERT_partial_s2027,85,7.2513179779052734,0.98940677966101698
CodeBERT_partial_s2027,86,7.2515754699707031,0.99178082191780825
CodeBERT_partial_s2027,87,7.3236398696899414,0.99178082191780825
CodeBERT_partial_s2027,88,7.3236849308013916,0.99289099526066349
CodeBERT_partial_s2027,89,7.4480855464935303,0.99289099526066349
CodeBERT_partial_s2027,90,7.4481663703918457,0.9974570883661793
CodeBERT_partial_s2027,91,7.5300986766815186,0.9974570883661793
CodeBERT_partial_s2027,92,7.5301997661590576,1
CodeBERT_partial_s2027,93,7.5488743782043457,1
CodeBERT_partial_s2028,0,-7.7907319068908691,0
CodeBERT_partial_s2028,1,-7.6955292224884033,0
CodeBERT_partial_s2028,2,-7.6953725814819336,0.0029126213592233011
CodeBERT_partial_s2028,3,-7.5657546520233154,0.0029126213592233011
CodeBERT_partial_s2028,4,-7.5654687881469727,0.003875968992248062
CodeBERT_partial_s2028,5,-7.5210423469543457,0.003875968992248062
CodeBERT_partial_s2028,6,-7.5205910205841064,0.0087051142546245922
CodeBERT_partial_s2028,7,-7.1825432777404785,0.0087051142546245922
CodeBERT_partial_s2028,8,-7.1821160316467285,0.016746411483253589
CodeBERT_partial_s2028,9,-6.9156255722045898,0.016746411483253589
CodeBERT_partial_s2028,10,-6.9149703979492188,0.022988505747126436
CodeBERT_partial_s2028,11,-6.6569628715515137,0.022988505747126436
CodeBERT_partial_s2028,12,-6.6569054126739502,0.055970149253731345
CodeBERT_partial_s2028,13,-6.4651994705200195,0.055970149253731345
CodeBERT_partial_s2028,14,-6.4636805057525635,0.059160305343511452
CodeBERT_partial_s2028,15,-5.977543830871582,0.059160305343511452
CodeBERT_partial_s2028,16,-5.975588321685791,0.06030150753768844
CodeBERT_partial_s2028,17,-5.7621080875396729,0.06030150753768844
CodeBERT_partial_s2028,18,-5.7605023384094238,0.086956521739130432
CodeBERT_partial_s2028,19,-5.7276465892791748,0.086956521739130432
CodeBERT_partial_s2028,20,-5.7259771823883057,0.11519607843137254
CodeBERT_partial_s2028,21,-5.1458098888397217,0.11519607843137254
CodeBERT_partial_s2028,22,-5.1419439315795898,0.15217391304347827
CodeBERT_partial_s2028,23,-4.49790358543396,0.15217391304347827
CodeBERT_partial_s2028,24,-4.4976003170013428,0.18604651162790697
CodeBERT_partial_s2028,25,-4.4007066488265991,0.18604651162790697
CodeBERT_partial_s2028,26,-4.3884351253509521,0.21428571428571427
CodeBERT_partial_s2028,27,-4.1736644506454468,0.21428571428571427
CodeBERT_partial_s2028,28,-4.1701244115829468,0.21511627906976744
CodeBERT_partial_s2028,29,-3.5358279943466187,0.21511627906976744
CodeBERT_partial_s2028,30,-3.5291217565536499,0.26666666666666666
CodeBERT_partial_s2028,31,-3.1937391757965088,0.26666666666666666
CodeBERT_partial_s2028,32,-3.1905509233474731,0.2857142857142857
CodeBERT_partial_s2028,33,-3.1411765813827515,0.2857142857142857
CodeBERT_partial_s2028,34,-3.1286619901657104,0.34146341463414637
CodeBERT_partial_s2028,35,-2.8193731307983398,0.34146341463414637
CodeBERT_partial_s2028,36,-2.8172591924667358,0.375
CodeBERT_partial_s2028,37,-2.8045470714569092,0.375
CodeBERT_partial_s2028,38,-2.8012999296188354,0.38983050847457629
CodeBERT_partial_s2028,39,-2.3823373317718506,0.38983050847457629
CodeBERT_partial_s2028,40,-2.3785442113876343,0.40000000000000002
CodeBERT_partial_s2028,41,-2.3551377654075623,0.40000000000000002
CodeBERT_partial_s2028,42,-2.3545376658439636,0.42105263157894735
CodeBERT_partial_s2028,43,-1.6127974987030029,0.42105263157894735
CodeBERT_partial_s2028,44,-1.5974559783935547,0.45614035087719296
CodeBERT_partial_s2028,45,-0.45751939713954926,0.45614035087719296
CodeBERT_partial_s2028,46,-0.45519778877496719,0.5
CodeBERT_partial_s2028,47,-0.34028776362538338,0.5
CodeBERT_partial_s2028,48,-0.3313351571559906,0.55000000000000004
CodeBERT_partial_s2028,49,-0.044947624206542969,0.55000000000000004
CodeBERT_partial_s2028,50,-0.036089867353439331,0.62275449101796421
CodeBERT_partial_s2028,51,2.0651444792747498,0.62275449101796421
CodeBERT_partial_s2028,52,2.0724903345108032,0.64192139737991272
CodeBERT_partial_s2028,53,3.4734786748886108,0.64192139737991272
CodeBERT_partial_s2028,54,3.4938229322433472,0.66666666666666663
CodeBERT_partial_s2028,55,3.5498791933059692,0.66666666666666663
CodeBERT_partial_s2028,56,3.5530595779418945,0.68235294117647061
CodeBERT_partial_s2028,57,3.9684983491897583,0.68235294117647061
CodeBERT_partial_s2028,58,3.9786621332168579,0.76760563380281699
CodeBERT_partial_s2028,59,4.6507574319839478,0.76760563380281699
CodeBERT_partial_s2028,60,4.655238151550293,0.81967213114754101
CodeBERT_partial_s2028,61,5.1827946901321411,0.81967213114754101
CodeBERT_partial_s2028,62,5.1830449104309082,0.89223057644110271
CodeBERT_partial_s2028,63,6.5228719711303711,0.89223057644110271
CodeBERT_partial_s2028,64,6.5238955020904541,0.90000000000000002
CodeBERT_partial_s2028,65,6.5580880641937256,0.90000000000000002
CodeBERT_partial_s2028,66,6.5598721504211426,0.93949044585987262
CodeBERT_partial_s2028,67,7.120758056640625,0.93949044585987262
CodeBERT_partial_s2028,68,7.1220724582672119,0.96190476190476193
CodeBERT_partial_s2028,69,7.2629072666168213,0.96190476190476193
CodeBERT_partial_s2028,70,7.2633874416351318,0.96746817538896746
CodeBERT_partial_s2028,71,7.7564737796783447,0.96746817538896746
CodeBERT_partial_s2028,72,7.75691819190979,0.97499999999999998
CodeBERT_partial_s2028,73,7.7704291343688965,0.97499999999999998
CodeBERT_partial_s2028,74,7.7709753513336182,0.97647058823529409
CodeBERT_partial_s2028,75,7.8030135631561279,0.97647058823529409
CodeBERT_partial_s2028,76,7.8031201362609863,0.98039215686274506
CodeBERT_partial_s2028,77,7.8820774555206299,0.98039215686274506
CodeBERT_partial_s2028,78,7.8821344375610352,0.99045801526717558
CodeBERT_partial_s2028,79,7.9707393646240234,0.99045801526717558
CodeBERT_partial_s2028,80,7.9709329605102539,0.99689247980111872
CodeBERT_partial_s2028,81,8.0405302047729492,0.99689247980111872
CodeBERT_partial_s2028,82,8.0405354499816895,1
CodeBERT_partial_s2028,83,8.0494556427001953,1
CodeBERT_unfrozen_s2026,0,-5.986987829208374,0
CodeBERT_unfrozen_s2026,1,-5.9607300758361816,0
CodeBERT_unfrozen_s2026,2,-5.9607155323028564,0.0031578947368421052
CodeBERT_unfrozen_s2026,3,-5.918006420135498,0.0031578947368421052
CodeBERT_unfrozen_s2026,4,-5.917849063873291,0.0056444026340545629
CodeBERT_unfrozen_s2026,5,-5.8239786624908447,0.0056444026340545629
CodeBERT_unfrozen_s2026,6,-5.8238754272460938,0.0081967213114754103
CodeBERT_unfrozen_s2026,7,-5.810110330581665,0.0081967213114754103
CodeBERT_unfrozen_s2026,8,-5.809859037399292,0.010638297872340425
CodeBERT_unfrozen_s2026,9,-5.7972991466522217,0.010638297872340425
CodeBERT_unfrozen_s2026,10,-5.7970805168151855,0.012658227848101266
CodeBERT_unfrozen_s2026,11,-5.6702313423156738,0.012658227848101266
CodeBERT_unfrozen_s2026,12,-5.6695878505706787,0.021164021164021163
CodeBERT_unfrozen_s2026,13,-5.5969862937927246,0.021164021164021163
CodeBERT_unfrozen_s2026,14,-5.5969343185424805,0.025157232704402517
CodeBERT_unfrozen_s2026,15,-5.4195566177368164,0.025157232704402517
CodeBERT_unfrozen_s2026,16,-5.4186193943023682,0.028248587570621469
CodeBERT_unfrozen_s2026,17,-5.3102042675018311,0.028248587570621469
CodeBERT_unfrozen_s2026,18,-5.3100779056549072,0.0625
CodeBERT_unfrozen_s2026,19,-5.2281150817871094,0.0625
CodeBERT_unfrozen_s2026,20,-5.227442741394043,0.066666666666666666
CodeBERT_unfrozen_s2026,21,-4.6908731460571289,0.066666666666666666
CodeBERT_unfrozen_s2026,22,-4.690748929977417,0.068627450980392163
CodeBERT_unfrozen_s2026,23,-4.5696611404418945,0.068627450980392163
CodeBERT_unfrozen_s2026,24,-4.5690006017684937,0.12236286919831224
CodeBERT_unfrozen_s2026,25,-4.1392831802368164,0.12236286919831224
CodeBERT_unfrozen_s2026,26,-4.138350248336792,0.13333333333333333
CodeBERT_unfrozen_s2026,27,-4.089707612991333,0.13333333333333333
CodeBERT_unfrozen_s2026,28,-4.0889867544174194,0.14285714285714285
CodeBERT_unfrozen_s2026,29,-3.9725785255432129,0.14285714285714285
CodeBERT_unfrozen_s2026,30,-3.9712917804718018,0.16580310880829016
CodeBERT_unfrozen_s2026,31,-3.5874171257019043,0.16580310880829016
CodeBERT_unfrozen_s2026,32,-3.5863008499145508,0.23744292237442918
CodeBERT_unfrozen_s2026,33,-3.1911505460739136,0.23744292237442918
CodeBERT_unfrozen_s2026,34,-3.1910965442657471,0.25
CodeBERT_unfrozen_s2026,35,-3.1518831253051758,0.25
CodeBERT_unfrozen_s2026,36,-3.151564359664917,0.27439024390243905
CodeBERT_unfrozen_s2026,37,-2.9117811918258667,0.27439024390243905
CodeBERT_unfrozen_s2026,38,-2.9113223552703857,0.2988505747126437
CodeBERT_unfrozen_s2026,39,-2.1458017826080322,0.2988505747126437
CodeBERT_unfrozen_s2026,40,-2.1362555027008057,0.33333333333333331
CodeBERT_unfrozen_s2026,41,-2.1345000863075256,0.33333333333333331
CodeBERT_unfrozen_s2026,42,-2.1235654950141907,0.375
CodeBERT_unfrozen_s2026,43,-1.6300179958343506,0.375
CodeBERT_unfrozen_s2026,44,-1.6293048858642578,0.45081967213114754
CodeBERT_unfrozen_s2026,45,-1.2664010524749756,0.45081967213114754
CodeBERT_unfrozen_s2026,46,-1.2614514231681824,0.47272727272727272
CodeBERT_unfrozen_s2026,47,-1.0350571870803833,0.47272727272727272
CodeBERT_unfrozen_s2026,48,-1.0328580141067505,0.47916666666666669
CodeBERT_unfrozen_s2026,49,-0.065636038780212402,0.47916666666666669
CodeBERT_unfrozen_s2026,50,-0.060541164129972458,0.57399103139013452
CodeBERT_unfrozen_s2026,51,2.3348013758659363,0.57399103139013452
CodeBERT_unfrozen_s2026,52,2.3405089378356934,0.64102564102564108
CodeBERT_unfrozen_s2026,53,2.5194981098175049,0.64102564102564108
CodeBERT_unfrozen_s2026,54,2.5258322358131409,0.66666666666666663
CodeBERT_unfrozen_s2026,55,2.5770916938781738,0.66666666666666663
CodeBERT_unfrozen_s2026,56,2.5800890326499939,0.68181818181818177
CodeBERT_unfrozen_s2026,57,2.6999608278274536,0.68181818181818177
CodeBERT_unfrozen_s2026,58,2.703839898109436,0.69230769230769229
CodeBERT_unfrozen_s2026,59,2.7654824256896973,0.69230769230769229
CodeBERT_unfrozen_s2026,60,2.7668610811233521,0.75
CodeBERT_unfrozen_s2026,61,2.7794373035430908,0.75
CodeBERT_unfrozen_s2026,62,2.7816876173019409,0.80392156862745101
CodeBERT_unfrozen_s2026,63,3.1178196668624878,0.80392156862745101
CodeBERT_unfrozen_s2026,64,3.118585467338562,0.81818181818181823
CodeBERT_unfrozen_s2026,65,3.5958342552185059,0.81818181818181823
CodeBERT_unfrozen_s2026,66,3.5963762998580933,0.87644787644787647
CodeBERT_unfrozen_s2026,67,4.4608981609344482,0.87644787644787647
CodeBERT_unfrozen_s2026,68,4.4644550085067749,0.92285714285714282
CodeBERT_unfrozen_s2026,69,5.3415920734405518,0.92285714285714282
CodeBERT_unfrozen_s2026,70,5.3440966606140137,0.92500000000000004
CodeBERT_unfrozen_s2026,71,5.4031746387481689,0.92500000000000004
CodeBERT_unfrozen_s2026,72,5.4035427570343018,0.92682926829268297
CodeBERT_unfrozen_s2026,73,5.4526052474975586,0.92682926829268297
CodeBERT_unfrozen_s2026,74,5.4535667896270752,0.9285714285714286
CodeBERT_unfrozen_s2026,75,5.4730513095855713,0.9285714285714286
CodeBERT_unfrozen_s2026,76,5.4733211994171143,0.93783783783783781
CodeBERT_unfrozen_s2026,77,5.6883509159088135,0.93783783783783781
CodeBERT_unfrozen_s2026,78,5.6884849071502686,0.95145631067961167
CodeBERT_unfrozen_s2026,79,5.745936393737793,0.95145631067961167
CodeBERT_unfrozen_s2026,80,5.7460944652557373,0.96894409937888204
CodeBERT_unfrozen_s2026,81,5.7741692066192627,0.96894409937888204
CodeBERT_unfrozen_s2026,82,5.7742211818695068,0.98230088495575218
CodeBERT_unfrozen_s2026,83,5.7907617092132568,0.98230088495575218
CodeBERT_unfrozen_s2026,84,5.7908358573913574,0.98275862068965514
CodeBERT_unfrozen_s2026,85,5.7970576286315918,0.98275862068965514
CodeBERT_unfrozen_s2026,86,5.7973787784576416,0.99159663865546221
CodeBERT_unfrozen_s2026,87,5.8120489120483398,0.99159663865546221
CodeBERT_unfrozen_s2026,88,5.8122472763061523,0.99307958477508651
CodeBERT_unfrozen_s2026,89,5.836301326751709,0.99307958477508651
CodeBERT_unfrozen_s2026,90,5.8364119529724121,0.99535423925667832
CodeBERT_unfrozen_s2026,91,5.9045076370239258,0.99535423925667832
CodeBERT_unfrozen_s2026,92,5.9045174121856689,0.99660441426146007
CodeBERT_unfrozen_s2026,93,5.9204845428466797,0.99660441426146007
CodeBERT_unfrozen_s2026,94,5.9204874038696289,1
CodeBERT_unfrozen_s2026,95,5.9486746788024902,1
CodeBERT_unfrozen_s2027,0,-7.2852687835693359,0.0016877637130801688
CodeBERT_unfrozen_s2027,1,-6.6562635898590088,0.0016877637130801688
CodeBERT_unfrozen_s2027,2,-6.6561906337738037,0.0049751243781094526
CodeBERT_unfrozen_s2027,3,-6.6427056789398193,0.0049751243781094526
CodeBERT_unfrozen_s2027,4,-6.6426515579223633,0.0058139534883720929
CodeBERT_unfrozen_s2027,5,-6.6300723552703857,0.0058139534883720929
CodeBERT_unfrozen_s2027,6,-6.6300039291381836,0.0061274509803921568
CodeBERT_unfrozen_s2027,7,-6.5500941276550293,0.0061274509803921568
CodeBERT_unfrozen_s2027,8,-6.5500218868255615,0.020506634499396863
CodeBERT_unfrozen_s2027,9,-6.4270515441894531,0.020506634499396863
CodeBERT_unfrozen_s2027,10,-6.4265522956848145,0.023696682464454975
CodeBERT_unfrozen_s2027,11,-6.3903398513793945,0.023696682464454975
CodeBERT_unfrozen_s2027,12,-6.3897528648376465,0.025423728813559324
CodeBERT_unfrozen_s2027,13,-6.332327127456665,0.025423728813559324
CodeBERT_unfrozen_s2027,14,-6.3320724964141846,0.029411764705882353
CodeBERT_unfrozen_s2027,15,-6.3001396656036377,0.029411764705882353
CodeBERT_unfrozen_s2027,16,-6.2997016906738281,0.037037037037037035
CodeBERT_unfrozen_s2027,17,-6.2316582202911377,0.037037037037037035
CodeBERT_unfrozen_s2027,18,-6.2308585643768311,0.053459119496855348
CodeBERT_unfrozen_s2027,19,-6.1005139350891113,0.053459119496855348
CodeBERT_unfrozen_s2027,20,-6.0990440845489502,0.059740259740259739
CodeBERT_unfrozen_s2027,21,-5.8482608795166016,0.059740259740259739
CodeBERT_unfrozen_s2027,22,-5.8480989933013916,0.10309278350515463
CodeBERT_unfrozen_s2027,23,-5.6680374145507812,0.10309278350515463
CodeBERT_unfrozen_s2027,24,-5.6674277782440186,0.13962264150943396
CodeBERT_unfrozen_s2027,25,-5.3758008480072021,0.13962264150943396
CodeBERT_unfrozen_s2027,26,-5.3751828670501709,0.14000000000000001
CodeBERT_unfrozen_s2027,27,-5.2381298542022705,0.14000000000000001
CodeBERT_unfrozen_s2027,28,-5.237593412399292,0.14193548387096774
CodeBERT_unfrozen_s2027,29,-4.9824848175048828,0.14193548387096774
CodeBERT_unfrozen_s2027,30,-4.9812126159667969,0.22480620155038761
CodeBERT_unfrozen_s2027,31,-4.3575620651245117,0.22480620155038761
CodeBERT_unfrozen_s2027,32,-4.3525123596191406,0.22535211267605634
CodeBERT_unfrozen_s2027,33,-4.1021368503570557,0.22535211267605634
CodeBERT_unfrozen_s2027,34,-4.0992443561553955,0.25
CodeBERT_unfrozen_s2027,35,-3.9924917221069336,0.25
CodeBERT_unfrozen_s2027,36,-3.9900836944580078,0.29166666666666674
CodeBERT_unfrozen_s2027,37,-3.3605518341064453,0.29166666666666674
CodeBERT_unfrozen_s2027,38,-3.357488751411438,0.31034482758620691
CodeBERT_unfrozen_s2027,39,-3.2032650709152222,0.31034482758620691
CodeBERT_unfrozen_s2027,40,-3.1980419158935547,0.35714285714285715
CodeBERT_unfrozen_s2027,41,-2.8832974433898926,0.35714285714285715
CodeBERT_unfrozen_s2027,42,-2.8766341209411621,0.46601941747572817
CodeBERT_unfrozen_s2027,43,-0.84007498621940613,0.46601941747572817
CodeBERT_unfrozen_s2027,44,-0.82536816596984863,0.46666666666666667
CodeBERT_unfrozen_s2027,45,-0.25391418486833572,0.46666666666666667
CodeBERT_unfrozen_s2027,46,-0.25343716144561768,0.5
CodeBERT_unfrozen_s2027,47,-0.19453458487987518,0.5
CodeBERT_unfrozen_s2027,48,-0.14242032915353775,0.52380952380952384
CodeBERT_unfrozen_s2027,49,0.053150683641433716,0.52380952380952384
CodeBERT_unfrozen_s2027,50,0.057950571179389954,0.5847457627118644
CodeBERT_unfrozen_s2027,51,2.1889603734016418,0.5847457627118644
CodeBERT_unfrozen_s2027,52,2.1897298693656921,0.66666666666666663
CodeBERT_unfrozen_s2027,53,2.1953538060188293,0.66666666666666663
CodeBERT_unfrozen_s2027,54,2.1956321597099304,0.68534482758620685
CodeBERT_unfrozen_s2027,55,3.4905316829681396,0.68534482758620685
CodeBERT_unfrozen_s2027,56,3.4932670593261719,0.69696969696969702
CodeBERT_unfrozen_s2027,57,4.234461784362793,0.69696969696969702
CodeBERT_unfrozen_s2027,58,4.246997594833374,0.819620253164557
CodeBERT_unfrozen_s2027,59,5.6739168167114258,0.819620253164557
CodeBERT_unfrozen_s2027,60,5.6801645755767822,0.86842105263157898
CodeBERT_unfrozen_s2027,61,5.8207848072052002,0.86842105263157898
CodeBERT_unfrozen_s2027,62,5.8246669769287109,0.90909090909090906
CodeBERT_unfrozen_s2027,63,6.123018741607666,0.90909090909090906
CodeBERT_unfrozen_s2027,64,6.1261265277862549,0.91724137931034477
CodeBERT_unfrozen_s2027,65,6.7947759628295898,0.91724137931034477
CodeBERT_unfrozen_s2027,66,6.795156717300415,0.91891891891891897
CodeBERT_unfrozen_s2027,67,6.8519463539123535,0.91891891891891897
CodeBERT_unfrozen_s2027,68,6.8543996810913086,0.91935483870967738
CodeBERT_unfrozen_s2027,69,7.0276134014129639,0.91935483870967738
CodeBERT_unfrozen_s2027,70,7.03122878074646,0.95528455284552849
CodeBERT_unfrozen_s2027,71,7.2723217010498047,0.95528455284552849
CodeBERT_unfrozen_s2027,72,7.2740740776062012,0.97272727272727277
CodeBERT_unfrozen_s2027,73,7.3508799076080322,0.97272727272727277
CodeBERT_unfrozen_s2027,74,7.3512876033782959,0.97727272727272729
CodeBERT_unfrozen_s2027,75,7.399803638458252,0.97727272727272729
CodeBERT_unfrozen_s2027,76,7.4002251625061035,0.9776785714285714
CodeBERT_unfrozen_s2027,77,7.5833418369293213,0.9776785714285714
CodeBERT_unfrozen_s2027,78,7.5834791660308838,0.9831223628691983
CodeBERT_unfrozen_s2027,79,7.698094367980957,0.9831223628691983
CodeBERT_unfrozen_s2027,80,7.6981930732727051,0.99004975124378114
CodeBERT_unfrozen_s2027,81,7.7521190643310547,0.99004975124378114
CodeBERT_unfrozen_s2027,82,7.7521271705627441,0.99428571428571433
CodeBERT_unfrozen_s2027,83,7.771122932434082,0.99428571428571433
CodeBERT_unfrozen_s2027,84,7.7712039947509766,0.99873203719357562
CodeBERT_unfrozen_s2027,85,7.8331749439239502,0.99873203719357562
CodeBERT_unfrozen_s2027,86,7.8332016468048096,1
CodeBERT_unfrozen_s2027,87,7.8349418640136719,1
CodeBERT_unfrozen_s2028,0,-6.2670691013336182,0
CodeBERT_unfrozen_s2028,1,-6.253150463104248,0
CodeBERT_unfrozen_s2028,2,-6.253129243850708,0.0026990553306342779
CodeBERT_unfrozen_s2028,3,-6.2167298793792725,0.0026990553306342779
CodeBERT_unfrozen_s2028,4,-6.2166361808776855,0.0044052863436123352
CodeBERT_unfrozen_s2028,5,-6.2075018882751465,0.0044052863436123352
CodeBERT_unfrozen_s2028,6,-6.2074923515319824,0.0049261083743842365
CodeBERT_unfrozen_s2028,7,-6.1987509727478027,0.0049261083743842365
CodeBERT_unfrozen_s2028,8,-6.1987497806549072,0.0058139534883720929
CodeBERT_unfrozen_s2028,9,-6.1753191947937012,0.0058139534883720929
CodeBERT_unfrozen_s2028,10,-6.1752934455871582,0.0069605568445475635
CodeBERT_unfrozen_s2028,11,-6.1477565765380859,0.0069605568445475635
CodeBERT_unfrozen_s2028,12,-6.1477391719818115,0.0092592592592592587
CodeBERT_unfrozen_s2028,13,-6.1302337646484375,0.0092592592592592587
CodeBERT_unfrozen_s2028,14,-6.1301653385162354,0.0099009900990099011
CodeBERT_unfrozen_s2028,15,-6.1193032264709473,0.0099009900990099011
CodeBERT_unfrozen_s2028,16,-6.1190953254699707,0.011673151750972763
CodeBERT_unfrozen_s2028,17,-6.092841625213623,0.011673151750972763
CodeBERT_unfrozen_s2028,18,-6.0926127433776855,0.014999999999999999
CodeBERT_unfrozen_s2028,19,-6.0166153907775879,0.014999999999999999
CodeBERT_unfrozen_s2028,20,-6.0165829658508301,0.027027027027027029
CodeBERT_unfrozen_s2028,21,-6.0078072547912598,0.027027027027027029
CodeBERT_unfrozen_s2028,22,-6.0076184272766113,0.043478260869565216
CodeBERT_unfrozen_s2028,23,-6.0015954971313477,0.043478260869565216
CodeBERT_unfrozen_s2028,24,-6.0012927055358887,0.05458515283842795
CodeBERT_unfrozen_s2028,25,-5.8557736873626709,0.05458515283842795
CodeBERT_unfrozen_s2028,26,-5.8553624153137207,0.054726368159203981
CodeBERT_unfrozen_s2028,27,-5.749943733215332,0.054726368159203981
CodeBERT_unfrozen_s2028,28,-5.7496187686920166,0.072824156305506219
CodeBERT_unfrozen_s2028,29,-5.3079829216003418,0.072824156305506219
CodeBERT_unfrozen_s2028,30,-5.3065133094787598,0.07909604519774012
CodeBERT_unfrozen_s2028,31,-5.0845890045166016,0.07909604519774012
CodeBERT_unfrozen_s2028,32,-5.0815153121948242,0.12328767123287671
CodeBERT_unfrozen_s2028,33,-4.9347114562988281,0.12328767123287671
CodeBERT_unfrozen_s2028,34,-4.9305286407470703,0.13815789473684212
CodeBERT_unfrozen_s2028,35,-4.661067008972168,0.13815789473684212
CodeBERT_unfrozen_s2028,36,-4.6588027477264404,0.16475095785440613
CodeBERT_unfrozen_s2028,37,-3.8918092250823975,0.16475095785440613
CodeBERT_unfrozen_s2028,38,-3.8890180587768555,0.19148936170212766
CodeBERT_unfrozen_s2028,39,-3.3723655939102173,0.19148936170212766
CodeBERT_unfrozen_s2028,40,-3.3707048892974854,0.30769230769230771
CodeBERT_unfrozen_s2028,41,-3.0746390819549561,0.30769230769230771
CodeBERT_unfrozen_s2028,42,-3.0746055841445923,0.33333333333333331
CodeBERT_unfrozen_s2028,43,-3.0735844373703003,0.33333333333333331
CodeBERT_unfrozen_s2028,44,-3.0676876306533813,0.35714285714285715
CodeBERT_unfrozen_s2028,45,-2.4797284603118896,0.35714285714285715
CodeBERT_unfrozen_s2028,46,-2.4584792852401733,0.40000000000000002
CodeBERT_unfrozen_s2028,47,-2.4219125509262085,0.40000000000000002
CodeBERT_unfrozen_s2028,48,-2.4105798006057739,0.45833333333333331
CodeBERT_unfrozen_s2028,49,-1.9450240731239319,0.45833333333333331
CodeBERT_unfrozen_s2028,50,-1.9419768452644348,0.47933884297520662
CodeBERT_unfrozen_s2028,51,-0.95386093854904175,0.47933884297520662
CodeBERT_unfrozen_s2028,52,-0.95102328062057495,0.5
CodeBERT_unfrozen_s2028,53,-0.92814898490905762,0.5
CodeBERT_unfrozen_s2028,54,-0.92097818851470947,0.54545454545454541
CodeBERT_unfrozen_s2028,55,-0.6399676501750946,0.54545454545454541
CodeBERT_unfrozen_s2028,56,-0.62854382395744324,0.6097560975609756
CodeBERT_unfrozen_s2028,57,-0.093974865972995758,0.6097560975609756
CodeBERT_unfrozen_s2028,58,-0.064544655382633209,0.63063063063063052
CodeBERT_unfrozen_s2028,59,2.5449447631835938,0.63063063063063052
CodeBERT_unfrozen_s2028,60,2.5472011566162109,0.75
CodeBERT_unfrozen_s2028,61,2.9384416341781616,0.75
CodeBERT_unfrozen_s2028,62,2.9388654232025146,0.77948717948717949
CodeBERT_unfrozen_s2028,63,3.6499495506286621,0.77948717948717949
CodeBERT_unfrozen_s2028,64,3.6557835340499878,0.81097560975609762
CodeBERT_unfrozen_s2028,65,4.2557179927825928,0.81097560975609762
CodeBERT_unfrozen_s2028,66,4.2573573589324951,0.83050847457627119
CodeBERT_unfrozen_s2028,67,4.4524627923965454,0.83050847457627119
CodeBERT_unfrozen_s2028,68,4.452800989151001,0.875
CodeBERT_unfrozen_s2028,69,4.466492772102356,0.875
CodeBERT_unfrozen_s2028,70,4.4666057825088501,0.88948787061994605
CodeBERT_unfrozen_s2028,71,5.3059065341949463,0.88948787061994605
CodeBERT_unfrozen_s2028,72,5.3059093952178955,0.93181818181818177
CodeBERT_unfrozen_s2028,73,5.3835432529449463,0.93181818181818177
CodeBERT_unfrozen_s2028,74,5.3843998908996582,0.94163424124513617
CodeBERT_unfrozen_s2028,75,5.8354043960571289,0.94163424124513617
CodeBERT_unfrozen_s2028,76,5.8363766670227051,0.95739348370927313
CodeBERT_unfrozen_s2028,77,6.4444887638092041,0.95739348370927313
CodeBERT_unfrozen_s2028,78,6.4456369876861572,0.98319327731092432
CodeBERT_unfrozen_s2028,79,6.6563353538513184,0.98319327731092432
CodeBERT_unfrozen_s2028,80,6.6564004421234131,0.98557158712541626
CodeBERT_unfrozen_s2028,81,6.7692279815673828,0.98557158712541626
CodeBERT_unfrozen_s2028,82,6.7692370414733887,0.99406528189910981
CodeBERT_unfrozen_s2028,83,6.7937581539154053,0.99406528189910981
CodeBERT_unfrozen_s2028,84,6.7937679290771484,0.9943820224719101
CodeBERT_unfrozen_s2028,85,6.7957897186279297,0.9943820224719101
CodeBERT_unfrozen_s2028,86,6.7957918643951416,0.99678456591639875
CodeBERT_unfrozen_s2028,87,6.7974867820739746,0.99678456591639875
CodeBERT_unfrozen_s2028,88,6.7974886894226074,0.99736842105263157
CodeBERT_unfrozen_s2028,89,6.7988185882568359,0.99736842105263157
CodeBERT_unfrozen_s2028,90,6.7988193035125732,1
CodeBERT_unfrozen_s2028,91,6.8008346557617188,1
