model,role,unique_raw,unique_isotonic,maximum_isotonic_tie,lexicographic_order_equals_raw
LightGBM,tune,5982,63,1424,True
LightGBM,calibration,11939,38,2844,True
LightGBM,threshold,59323,237,14166,True
LightGBM,same_period,29730,146,7102,True
LightGBM,test,29935,161,7278,True
TFIDF_full,tune,5998,83,793,True
TFIDF_full,calibration,11992,47,1537,True
TFIDF_full,threshold,59844,337,7762,True
TFIDF_full,same_period,29956,191,3885,True
TFIDF_full,test,29917,175,3885,True
TFIDF_prefix,tune,5958,85,1032,True
TFIDF_prefix,calibration,11859,50,1967,True
TFIDF_prefix,threshold,57876,342,9915,True
TFIDF_prefix,same_period,29299,212,4946,True
TFIDF_prefix,test,29074,208,4231,True
TFIDF_bpe_prefix,tune,5991,79,533,True
TFIDF_bpe_prefix,calibration,11976,51,1069,True
TFIDF_bpe_prefix,threshold,59413,301,5132,True
TFIDF_bpe_prefix,same_period,29840,185,2542,True
TFIDF_bpe_prefix,test,29850,193,2949,True
CodeBERT_partial_s2026,tune,5985,73,778,True
CodeBERT_partial_s2026,calibration,11950,53,1493,True
CodeBERT_partial_s2026,threshold,58836,310,7622,True
CodeBERT_partial_s2026,same_period,29688,167,3768,True
CodeBERT_partial_s2026,test,29669,188,3339,True
CodeBERT_partial_s2027,tune,5986,60,958,True
CodeBERT_partial_s2027,calibration,11959,47,1985,True
CodeBERT_partial_s2027,threshold,59128,247,9688,True
CodeBERT_partial_s2027,same_period,29762,153,4915,True
CodeBERT_partial_s2027,test,29782,147,5572,True
CodeBERT_partial_s2028,tune,5984,67,770,True
CodeBERT_partial_s2028,calibration,11943,42,1609,True
CodeBERT_partial_s2028,threshold,58445,304,7745,True
CodeBERT_partial_s2028,same_period,29577,167,3899,True
CodeBERT_partial_s2028,test,29623,168,3242,True
CodeBERT_unfrozen_s2026,tune,5982,64,829,True
CodeBERT_unfrozen_s2026,calibration,11950,48,1722,True
CodeBERT_unfrozen_s2026,threshold,58859,250,8301,True
CodeBERT_unfrozen_s2026,same_period,29704,132,4122,True
CodeBERT_unfrozen_s2026,test,29723,158,3059,True
CodeBERT_unfrozen_s2027,tune,5988,76,1162,True
CodeBERT_unfrozen_s2027,calibration,11946,44,2366,True
CodeBERT_unfrozen_s2027,threshold,58793,284,11661,True
CodeBERT_unfrozen_s2027,same_period,29679,173,5822,True
CodeBERT_unfrozen_s2027,test,29738,162,4623,True
CodeBERT_unfrozen_s2028,tune,5967,64,514,True
CodeBERT_unfrozen_s2028,calibration,11899,46,1011,True
CodeBERT_unfrozen_s2028,threshold,57498,210,5000,True
CodeBERT_unfrozen_s2028,same_period,29315,127,2532,True
CodeBERT_unfrozen_s2028,test,29324,148,2091,True
