role,subset,target_fpr,benign,allowed_fp,FPR_resolution,expected_tail_count
tune,Pooled,0.001,2989,2,0.00033456005352960856,2.9889999999999999
tune,Pooled,0.0050000000000000001,2989,14,0.00033456005352960856,14.945
tune,Pooled,0.01,2989,29,0.00033456005352960856,29.890000000000001
tune,Pooled,0.050000000000000003,2989,149,0.00033456005352960856,149.45000000000002
tune,Win32,0.001,994,0,0.001006036217303823,0.99399999999999999
tune,Win32,0.0050000000000000001,994,4,0.001006036217303823,4.9699999999999998
tune,Win32,0.01,994,9,0.001006036217303823,9.9399999999999995
tune,Win32,0.050000000000000003,994,49,0.001006036217303823,49.700000000000003
tune,Win64,0.001,995,0,0.0010050251256281408,0.995
tune,Win64,0.0050000000000000001,995,4,0.0010050251256281408,4.9750000000000005
tune,Win64,0.01,995,9,0.0010050251256281408,9.9500000000000011
tune,Win64,0.050000000000000003,995,49,0.0010050251256281408,49.75
tune,Dot_Net,0.001,1000,1,0.001,1
tune,Dot_Net,0.0050000000000000001,1000,5,0.001,5
tune,Dot_Net,0.01,1000,10,0.001,10
tune,Dot_Net,0.050000000000000003,1000,50,0.001,50
calibration,Pooled,0.001,5978,5,0.00016728002676480428,5.9779999999999998
calibration,Pooled,0.0050000000000000001,5978,29,0.00016728002676480428,29.890000000000001
calibration,Pooled,0.01,5978,59,0.00016728002676480428,59.780000000000001
calibration,Pooled,0.050000000000000003,5978,298,0.00016728002676480428,298.90000000000003
calibration,Win32,0.001,1987,1,0.00050327126321087065,1.9870000000000001
calibration,Win32,0.0050000000000000001,1987,9,0.00050327126321087065,9.9350000000000005
calibration,Win32,0.01,1987,19,0.00050327126321087065,19.870000000000001
calibration,Win32,0.050000000000000003,1987,99,0.00050327126321087065,99.350000000000009
calibration,Win64,0.001,1991,1,0.00050226017076845811,1.9910000000000001
calibration,Win64,0.0050000000000000001,1991,9,0.00050226017076845811,9.9550000000000001
calibration,Win64,0.01,1991,19,0.00050226017076845811,19.91
calibration,Win64,0.050000000000000003,1991,99,0.00050226017076845811,99.550000000000011
calibration,Dot_Net,0.001,2000,2,0.00050000000000000001,2
calibration,Dot_Net,0.0050000000000000001,2000,10,0.00050000000000000001,10
calibration,Dot_Net,0.01,2000,20,0.00050000000000000001,20
calibration,Dot_Net,0.050000000000000003,2000,100,0.00050000000000000001,100
threshold,Pooled,0.001,29889,29,3.3457124694703736e-05,29.888999999999999
threshold,Pooled,0.0050000000000000001,29889,149,3.3457124694703736e-05,149.44499999999999
threshold,Pooled,0.01,29889,298,3.3457124694703736e-05,298.88999999999999
threshold,Pooled,0.050000000000000003,29889,1494,3.3457124694703736e-05,1494.45
threshold,Win32,0.001,9937,9,0.00010063399416322834,9.9369999999999994
threshold,Win32,0.0050000000000000001,9937,49,0.00010063399416322834,49.685000000000002
threshold,Win32,0.01,9937,99,0.00010063399416322834,99.370000000000005
threshold,Win32,0.050000000000000003,9937,496,0.00010063399416322834,496.85000000000002
threshold,Win64,0.001,9953,9,0.00010047221943132724,9.9529999999999994
threshold,Win64,0.0050000000000000001,9953,49,0.00010047221943132724,49.765000000000001
threshold,Win64,0.01,9953,99,0.00010047221943132724,99.530000000000001
threshold,Win64,0.050000000000000003,9953,497,0.00010047221943132724,497.65000000000003
threshold,Dot_Net,0.001,9999,9,0.00010001000100010001,9.9990000000000006
threshold,Dot_Net,0.0050000000000000001,9999,49,0.00010001000100010001,49.995000000000005
threshold,Dot_Net,0.01,9999,99,0.00010001000100010001,99.990000000000009
threshold,Dot_Net,0.050000000000000003,9999,499,0.00010001000100010001,499.95000000000005
same_period,Pooled,0.001,14945,14,6.6912010705921717e-05,14.945
same_period,Pooled,0.0050000000000000001,14945,74,6.6912010705921717e-05,74.725000000000009
same_period,Pooled,0.01,14945,149,6.6912010705921717e-05,149.45000000000002
same_period,Pooled,0.050000000000000003,14945,747,6.6912010705921717e-05,747.25
same_period,Win32,0.001,4969,4,0.00020124773596297041,4.9690000000000003
same_period,Win32,0.0050000000000000001,4969,24,0.00020124773596297041,24.844999999999999
same_period,Win32,0.01,4969,49,0.00020124773596297041,49.689999999999998
same_period,Win32,0.050000000000000003,4969,248,0.00020124773596297041,248.45000000000002
same_period,Win64,0.001,4977,4,0.00020092425155716296,4.9770000000000003
same_period,Win64,0.0050000000000000001,4977,24,0.00020092425155716296,24.885000000000002
same_period,Win64,0.01,4977,49,0.00020092425155716296,49.770000000000003
same_period,Win64,0.050000000000000003,4977,248,0.00020092425155716296,248.85000000000002
same_period,Dot_Net,0.001,4999,4,0.00020004000800160032,4.9989999999999997
same_period,Dot_Net,0.0050000000000000001,4999,24,0.00020004000800160032,24.995000000000001
same_period,Dot_Net,0.01,4999,49,0.00020004000800160032,49.990000000000002
same_period,Dot_Net,0.050000000000000003,4999,249,0.00020004000800160032,249.95000000000002
test,Pooled,0.001,14935,14,6.6956812855708064e-05,14.935
test,Pooled,0.0050000000000000001,14935,74,6.6956812855708064e-05,74.674999999999997
test,Pooled,0.01,14935,149,6.6956812855708064e-05,149.34999999999999
test,Pooled,0.050000000000000003,14935,746,6.6956812855708064e-05,746.75
test,Win32,0.001,5018,5,0.00019928258270227183,5.0179999999999998
test,Win32,0.0050000000000000001,5018,25,0.00019928258270227183,25.09
test,Win32,0.01,5018,50,0.00019928258270227183,50.18
test,Win32,0.050000000000000003,5018,250,0.00019928258270227183,250.90000000000001
test,Win64,0.001,4953,4,0.00020189783969311529,4.9530000000000003
test,Win64,0.0050000000000000001,4953,24,0.00020189783969311529,24.765000000000001
test,Win64,0.01,4953,49,0.00020189783969311529,49.530000000000001
test,Win64,0.050000000000000003,4953,247,0.00020189783969311529,247.65000000000001
test,Dot_Net,0.001,4964,4,0.00020145044319097501,4.9640000000000004
test,Dot_Net,0.0050000000000000001,4964,24,0.00020145044319097501,24.82
test,Dot_Net,0.01,4964,49,0.00020145044319097501,49.640000000000001
test,Dot_Net,0.050000000000000003,4964,248,0.00020145044319097501,248.20000000000002
