model,family,seed,variant,parent,cb_weight
LightGBM,LightGBM,-1,numerical,,
TFIDF_full,TFIDF,-1,full,,
TFIDF_prefix,TFIDF,-1,prefix,,
TFIDF_bpe_prefix,TFIDF,-1,bpe_prefix,,
CodeBERT_partial_s2026,CodeBERT,2026,partial,,
CodeBERT_partial_s2027,CodeBERT,2027,partial,,
CodeBERT_partial_s2028,CodeBERT,2028,partial,,
CodeBERT_unfrozen_s2026,CodeBERT,2026,unfrozen,,
CodeBERT_unfrozen_s2027,CodeBERT,2027,unfrozen,,
CodeBERT_unfrozen_s2028,CodeBERT,2028,unfrozen,,
LightGBM__temperature,calibrated,,temperature,LightGBM,
LightGBM__isotonic,calibrated,,isotonic_probability,LightGBM,
LightGBM__isotonic_tiebreak,calibrated,,isotonic_then_raw_margin,LightGBM,
LightGBM__format_platt,calibrated,,per_format_platt,LightGBM,
TFIDF_full__temperature,calibrated,,temperature,TFIDF_full,
TFIDF_full__isotonic,calibrated,,isotonic_probability,TFIDF_full,
TFIDF_full__isotonic_tiebreak,calibrated,,isotonic_then_raw_margin,TFIDF_full,
TFIDF_full__format_platt,calibrated,,per_format_platt,TFIDF_full,
TFIDF_prefix__temperature,calibrated,,temperature,TFIDF_prefix,
TFIDF_prefix__isotonic,calibrated,,isotonic_probability,TFIDF_prefix,
TFIDF_prefix__isotonic_tiebreak,calibrated,,isotonic_then_raw_margin,TFIDF_prefix,
TFIDF_prefix__format_platt,calibrated,,per_format_platt,TFIDF_prefix,
TFIDF_bpe_prefix__temperature,calibrated,,temperature,TFIDF_bpe_prefix,
TFIDF_bpe_prefix__isotonic,calibrated,,isotonic_probability,TFIDF_bpe_prefix,
TFIDF_bpe_prefix__isotonic_tiebreak,calibrated,,isotonic_then_raw_margin,TFIDF_bpe_prefix,
TFIDF_bpe_prefix__format_platt,calibrated,,per_format_platt,TFIDF_bpe_prefix,
CodeBERT_partial_s2026__temperature,calibrated,,temperature,CodeBERT_partial_s2026,
CodeBERT_partial_s2026__isotonic,calibrated,,isotonic_probability,CodeBERT_partial_s2026,
CodeBERT_partial_s2026__isotonic_tiebreak,calibrated,,isotonic_then_raw_margin,CodeBERT_partial_s2026,
CodeBERT_partial_s2026__format_platt,calibrated,,per_format_platt,CodeBERT_partial_s2026,
CodeBERT_partial_s2027__temperature,calibrated,,temperature,CodeBERT_partial_s2027,
CodeBERT_partial_s2027__isotonic,calibrated,,isotonic_probability,CodeBERT_partial_s2027,
CodeBERT_partial_s2027__isotonic_tiebreak,calibrated,,isotonic_then_raw_margin,CodeBERT_partial_s2027,
CodeBERT_partial_s2027__format_platt,calibrated,,per_format_platt,CodeBERT_partial_s2027,
CodeBERT_partial_s2028__temperature,calibrated,,temperature,CodeBERT_partial_s2028,
CodeBERT_partial_s2028__isotonic,calibrated,,isotonic_probability,CodeBERT_partial_s2028,
CodeBERT_partial_s2028__isotonic_tiebreak,calibrated,,isotonic_then_raw_margin,CodeBERT_partial_s2028,
CodeBERT_partial_s2028__format_platt,calibrated,,per_format_platt,CodeBERT_partial_s2028,
CodeBERT_unfrozen_s2026__temperature,calibrated,,temperature,CodeBERT_unfrozen_s2026,
CodeBERT_unfrozen_s2026__isotonic,calibrated,,isotonic_probability,CodeBERT_unfrozen_s2026,
CodeBERT_unfrozen_s2026__isotonic_tiebreak,calibrated,,isotonic_then_raw_margin,CodeBERT_unfrozen_s2026,
CodeBERT_unfrozen_s2026__format_platt,calibrated,,per_format_platt,CodeBERT_unfrozen_s2026,
CodeBERT_unfrozen_s2027__temperature,calibrated,,temperature,CodeBERT_unfrozen_s2027,
CodeBERT_unfrozen_s2027__isotonic,calibrated,,isotonic_probability,CodeBERT_unfrozen_s2027,
CodeBERT_unfrozen_s2027__isotonic_tiebreak,calibrated,,isotonic_then_raw_margin,CodeBERT_unfrozen_s2027,
CodeBERT_unfrozen_s2027__format_platt,calibrated,,per_format_platt,CodeBERT_unfrozen_s2027,
CodeBERT_unfrozen_s2028__temperature,calibrated,,temperature,CodeBERT_unfrozen_s2028,
CodeBERT_unfrozen_s2028__isotonic,calibrated,,isotonic_probability,CodeBERT_unfrozen_s2028,
CodeBERT_unfrozen_s2028__isotonic_tiebreak,calibrated,,isotonic_then_raw_margin,CodeBERT_unfrozen_s2028,
CodeBERT_unfrozen_s2028__format_platt,calibrated,,per_format_platt,CodeBERT_unfrozen_s2028,
CodeBERT_partial_s2026__fusion_ROC_AUC,fusion,,ROC_AUC,CodeBERT_partial_s2026,0
CodeBERT_partial_s2026__fusion_AP,fusion,,AP,CodeBERT_partial_s2026,0
CodeBERT_partial_s2026__fusion_TPR_0.001,fusion,,TPR_0.001,CodeBERT_partial_s2026,0.01
CodeBERT_partial_s2026__fusion_TPR_0.005,fusion,,TPR_0.005,CodeBERT_partial_s2026,0.02
CodeBERT_partial_s2026__stack,fusion,,stack,CodeBERT_partial_s2026,
CodeBERT_partial_s2027__fusion_ROC_AUC,fusion,,ROC_AUC,CodeBERT_partial_s2027,0
CodeBERT_partial_s2027__fusion_AP,fusion,,AP,CodeBERT_partial_s2027,0.01
CodeBERT_partial_s2027__fusion_TPR_0.001,fusion,,TPR_0.001,CodeBERT_partial_s2027,0.050000000000000003
CodeBERT_partial_s2027__fusion_TPR_0.005,fusion,,TPR_0.005,CodeBERT_partial_s2027,0
CodeBERT_partial_s2027__stack,fusion,,stack,CodeBERT_partial_s2027,
CodeBERT_partial_s2028__fusion_ROC_AUC,fusion,,ROC_AUC,CodeBERT_partial_s2028,0
CodeBERT_partial_s2028__fusion_AP,fusion,,AP,CodeBERT_partial_s2028,0
CodeBERT_partial_s2028__fusion_TPR_0.001,fusion,,TPR_0.001,CodeBERT_partial_s2028,0.01
CodeBERT_partial_s2028__fusion_TPR_0.005,fusion,,TPR_0.005,CodeBERT_partial_s2028,0
CodeBERT_partial_s2028__stack,fusion,,stack,CodeBERT_partial_s2028,
CodeBERT_unfrozen_s2026__fusion_ROC_AUC,fusion,,ROC_AUC,CodeBERT_unfrozen_s2026,0
CodeBERT_unfrozen_s2026__fusion_AP,fusion,,AP,CodeBERT_unfrozen_s2026,0
CodeBERT_unfrozen_s2026__fusion_TPR_0.001,fusion,,TPR_0.001,CodeBERT_unfrozen_s2026,0.01
CodeBERT_unfrozen_s2026__fusion_TPR_0.005,fusion,,TPR_0.005,CodeBERT_unfrozen_s2026,0.02
CodeBERT_unfrozen_s2026__stack,fusion,,stack,CodeBERT_unfrozen_s2026,
CodeBERT_unfrozen_s2027__fusion_ROC_AUC,fusion,,ROC_AUC,CodeBERT_unfrozen_s2027,0.01
CodeBERT_unfrozen_s2027__fusion_AP,fusion,,AP,CodeBERT_unfrozen_s2027,0.01
CodeBERT_unfrozen_s2027__fusion_TPR_0.001,fusion,,TPR_0.001,CodeBERT_unfrozen_s2027,0.02
CodeBERT_unfrozen_s2027__fusion_TPR_0.005,fusion,,TPR_0.005,CodeBERT_unfrozen_s2027,0.040000000000000001
CodeBERT_unfrozen_s2027__stack,fusion,,stack,CodeBERT_unfrozen_s2027,
CodeBERT_unfrozen_s2028__fusion_ROC_AUC,fusion,,ROC_AUC,CodeBERT_unfrozen_s2028,0
CodeBERT_unfrozen_s2028__fusion_AP,fusion,,AP,CodeBERT_unfrozen_s2028,0
CodeBERT_unfrozen_s2028__fusion_TPR_0.001,fusion,,TPR_0.001,CodeBERT_unfrozen_s2028,0.01
CodeBERT_unfrozen_s2028__fusion_TPR_0.005,fusion,,TPR_0.005,CodeBERT_unfrozen_s2028,0.02
CodeBERT_unfrozen_s2028__stack,fusion,,stack,CodeBERT_unfrozen_s2028,
