file_type,truncation_fraction,retained_fraction,comparator,codebert_partial_mean_ROC_AUC,comparator_ROC_AUC,observed_difference,bootstrap_mean,percentile_lo,percentile_hi,replicates,estimand,stratification
Win32,0.75939999999999996,0.47588408764966073,LightGBM,0.97670053803897305,0.99423412527426347,-0.017533587235290415,-0.017502544059637679,-0.01935168379782216,-0.015664069339671956,1000,mean_of_three_fixed_CodeBERT_seed_ROC_AUCs_minus_comparator,class_within_format
Win32,0.75939999999999996,0.47588408764966073,TFIDF_full,0.97670053803897305,0.9860161387691585,-0.0093156007301854471,-0.0093060232727282827,-0.011076173213871304,-0.0074990205206393766,1000,mean_of_three_fixed_CodeBERT_seed_ROC_AUCs_minus_comparator,class_within_format
Win32,0.75939999999999996,0.47588408764966073,TFIDF_prefix,0.97670053803897305,0.97472041237654439,0.0019801256624286667,0.001965745349393064,0.00016237510438143476,0.0037165436664059357,1000,mean_of_three_fixed_CodeBERT_seed_ROC_AUCs_minus_comparator,class_within_format
Win32,0.75939999999999996,0.47588408764966073,TFIDF_bpe_prefix,0.97670053803897305,0.97362241814653927,0.0030781198924337838,0.0030564387447794637,0.0012940067703275688,0.0048673864146612537,1000,mean_of_three_fixed_CodeBERT_seed_ROC_AUCs_minus_comparator,class_within_format
Win64,0.9657,0.33344011486408337,LightGBM,0.98329804421518696,0.9967378717583486,-0.013439827543161642,-0.013445465027956563,-0.015255320293434512,-0.011721790070704117,1000,mean_of_three_fixed_CodeBERT_seed_ROC_AUCs_minus_comparator,class_within_format
Win64,0.9657,0.33344011486408337,TFIDF_full,0.98329804421518696,0.99293965614801727,-0.0096416119328303074,-0.0096494855352085643,-0.011296429819205506,-0.0079111623636398259,1000,mean_of_three_fixed_CodeBERT_seed_ROC_AUCs_minus_comparator,class_within_format
Win64,0.9657,0.33344011486408337,TFIDF_prefix,0.98329804421518696,0.97637015206663658,0.0069278921485503853,0.0069125145631201267,0.0049932128669554713,0.0089664519423602474,1000,mean_of_three_fixed_CodeBERT_seed_ROC_AUCs_minus_comparator,class_within_format
Win64,0.9657,0.33344011486408337,TFIDF_bpe_prefix,0.98329804421518696,0.97697404542665389,0.0063239987885330695,0.0062892413707008443,0.0045877050362835544,0.0081609427675697899,1000,mean_of_three_fixed_CodeBERT_seed_ROC_AUCs_minus_comparator,class_within_format
Dot_Net,0.50449999999999995,0.92709272559422529,LightGBM,0.98802861273661768,0.99599267226013,-0.0079640595235123124,-0.0079478231618193666,-0.0091808646026877022,-0.0067722692411041037,1000,mean_of_three_fixed_CodeBERT_seed_ROC_AUCs_minus_comparator,class_within_format
Dot_Net,0.50449999999999995,0.92709272559422529,TFIDF_full,0.98802861273661768,0.98607627819426169,0.0019523345423559935,0.0019549480378396227,0.00064380454149393367,0.003281938302348522,1000,mean_of_three_fixed_CodeBERT_seed_ROC_AUCs_minus_comparator,class_within_format
Dot_Net,0.50449999999999995,0.92709272559422529,TFIDF_prefix,0.98802861273661768,0.98614820192278774,0.0018804108138299469,0.0018587674118359645,0.00048776895260898017,0.0031392580724716066,1000,mean_of_three_fixed_CodeBERT_seed_ROC_AUCs_minus_comparator,class_within_format
Dot_Net,0.50449999999999995,0.92709272559422529,TFIDF_bpe_prefix,0.98802861273661768,0.97983167447400488,0.0081969382626128073,0.0081464202837608461,0.0063861315570599457,0.0098618025691784728,1000,mean_of_three_fixed_CodeBERT_seed_ROC_AUCs_minus_comparator,class_within_format
