role,file_type,period,label,n
calibration,Dot_Net,2023-09-24,0,37
calibration,Dot_Net,2023-09-24,1,34
calibration,Dot_Net,2023-10-01,0,36
calibration,Dot_Net,2023-10-01,1,42
calibration,Dot_Net,2023-10-08,0,35
calibration,Dot_Net,2023-10-08,1,37
calibration,Dot_Net,2023-10-15,0,36
calibration,Dot_Net,2023-10-15,1,45
calibration,Dot_Net,2023-10-22,0,36
calibration,Dot_Net,2023-10-22,1,51
calibration,Dot_Net,2023-10-29,0,35
calibration,Dot_Net,2023-10-29,1,42
calibration,Dot_Net,2023-11-05,0,37
calibration,Dot_Net,2023-11-05,1,39
calibration,Dot_Net,2023-11-12,0,34
calibration,Dot_Net,2023-11-12,1,37
calibration,Dot_Net,2023-11-19,0,46
calibration,Dot_Net,2023-11-19,1,48
calibration,Dot_Net,2023-11-26,0,44
calibration,Dot_Net,2023-11-26,1,31
calibration,Dot_Net,2023-12-03,0,41
calibration,Dot_Net,2023-12-03,1,35
calibration,Dot_Net,2023-12-10,0,41
calibration,Dot_Net,2023-12-10,1,23
calibration,Dot_Net,2023-12-17,0,38
calibration,Dot_Net,2023-12-17,1,38
calibration,Dot_Net,2023-12-24,0,36
calibration,Dot_Net,2023-12-24,1,48
calibration,Dot_Net,2023-12-31,0,46
calibration,Dot_Net,2023-12-31,1,46
calibration,Dot_Net,2024-01-07,0,44
calibration,Dot_Net,2024-01-07,1,53
calibration,Dot_Net,2024-01-14,0,45
calibration,Dot_Net,2024-01-14,1,42
calibration,Dot_Net,2024-01-21,0,35
calibration,Dot_Net,2024-01-21,1,43
calibration,Dot_Net,2024-01-28,0,53
calibration,Dot_Net,2024-01-28,1,33
calibration,Dot_Net,2024-02-04,0,34
calibration,Dot_Net,2024-02-04,1,32
calibration,Dot_Net,2024-02-11,0,44
calibration,Dot_Net,2024-02-11,1,52
calibration,Dot_Net,2024-02-18,0,44
calibration,Dot_Net,2024-02-18,1,31
calibration,Dot_Net,2024-02-25,0,38
calibration,Dot_Net,2024-02-25,1,40
calibration,Dot_Net,2024-03-03,0,45
calibration,Dot_Net,2024-03-03,1,29
calibration,Dot_Net,2024-03-10,0,43
calibration,Dot_Net,2024-03-10,1,42
calibration,Dot_Net,2024-03-17,0,32
calibration,Dot_Net,2024-03-17,1,41
calibration,Dot_Net,2024-03-24,0,26
calibration,Dot_Net,2024-03-24,1,39
calibration,Dot_Net,2024-03-31,0,34
calibration,Dot_Net,2024-03-31,1,31
calibration,Dot_Net,2024-04-07,0,30
calibration,Dot_Net,2024-04-07,1,33
calibration,Dot_Net,2024-04-14,0,30
calibration,Dot_Net,2024-04-14,1,47
calibration,Dot_Net,2024-04-21,0,42
calibration,Dot_Net,2024-04-21,1,41
calibration,Dot_Net,2024-04-28,0,30
calibration,Dot_Net,2024-04-28,1,34
calibration,Dot_Net,2024-05-05,0,24
calibration,Dot_Net,2024-05-05,1,45
calibration,Dot_Net,2024-05-12,0,33
calibration,Dot_Net,2024-05-12,1,31
calibration,Dot_Net,2024-05-19,0,28
calibration,Dot_Net,2024-05-19,1,39
calibration,Dot_Net,2024-05-26,0,39
calibration,Dot_Net,2024-05-26,1,40
calibration,Dot_Net,2024-06-02,0,42
calibration,Dot_Net,2024-06-02,1,40
calibration,Dot_Net,2024-06-09,0,47
calibration,Dot_Net,2024-06-09,1,29
calibration,Dot_Net,2024-06-16,0,40
calibration,Dot_Net,2024-06-16,1,22
calibration,Dot_Net,2024-06-23,0,41
calibration,Dot_Net,2024-06-23,1,39
calibration,Dot_Net,2024-06-30,0,37
calibration,Dot_Net,2024-06-30,1,33
calibration,Dot_Net,2024-07-07,0,40
calibration,Dot_Net,2024-07-07,1,41
calibration,Dot_Net,2024-07-14,0,29
calibration,Dot_Net,2024-07-14,1,40
calibration,Dot_Net,2024-07-21,0,45
calibration,Dot_Net,2024-07-21,1,42
calibration,Dot_Net,2024-07-28,0,37
calibration,Dot_Net,2024-07-28,1,34
calibration,Dot_Net,2024-08-04,0,41
calibration,Dot_Net,2024-08-04,1,35
calibration,Dot_Net,2024-08-11,0,48
calibration,Dot_Net,2024-08-11,1,36
calibration,Dot_Net,2024-08-18,0,42
calibration,Dot_Net,2024-08-18,1,44
calibration,Dot_Net,2024-08-25,0,42
calibration,Dot_Net,2024-08-25,1,34
calibration,Dot_Net,2024-09-01,0,37
calibration,Dot_Net,2024-09-01,1,40
calibration,Dot_Net,2024-09-08,0,37
calibration,Dot_Net,2024-09-08,1,36
calibration,Dot_Net,2024-09-15,0,44
calibration,Dot_Net,2024-09-15,1,41
calibration,Win32,2023-09-24,0,37
calibration,Win32,2023-09-24,1,25
calibration,Win32,2023-10-01,0,38
calibration,Win32,2023-10-01,1,36
calibration,Win32,2023-10-08,0,31
calibration,Win32,2023-10-08,1,33
calibration,Win32,2023-10-15,0,38
calibration,Win32,2023-10-15,1,44
calibration,Win32,2023-10-22,0,50
calibration,Win32,2023-10-22,1,38
calibration,Win32,2023-10-29,0,39
calibration,Win32,2023-10-29,1,37
calibration,Win32,2023-11-05,0,40
calibration,Win32,2023-11-05,1,40
calibration,Win32,2023-11-12,0,39
calibration,Win32,2023-11-12,1,41
calibration,Win32,2023-11-19,0,36
calibration,Win32,2023-11-19,1,34
calibration,Win32,2023-11-26,0,44
calibration,Win32,2023-11-26,1,40
calibration,Win32,2023-12-03,0,39
calibration,Win32,2023-12-03,1,28
calibration,Win32,2023-12-10,0,40
calibration,Win32,2023-12-10,1,52
calibration,Win32,2023-12-17,0,41
calibration,Win32,2023-12-17,1,43
calibration,Win32,2023-12-24,0,38
calibration,Win32,2023-12-24,1,35
calibration,Win32,2023-12-31,0,33
calibration,Win32,2023-12-31,1,30
calibration,Win32,2024-01-07,0,41
calibration,Win32,2024-01-07,1,33
calibration,Win32,2024-01-14,0,37
calibration,Win32,2024-01-14,1,53
calibration,Win32,2024-01-21,0,34
calibration,Win32,2024-01-21,1,37
calibration,Win32,2024-01-28,0,31
calibration,Win32,2024-01-28,1,42
calibration,Win32,2024-02-04,0,34
calibration,Win32,2024-02-04,1,46
calibration,Win32,2024-02-11,0,39
calibration,Win32,2024-02-11,1,50
calibration,Win32,2024-02-18,0,50
calibration,Win32,2024-02-18,1,37
calibration,Win32,2024-02-25,0,36
calibration,Win32,2024-02-25,1,37
calibration,Win32,2024-03-03,0,40
calibration,Win32,2024-03-03,1,43
calibration,Win32,2024-03-10,0,39
calibration,Win32,2024-03-10,1,27
calibration,Win32,2024-03-17,0,36
calibration,Win32,2024-03-17,1,39
calibration,Win32,2024-03-24,0,42
calibration,Win32,2024-03-24,1,48
calibration,Win32,2024-03-31,0,32
calibration,Win32,2024-03-31,1,43
calibration,Win32,2024-04-07,0,42
calibration,Win32,2024-04-07,1,36
calibration,Win32,2024-04-14,0,49
calibration,Win32,2024-04-14,1,24
calibration,Win32,2024-04-21,0,26
calibration,Win32,2024-04-21,1,36
calibration,Win32,2024-04-28,0,33
calibration,Win32,2024-04-28,1,37
calibration,Win32,2024-05-05,0,33
calibration,Win32,2024-05-05,1,41
calibration,Win32,2024-05-12,0,44
calibration,Win32,2024-05-12,1,46
calibration,Win32,2024-05-19,0,44
calibration,Win32,2024-05-19,1,39
calibration,Win32,2024-05-26,0,32
calibration,Win32,2024-05-26,1,31
calibration,Win32,2024-06-02,0,39
calibration,Win32,2024-06-02,1,43
calibration,Win32,2024-06-09,0,42
calibration,Win32,2024-06-09,1,37
calibration,Win32,2024-06-16,0,30
calibration,Win32,2024-06-16,1,53
calibration,Win32,2024-06-23,0,42
calibration,Win32,2024-06-23,1,42
calibration,Win32,2024-06-30,0,34
calibration,Win32,2024-06-30,1,31
calibration,Win32,2024-07-07,0,34
calibration,Win32,2024-07-07,1,51
calibration,Win32,2024-07-14,0,46
calibration,Win32,2024-07-14,1,30
calibration,Win32,2024-07-21,0,35
calibration,Win32,2024-07-21,1,48
calibration,Win32,2024-07-28,0,39
calibration,Win32,2024-07-28,1,31
calibration,Win32,2024-08-04,0,41
calibration,Win32,2024-08-04,1,35
calibration,Win32,2024-08-11,0,43
calibration,Win32,2024-08-11,1,37
calibration,Win32,2024-08-18,0,33
calibration,Win32,2024-08-18,1,30
calibration,Win32,2024-08-25,0,48
calibration,Win32,2024-08-25,1,36
calibration,Win32,2024-09-01,0,31
calibration,Win32,2024-09-01,1,51
calibration,Win32,2024-09-08,0,34
calibration,Win32,2024-09-08,1,38
calibration,Win32,2024-09-15,0,39
calibration,Win32,2024-09-15,1,39
calibration,Win64,2023-09-24,0,34
calibration,Win64,2023-09-24,1,44
calibration,Win64,2023-10-01,0,36
calibration,Win64,2023-10-01,1,33
calibration,Win64,2023-10-08,0,35
calibration,Win64,2023-10-08,1,47
calibration,Win64,2023-10-15,0,27
calibration,Win64,2023-10-15,1,43
calibration,Win64,2023-10-22,0,32
calibration,Win64,2023-10-22,1,35
calibration,Win64,2023-10-29,0,25
calibration,Win64,2023-10-29,1,35
calibration,Win64,2023-11-05,0,39
calibration,Win64,2023-11-05,1,43
calibration,Win64,2023-11-12,0,36
calibration,Win64,2023-11-12,1,36
calibration,Win64,2023-11-19,0,43
calibration,Win64,2023-11-19,1,44
calibration,Win64,2023-11-26,0,44
calibration,Win64,2023-11-26,1,34
calibration,Win64,2023-12-03,0,37
calibration,Win64,2023-12-03,1,39
calibration,Win64,2023-12-10,0,43
calibration,Win64,2023-12-10,1,35
calibration,Win64,2023-12-17,0,34
calibration,Win64,2023-12-17,1,40
calibration,Win64,2023-12-24,0,40
calibration,Win64,2023-12-24,1,26
calibration,Win64,2023-12-31,0,30
calibration,Win64,2023-12-31,1,48
calibration,Win64,2024-01-07,0,39
calibration,Win64,2024-01-07,1,34
calibration,Win64,2024-01-14,0,44
calibration,Win64,2024-01-14,1,46
calibration,Win64,2024-01-21,0,38
calibration,Win64,2024-01-21,1,34
calibration,Win64,2024-01-28,0,54
calibration,Win64,2024-01-28,1,39
calibration,Win64,2024-02-04,0,32
calibration,Win64,2024-02-04,1,34
calibration,Win64,2024-02-11,0,43
calibration,Win64,2024-02-11,1,41
calibration,Win64,2024-02-18,0,46
calibration,Win64,2024-02-18,1,47
calibration,Win64,2024-02-25,0,42
calibration,Win64,2024-02-25,1,31
calibration,Win64,2024-03-03,0,35
calibration,Win64,2024-03-03,1,33
calibration,Win64,2024-03-10,0,34
calibration,Win64,2024-03-10,1,48
calibration,Win64,2024-03-17,0,43
calibration,Win64,2024-03-17,1,35
calibration,Win64,2024-03-24,0,42
calibration,Win64,2024-03-24,1,32
calibration,Win64,2024-03-31,0,34
calibration,Win64,2024-03-31,1,47
calibration,Win64,2024-04-07,0,33
calibration,Win64,2024-04-07,1,41
calibration,Win64,2024-04-14,0,43
calibration,Win64,2024-04-14,1,39
calibration,Win64,2024-04-21,0,36
calibration,Win64,2024-04-21,1,51
calibration,Win64,2024-04-28,0,42
calibration,Win64,2024-04-28,1,35
calibration,Win64,2024-05-05,0,42
calibration,Win64,2024-05-05,1,51
calibration,Win64,2024-05-12,0,43
calibration,Win64,2024-05-12,1,33
calibration,Win64,2024-05-19,0,43
calibration,Win64,2024-05-19,1,24
calibration,Win64,2024-05-26,0,41
calibration,Win64,2024-05-26,1,34
calibration,Win64,2024-06-02,0,42
calibration,Win64,2024-06-02,1,38
calibration,Win64,2024-06-09,0,39
calibration,Win64,2024-06-09,1,44
calibration,Win64,2024-06-16,0,27
calibration,Win64,2024-06-16,1,24
calibration,Win64,2024-06-23,0,40
calibration,Win64,2024-06-23,1,32
calibration,Win64,2024-06-30,0,35
calibration,Win64,2024-06-30,1,40
calibration,Win64,2024-07-07,0,36
calibration,Win64,2024-07-07,1,45
calibration,Win64,2024-07-14,0,38
calibration,Win64,2024-07-14,1,40
calibration,Win64,2024-07-21,0,41
calibration,Win64,2024-07-21,1,31
calibration,Win64,2024-07-28,0,30
calibration,Win64,2024-07-28,1,52
calibration,Win64,2024-08-04,0,64
calibration,Win64,2024-08-04,1,42
calibration,Win64,2024-08-11,0,35
calibration,Win64,2024-08-11,1,42
calibration,Win64,2024-08-18,0,32
calibration,Win64,2024-08-18,1,41
calibration,Win64,2024-08-25,0,29
calibration,Win64,2024-08-25,1,37
calibration,Win64,2024-09-01,0,42
calibration,Win64,2024-09-01,1,33
calibration,Win64,2024-09-08,0,48
calibration,Win64,2024-09-08,1,40
calibration,Win64,2024-09-15,0,29
calibration,Win64,2024-09-15,1,37
fit,Dot_Net,2023-09-24,0,147
fit,Dot_Net,2023-09-24,1,166
fit,Dot_Net,2023-10-01,0,160
fit,Dot_Net,2023-10-01,1,163
fit,Dot_Net,2023-10-08,0,160
fit,Dot_Net,2023-10-08,1,190
fit,Dot_Net,2023-10-15,0,175
fit,Dot_Net,2023-10-15,1,192
fit,Dot_Net,2023-10-22,0,186
fit,Dot_Net,2023-10-22,1,165
fit,Dot_Net,2023-10-29,0,187
fit,Dot_Net,2023-10-29,1,160
fit,Dot_Net,2023-11-05,0,196
fit,Dot_Net,2023-11-05,1,190
fit,Dot_Net,2023-11-12,0,170
fit,Dot_Net,2023-11-12,1,173
fit,Dot_Net,2023-11-19,0,166
fit,Dot_Net,2023-11-19,1,195
fit,Dot_Net,2023-11-26,0,158
fit,Dot_Net,2023-11-26,1,191
fit,Dot_Net,2023-12-03,0,174
fit,Dot_Net,2023-12-03,1,184
fit,Dot_Net,2023-12-10,0,167
fit,Dot_Net,2023-12-10,1,178
fit,Dot_Net,2023-12-17,0,168
fit,Dot_Net,2023-12-17,1,158
fit,Dot_Net,2023-12-24,0,178
fit,Dot_Net,2023-12-24,1,159
fit,Dot_Net,2023-12-31,0,176
fit,Dot_Net,2023-12-31,1,187
fit,Dot_Net,2024-01-07,0,154
fit,Dot_Net,2024-01-07,1,167
fit,Dot_Net,2024-01-14,0,188
fit,Dot_Net,2024-01-14,1,173
fit,Dot_Net,2024-01-21,0,173
fit,Dot_Net,2024-01-21,1,167
fit,Dot_Net,2024-01-28,0,210
fit,Dot_Net,2024-01-28,1,179
fit,Dot_Net,2024-02-04,0,162
fit,Dot_Net,2024-02-04,1,161
fit,Dot_Net,2024-02-11,0,186
fit,Dot_Net,2024-02-11,1,173
fit,Dot_Net,2024-02-18,0,156
fit,Dot_Net,2024-02-18,1,162
fit,Dot_Net,2024-02-25,0,164
fit,Dot_Net,2024-02-25,1,155
fit,Dot_Net,2024-03-03,0,167
fit,Dot_Net,2024-03-03,1,176
fit,Dot_Net,2024-03-10,0,170
fit,Dot_Net,2024-03-10,1,176
fit,Dot_Net,2024-03-17,0,178
fit,Dot_Net,2024-03-17,1,189
fit,Dot_Net,2024-03-24,0,179
fit,Dot_Net,2024-03-24,1,186
fit,Dot_Net,2024-03-31,0,160
fit,Dot_Net,2024-03-31,1,181
fit,Dot_Net,2024-04-07,0,170
fit,Dot_Net,2024-04-07,1,176
fit,Dot_Net,2024-04-14,0,159
fit,Dot_Net,2024-04-14,1,150
fit,Dot_Net,2024-04-21,0,161
fit,Dot_Net,2024-04-21,1,174
fit,Dot_Net,2024-04-28,0,175
fit,Dot_Net,2024-04-28,1,175
fit,Dot_Net,2024-05-05,0,150
fit,Dot_Net,2024-05-05,1,168
fit,Dot_Net,2024-05-12,0,170
fit,Dot_Net,2024-05-12,1,161
fit,Dot_Net,2024-05-19,0,161
fit,Dot_Net,2024-05-19,1,184
fit,Dot_Net,2024-05-26,0,166
fit,Dot_Net,2024-05-26,1,161
fit,Dot_Net,2024-06-02,0,180
fit,Dot_Net,2024-06-02,1,178
fit,Dot_Net,2024-06-09,0,204
fit,Dot_Net,2024-06-09,1,178
fit,Dot_Net,2024-06-16,0,179
fit,Dot_Net,2024-06-16,1,183
fit,Dot_Net,2024-06-23,0,182
fit,Dot_Net,2024-06-23,1,179
fit,Dot_Net,2024-06-30,0,166
fit,Dot_Net,2024-06-30,1,176
fit,Dot_Net,2024-07-07,0,176
fit,Dot_Net,2024-07-07,1,170
fit,Dot_Net,2024-07-14,0,196
fit,Dot_Net,2024-07-14,1,171
fit,Dot_Net,2024-07-21,0,181
fit,Dot_Net,2024-07-21,1,172
fit,Dot_Net,2024-07-28,0,172
fit,Dot_Net,2024-07-28,1,173
fit,Dot_Net,2024-08-04,0,175
fit,Dot_Net,2024-08-04,1,172
fit,Dot_Net,2024-08-11,0,173
fit,Dot_Net,2024-08-11,1,167
fit,Dot_Net,2024-08-18,0,168
fit,Dot_Net,2024-08-18,1,157
fit,Dot_Net,2024-08-25,0,168
fit,Dot_Net,2024-08-25,1,177
fit,Dot_Net,2024-09-01,0,195
fit,Dot_Net,2024-09-01,1,164
fit,Dot_Net,2024-09-08,0,166
fit,Dot_Net,2024-09-08,1,168
fit,Dot_Net,2024-09-15,0,191
fit,Dot_Net,2024-09-15,1,171
fit,Win32,2023-09-24,0,164
fit,Win32,2023-09-24,1,159
fit,Win32,2023-10-01,0,164
fit,Win32,2023-10-01,1,175
fit,Win32,2023-10-08,0,180
fit,Win32,2023-10-08,1,166
fit,Win32,2023-10-15,0,166
fit,Win32,2023-10-15,1,168
fit,Win32,2023-10-22,0,174
fit,Win32,2023-10-22,1,183
fit,Win32,2023-10-29,0,158
fit,Win32,2023-10-29,1,148
fit,Win32,2023-11-05,0,160
fit,Win32,2023-11-05,1,176
fit,Win32,2023-11-12,0,178
fit,Win32,2023-11-12,1,172
fit,Win32,2023-11-19,0,170
fit,Win32,2023-11-19,1,178
fit,Win32,2023-11-26,0,141
fit,Win32,2023-11-26,1,170
fit,Win32,2023-12-03,0,150
fit,Win32,2023-12-03,1,169
fit,Win32,2023-12-10,0,164
fit,Win32,2023-12-10,1,173
fit,Win32,2023-12-17,0,152
fit,Win32,2023-12-17,1,167
fit,Win32,2023-12-24,0,163
fit,Win32,2023-12-24,1,173
fit,Win32,2023-12-31,0,174
fit,Win32,2023-12-31,1,176
fit,Win32,2024-01-07,0,181
fit,Win32,2024-01-07,1,176
fit,Win32,2024-01-14,0,181
fit,Win32,2024-01-14,1,186
fit,Win32,2024-01-21,0,165
fit,Win32,2024-01-21,1,193
fit,Win32,2024-01-28,0,189
fit,Win32,2024-01-28,1,173
fit,Win32,2024-02-04,0,164
fit,Win32,2024-02-04,1,180
fit,Win32,2024-02-11,0,167
fit,Win32,2024-02-11,1,171
fit,Win32,2024-02-18,0,176
fit,Win32,2024-02-18,1,164
fit,Win32,2024-02-25,0,179
fit,Win32,2024-02-25,1,189
fit,Win32,2024-03-03,0,184
fit,Win32,2024-03-03,1,181
fit,Win32,2024-03-10,0,150
fit,Win32,2024-03-10,1,170
fit,Win32,2024-03-17,0,169
fit,Win32,2024-03-17,1,183
fit,Win32,2024-03-24,0,168
fit,Win32,2024-03-24,1,165
fit,Win32,2024-03-31,0,181
fit,Win32,2024-03-31,1,180
fit,Win32,2024-04-07,0,160
fit,Win32,2024-04-07,1,176
fit,Win32,2024-04-14,0,166
fit,Win32,2024-04-14,1,171
fit,Win32,2024-04-21,0,152
fit,Win32,2024-04-21,1,189
fit,Win32,2024-04-28,0,188
fit,Win32,2024-04-28,1,170
fit,Win32,2024-05-05,0,190
fit,Win32,2024-05-05,1,150
fit,Win32,2024-05-12,0,161
fit,Win32,2024-05-12,1,172
fit,Win32,2024-05-19,0,181
fit,Win32,2024-05-19,1,180
fit,Win32,2024-05-26,0,156
fit,Win32,2024-05-26,1,175
fit,Win32,2024-06-02,0,177
fit,Win32,2024-06-02,1,171
fit,Win32,2024-06-09,0,201
fit,Win32,2024-06-09,1,161
fit,Win32,2024-06-16,0,178
fit,Win32,2024-06-16,1,172
fit,Win32,2024-06-23,0,187
fit,Win32,2024-06-23,1,178
fit,Win32,2024-06-30,0,164
fit,Win32,2024-06-30,1,163
fit,Win32,2024-07-07,0,181
fit,Win32,2024-07-07,1,162
fit,Win32,2024-07-14,0,168
fit,Win32,2024-07-14,1,181
fit,Win32,2024-07-21,0,165
fit,Win32,2024-07-21,1,160
fit,Win32,2024-07-28,0,159
fit,Win32,2024-07-28,1,174
fit,Win32,2024-08-04,0,193
fit,Win32,2024-08-04,1,194
fit,Win32,2024-08-11,0,192
fit,Win32,2024-08-11,1,179
fit,Win32,2024-08-18,0,181
fit,Win32,2024-08-18,1,191
fit,Win32,2024-08-25,0,174
fit,Win32,2024-08-25,1,166
fit,Win32,2024-09-01,0,197
fit,Win32,2024-09-01,1,172
fit,Win32,2024-09-08,0,178
fit,Win32,2024-09-08,1,201
fit,Win32,2024-09-15,0,183
fit,Win32,2024-09-15,1,184
fit,Win64,2023-09-24,0,191
fit,Win64,2023-09-24,1,185
fit,Win64,2023-10-01,0,178
fit,Win64,2023-10-01,1,205
fit,Win64,2023-10-08,0,167
fit,Win64,2023-10-08,1,163
fit,Win64,2023-10-15,0,179
fit,Win64,2023-10-15,1,182
fit,Win64,2023-10-22,0,166
fit,Win64,2023-10-22,1,186
fit,Win64,2023-10-29,0,172
fit,Win64,2023-10-29,1,183
fit,Win64,2023-11-05,0,182
fit,Win64,2023-11-05,1,173
fit,Win64,2023-11-12,0,166
fit,Win64,2023-11-12,1,165
fit,Win64,2023-11-19,0,172
fit,Win64,2023-11-19,1,166
fit,Win64,2023-11-26,0,173
fit,Win64,2023-11-26,1,171
fit,Win64,2023-12-03,0,192
fit,Win64,2023-12-03,1,167
fit,Win64,2023-12-10,0,172
fit,Win64,2023-12-10,1,160
fit,Win64,2023-12-17,0,149
fit,Win64,2023-12-17,1,188
fit,Win64,2023-12-24,0,157
fit,Win64,2023-12-24,1,166
fit,Win64,2023-12-31,0,161
fit,Win64,2023-12-31,1,175
fit,Win64,2024-01-07,0,166
fit,Win64,2024-01-07,1,179
fit,Win64,2024-01-14,0,163
fit,Win64,2024-01-14,1,172
fit,Win64,2024-01-21,0,189
fit,Win64,2024-01-21,1,164
fit,Win64,2024-01-28,0,191
fit,Win64,2024-01-28,1,150
fit,Win64,2024-02-04,0,153
fit,Win64,2024-02-04,1,194
fit,Win64,2024-02-11,0,198
fit,Win64,2024-02-11,1,159
fit,Win64,2024-02-18,0,166
fit,Win64,2024-02-18,1,179
fit,Win64,2024-02-25,0,174
fit,Win64,2024-02-25,1,195
fit,Win64,2024-03-03,0,200
fit,Win64,2024-03-03,1,182
fit,Win64,2024-03-10,0,184
fit,Win64,2024-03-10,1,160
fit,Win64,2024-03-17,0,158
fit,Win64,2024-03-17,1,159
fit,Win64,2024-03-24,0,177
fit,Win64,2024-03-24,1,196
fit,Win64,2024-03-31,0,171
fit,Win64,2024-03-31,1,178
fit,Win64,2024-04-07,0,155
fit,Win64,2024-04-07,1,158
fit,Win64,2024-04-14,0,158
fit,Win64,2024-04-14,1,143
fit,Win64,2024-04-21,0,178
fit,Win64,2024-04-21,1,148
fit,Win64,2024-04-28,0,180
fit,Win64,2024-04-28,1,180
fit,Win64,2024-05-05,0,164
fit,Win64,2024-05-05,1,181
fit,Win64,2024-05-12,0,191
fit,Win64,2024-05-12,1,181
fit,Win64,2024-05-19,0,160
fit,Win64,2024-05-19,1,169
fit,Win64,2024-05-26,0,168
fit,Win64,2024-05-26,1,181
fit,Win64,2024-06-02,0,171
fit,Win64,2024-06-02,1,165
fit,Win64,2024-06-09,0,154
fit,Win64,2024-06-09,1,184
fit,Win64,2024-06-16,0,171
fit,Win64,2024-06-16,1,153
fit,Win64,2024-06-23,0,166
fit,Win64,2024-06-23,1,172
fit,Win64,2024-06-30,0,172
fit,Win64,2024-06-30,1,190
fit,Win64,2024-07-07,0,150
fit,Win64,2024-07-07,1,200
fit,Win64,2024-07-14,0,156
fit,Win64,2024-07-14,1,189
fit,Win64,2024-07-21,0,202
fit,Win64,2024-07-21,1,188
fit,Win64,2024-07-28,0,180
fit,Win64,2024-07-28,1,165
fit,Win64,2024-08-04,0,175
fit,Win64,2024-08-04,1,180
fit,Win64,2024-08-11,0,157
fit,Win64,2024-08-11,1,182
fit,Win64,2024-08-18,0,180
fit,Win64,2024-08-18,1,172
fit,Win64,2024-08-25,0,169
fit,Win64,2024-08-25,1,152
fit,Win64,2024-09-01,0,198
fit,Win64,2024-09-01,1,181
fit,Win64,2024-09-08,0,175
fit,Win64,2024-09-08,1,158
fit,Win64,2024-09-15,0,161
fit,Win64,2024-09-15,1,168
same_period,Dot_Net,2023-09-24,0,109
same_period,Dot_Net,2023-09-24,1,109
same_period,Dot_Net,2023-10-01,0,103
same_period,Dot_Net,2023-10-01,1,106
same_period,Dot_Net,2023-10-08,0,105
same_period,Dot_Net,2023-10-08,1,95
same_period,Dot_Net,2023-10-15,0,88
same_period,Dot_Net,2023-10-15,1,100
same_period,Dot_Net,2023-10-22,0,86
same_period,Dot_Net,2023-10-22,1,100
same_period,Dot_Net,2023-10-29,0,100
same_period,Dot_Net,2023-10-29,1,91
same_period,Dot_Net,2023-11-05,0,86
same_period,Dot_Net,2023-11-05,1,94
same_period,Dot_Net,2023-11-12,0,98
same_period,Dot_Net,2023-11-12,1,84
same_period,Dot_Net,2023-11-19,0,98
same_period,Dot_Net,2023-11-19,1,83
same_period,Dot_Net,2023-11-26,0,95
same_period,Dot_Net,2023-11-26,1,119
same_period,Dot_Net,2023-12-03,0,104
same_period,Dot_Net,2023-12-03,1,126
same_period,Dot_Net,2023-12-10,0,76
same_period,Dot_Net,2023-12-10,1,74
same_period,Dot_Net,2023-12-17,0,104
same_period,Dot_Net,2023-12-17,1,91
same_period,Dot_Net,2023-12-24,0,93
same_period,Dot_Net,2023-12-24,1,92
same_period,Dot_Net,2023-12-31,0,102
same_period,Dot_Net,2023-12-31,1,81
same_period,Dot_Net,2024-01-07,0,105
same_period,Dot_Net,2024-01-07,1,108
same_period,Dot_Net,2024-01-14,0,88
same_period,Dot_Net,2024-01-14,1,79
same_period,Dot_Net,2024-01-21,0,90
same_period,Dot_Net,2024-01-21,1,88
same_period,Dot_Net,2024-01-28,0,98
same_period,Dot_Net,2024-01-28,1,92
same_period,Dot_Net,2024-02-04,0,108
same_period,Dot_Net,2024-02-04,1,93
same_period,Dot_Net,2024-02-11,0,95
same_period,Dot_Net,2024-02-11,1,112
same_period,Dot_Net,2024-02-18,0,80
same_period,Dot_Net,2024-02-18,1,106
same_period,Dot_Net,2024-02-25,0,80
same_period,Dot_Net,2024-02-25,1,102
same_period,Dot_Net,2024-03-03,0,96
same_period,Dot_Net,2024-03-03,1,102
same_period,Dot_Net,2024-03-10,0,77
same_period,Dot_Net,2024-03-10,1,83
same_period,Dot_Net,2024-03-17,0,93
same_period,Dot_Net,2024-03-17,1,109
same_period,Dot_Net,2024-03-24,0,85
same_period,Dot_Net,2024-03-24,1,96
same_period,Dot_Net,2024-03-31,0,122
same_period,Dot_Net,2024-03-31,1,92
same_period,Dot_Net,2024-04-07,0,88
same_period,Dot_Net,2024-04-07,1,98
same_period,Dot_Net,2024-04-14,0,90
same_period,Dot_Net,2024-04-14,1,90
same_period,Dot_Net,2024-04-21,0,99
same_period,Dot_Net,2024-04-21,1,91
same_period,Dot_Net,2024-04-28,0,95
same_period,Dot_Net,2024-04-28,1,103
same_period,Dot_Net,2024-05-05,0,107
same_period,Dot_Net,2024-05-05,1,104
same_period,Dot_Net,2024-05-12,0,106
same_period,Dot_Net,2024-05-12,1,105
same_period,Dot_Net,2024-05-19,0,89
same_period,Dot_Net,2024-05-19,1,98
same_period,Dot_Net,2024-05-26,0,98
same_period,Dot_Net,2024-05-26,1,105
same_period,Dot_Net,2024-06-02,0,82
same_period,Dot_Net,2024-06-02,1,92
same_period,Dot_Net,2024-06-09,0,90
same_period,Dot_Net,2024-06-09,1,110
same_period,Dot_Net,2024-06-16,0,79
same_period,Dot_Net,2024-06-16,1,99
same_period,Dot_Net,2024-06-23,0,102
same_period,Dot_Net,2024-06-23,1,103
same_period,Dot_Net,2024-06-30,0,97
same_period,Dot_Net,2024-06-30,1,95
same_period,Dot_Net,2024-07-07,0,90
same_period,Dot_Net,2024-07-07,1,111
same_period,Dot_Net,2024-07-14,0,82
same_period,Dot_Net,2024-07-14,1,89
same_period,Dot_Net,2024-07-21,0,97
same_period,Dot_Net,2024-07-21,1,76
same_period,Dot_Net,2024-07-28,0,103
same_period,Dot_Net,2024-07-28,1,83
same_period,Dot_Net,2024-08-04,0,118
same_period,Dot_Net,2024-08-04,1,104
same_period,Dot_Net,2024-08-11,0,129
same_period,Dot_Net,2024-08-11,1,99
same_period,Dot_Net,2024-08-18,0,101
same_period,Dot_Net,2024-08-18,1,87
same_period,Dot_Net,2024-08-25,0,109
same_period,Dot_Net,2024-08-25,1,82
same_period,Dot_Net,2024-09-01,0,117
same_period,Dot_Net,2024-09-01,1,98
same_period,Dot_Net,2024-09-08,0,81
same_period,Dot_Net,2024-09-08,1,88
same_period,Dot_Net,2024-09-15,0,86
same_period,Dot_Net,2024-09-15,1,84
same_period,Win32,2023-09-24,0,107
same_period,Win32,2023-09-24,1,86
same_period,Win32,2023-10-01,0,75
same_period,Win32,2023-10-01,1,112
same_period,Win32,2023-10-08,0,84
same_period,Win32,2023-10-08,1,95
same_period,Win32,2023-10-15,0,76
same_period,Win32,2023-10-15,1,89
same_period,Win32,2023-10-22,0,104
same_period,Win32,2023-10-22,1,106
same_period,Win32,2023-10-29,0,110
same_period,Win32,2023-10-29,1,94
same_period,Win32,2023-11-05,0,88
same_period,Win32,2023-11-05,1,89
same_period,Win32,2023-11-12,0,102
same_period,Win32,2023-11-12,1,88
same_period,Win32,2023-11-19,0,96
same_period,Win32,2023-11-19,1,89
same_period,Win32,2023-11-26,0,99
same_period,Win32,2023-11-26,1,110
same_period,Win32,2023-12-03,0,96
same_period,Win32,2023-12-03,1,99
same_period,Win32,2023-12-10,0,104
same_period,Win32,2023-12-10,1,76
same_period,Win32,2023-12-17,0,95
same_period,Win32,2023-12-17,1,109
same_period,Win32,2023-12-24,0,79
same_period,Win32,2023-12-24,1,103
same_period,Win32,2023-12-31,0,104
same_period,Win32,2023-12-31,1,99
same_period,Win32,2024-01-07,0,101
same_period,Win32,2024-01-07,1,91
same_period,Win32,2024-01-14,0,106
same_period,Win32,2024-01-14,1,87
same_period,Win32,2024-01-21,0,86
same_period,Win32,2024-01-21,1,111
same_period,Win32,2024-01-28,0,94
same_period,Win32,2024-01-28,1,90
same_period,Win32,2024-02-04,0,80
same_period,Win32,2024-02-04,1,105
same_period,Win32,2024-02-11,0,97
same_period,Win32,2024-02-11,1,91
same_period,Win32,2024-02-18,0,92
same_period,Win32,2024-02-18,1,101
same_period,Win32,2024-02-25,0,95
same_period,Win32,2024-02-25,1,96
same_period,Win32,2024-03-03,0,112
same_period,Win32,2024-03-03,1,92
same_period,Win32,2024-03-10,0,99
same_period,Win32,2024-03-10,1,101
same_period,Win32,2024-03-17,0,115
same_period,Win32,2024-03-17,1,111
same_period,Win32,2024-03-24,0,82
same_period,Win32,2024-03-24,1,89
same_period,Win32,2024-03-31,0,99
same_period,Win32,2024-03-31,1,96
same_period,Win32,2024-04-07,0,87
same_period,Win32,2024-04-07,1,95
same_period,Win32,2024-04-14,0,86
same_period,Win32,2024-04-14,1,103
same_period,Win32,2024-04-21,0,102
same_period,Win32,2024-04-21,1,87
same_period,Win32,2024-04-28,0,87
same_period,Win32,2024-04-28,1,95
same_period,Win32,2024-05-05,0,88
same_period,Win32,2024-05-05,1,89
same_period,Win32,2024-05-12,0,78
same_period,Win32,2024-05-12,1,116
same_period,Win32,2024-05-19,0,101
same_period,Win32,2024-05-19,1,100
same_period,Win32,2024-05-26,0,95
same_period,Win32,2024-05-26,1,88
same_period,Win32,2024-06-02,0,92
same_period,Win32,2024-06-02,1,94
same_period,Win32,2024-06-09,0,91
same_period,Win32,2024-06-09,1,104
same_period,Win32,2024-06-16,0,79
same_period,Win32,2024-06-16,1,88
same_period,Win32,2024-06-23,0,99
same_period,Win32,2024-06-23,1,107
same_period,Win32,2024-06-30,0,99
same_period,Win32,2024-06-30,1,92
same_period,Win32,2024-07-07,0,93
same_period,Win32,2024-07-07,1,76
same_period,Win32,2024-07-14,0,112
same_period,Win32,2024-07-14,1,105
same_period,Win32,2024-07-21,0,100
same_period,Win32,2024-07-21,1,95
same_period,Win32,2024-07-28,0,102
same_period,Win32,2024-07-28,1,108
same_period,Win32,2024-08-04,0,100
same_period,Win32,2024-08-04,1,92
same_period,Win32,2024-08-11,0,99
same_period,Win32,2024-08-11,1,110
same_period,Win32,2024-08-18,0,105
same_period,Win32,2024-08-18,1,103
same_period,Win32,2024-08-25,0,109
same_period,Win32,2024-08-25,1,92
same_period,Win32,2024-09-01,0,88
same_period,Win32,2024-09-01,1,88
same_period,Win32,2024-09-08,0,101
same_period,Win32,2024-09-08,1,99
same_period,Win32,2024-09-15,0,99
same_period,Win32,2024-09-15,1,100
same_period,Win64,2023-09-24,0,120
same_period,Win64,2023-09-24,1,95
same_period,Win64,2023-10-01,0,75
same_period,Win64,2023-10-01,1,79
same_period,Win64,2023-10-08,0,91
same_period,Win64,2023-10-08,1,85
same_period,Win64,2023-10-15,0,99
same_period,Win64,2023-10-15,1,91
same_period,Win64,2023-10-22,0,104
same_period,Win64,2023-10-22,1,94
same_period,Win64,2023-10-29,0,85
same_period,Win64,2023-10-29,1,97
same_period,Win64,2023-11-05,0,94
same_period,Win64,2023-11-05,1,101
same_period,Win64,2023-11-12,0,105
same_period,Win64,2023-11-12,1,104
same_period,Win64,2023-11-19,0,99
same_period,Win64,2023-11-19,1,103
same_period,Win64,2023-11-26,0,98
same_period,Win64,2023-11-26,1,110
same_period,Win64,2023-12-03,0,102
same_period,Win64,2023-12-03,1,111
same_period,Win64,2023-12-10,0,83
same_period,Win64,2023-12-10,1,99
same_period,Win64,2023-12-17,0,89
same_period,Win64,2023-12-17,1,92
same_period,Win64,2023-12-24,0,90
same_period,Win64,2023-12-24,1,112
same_period,Win64,2023-12-31,0,91
same_period,Win64,2023-12-31,1,115
same_period,Win64,2024-01-07,0,98
same_period,Win64,2024-01-07,1,92
same_period,Win64,2024-01-14,0,109
same_period,Win64,2024-01-14,1,108
same_period,Win64,2024-01-21,0,96
same_period,Win64,2024-01-21,1,96
same_period,Win64,2024-01-28,0,91
same_period,Win64,2024-01-28,1,108
same_period,Win64,2024-02-04,0,97
same_period,Win64,2024-02-04,1,92
same_period,Win64,2024-02-11,0,105
same_period,Win64,2024-02-11,1,94
same_period,Win64,2024-02-18,0,95
same_period,Win64,2024-02-18,1,95
same_period,Win64,2024-02-25,0,103
same_period,Win64,2024-02-25,1,103
same_period,Win64,2024-03-03,0,104
same_period,Win64,2024-03-03,1,107
same_period,Win64,2024-03-10,0,85
same_period,Win64,2024-03-10,1,77
same_period,Win64,2024-03-17,0,95
same_period,Win64,2024-03-17,1,107
same_period,Win64,2024-03-24,0,90
same_period,Win64,2024-03-24,1,99
same_period,Win64,2024-03-31,0,99
same_period,Win64,2024-03-31,1,95
same_period,Win64,2024-04-07,0,86
same_period,Win64,2024-04-07,1,100
same_period,Win64,2024-04-14,0,106
same_period,Win64,2024-04-14,1,95
same_period,Win64,2024-04-21,0,109
same_period,Win64,2024-04-21,1,93
same_period,Win64,2024-04-28,0,92
same_period,Win64,2024-04-28,1,96
same_period,Win64,2024-05-05,0,85
same_period,Win64,2024-05-05,1,73
same_period,Win64,2024-05-12,0,100
same_period,Win64,2024-05-12,1,97
same_period,Win64,2024-05-19,0,91
same_period,Win64,2024-05-19,1,117
same_period,Win64,2024-05-26,0,100
same_period,Win64,2024-05-26,1,95
same_period,Win64,2024-06-02,0,98
same_period,Win64,2024-06-02,1,103
same_period,Win64,2024-06-09,0,102
same_period,Win64,2024-06-09,1,86
same_period,Win64,2024-06-16,0,98
same_period,Win64,2024-06-16,1,105
same_period,Win64,2024-06-23,0,102
same_period,Win64,2024-06-23,1,82
same_period,Win64,2024-06-30,0,81
same_period,Win64,2024-06-30,1,97
same_period,Win64,2024-07-07,0,107
same_period,Win64,2024-07-07,1,75
same_period,Win64,2024-07-14,0,87
same_period,Win64,2024-07-14,1,112
same_period,Win64,2024-07-21,0,82
same_period,Win64,2024-07-21,1,82
same_period,Win64,2024-07-28,0,94
same_period,Win64,2024-07-28,1,92
same_period,Win64,2024-08-04,0,120
same_period,Win64,2024-08-04,1,92
same_period,Win64,2024-08-11,0,93
same_period,Win64,2024-08-11,1,105
same_period,Win64,2024-08-18,0,89
same_period,Win64,2024-08-18,1,83
same_period,Win64,2024-08-25,0,82
same_period,Win64,2024-08-25,1,91
same_period,Win64,2024-09-01,0,84
same_period,Win64,2024-09-01,1,90
same_period,Win64,2024-09-08,0,103
same_period,Win64,2024-09-08,1,96
same_period,Win64,2024-09-15,0,94
same_period,Win64,2024-09-15,1,105
test,Dot_Net,2024-09-22,0,386
test,Dot_Net,2024-09-22,1,410
test,Dot_Net,2024-09-29,0,416
test,Dot_Net,2024-09-29,1,419
test,Dot_Net,2024-10-06,0,429
test,Dot_Net,2024-10-06,1,411
test,Dot_Net,2024-10-13,0,425
test,Dot_Net,2024-10-13,1,416
test,Dot_Net,2024-10-20,0,422
test,Dot_Net,2024-10-20,1,433
test,Dot_Net,2024-10-27,0,410
test,Dot_Net,2024-10-27,1,399
test,Dot_Net,2024-11-03,0,414
test,Dot_Net,2024-11-03,1,394
test,Dot_Net,2024-11-10,0,424
test,Dot_Net,2024-11-10,1,449
test,Dot_Net,2024-11-17,0,389
test,Dot_Net,2024-11-17,1,438
test,Dot_Net,2024-11-24,0,422
test,Dot_Net,2024-11-24,1,419
test,Dot_Net,2024-12-01,0,419
test,Dot_Net,2024-12-01,1,410
test,Dot_Net,2024-12-08,0,408
test,Dot_Net,2024-12-08,1,438
test,Win32,2024-09-22,0,390
test,Win32,2024-09-22,1,386
test,Win32,2024-09-29,0,430
test,Win32,2024-09-29,1,399
test,Win32,2024-10-06,0,409
test,Win32,2024-10-06,1,422
test,Win32,2024-10-13,0,423
test,Win32,2024-10-13,1,397
test,Win32,2024-10-20,0,437
test,Win32,2024-10-20,1,409
test,Win32,2024-10-27,0,434
test,Win32,2024-10-27,1,456
test,Win32,2024-11-03,0,401
test,Win32,2024-11-03,1,434
test,Win32,2024-11-10,0,414
test,Win32,2024-11-10,1,452
test,Win32,2024-11-17,0,429
test,Win32,2024-11-17,1,383
test,Win32,2024-11-24,0,411
test,Win32,2024-11-24,1,438
test,Win32,2024-12-01,0,430
test,Win32,2024-12-01,1,403
test,Win32,2024-12-08,0,410
test,Win32,2024-12-08,1,403
test,Win64,2024-09-22,0,437
test,Win64,2024-09-22,1,440
test,Win64,2024-09-29,0,415
test,Win64,2024-09-29,1,460
test,Win64,2024-10-06,0,376
test,Win64,2024-10-06,1,413
test,Win64,2024-10-13,0,456
test,Win64,2024-10-13,1,411
test,Win64,2024-10-20,0,398
test,Win64,2024-10-20,1,405
test,Win64,2024-10-27,0,379
test,Win64,2024-10-27,1,402
test,Win64,2024-11-03,0,422
test,Win64,2024-11-03,1,422
test,Win64,2024-11-10,0,417
test,Win64,2024-11-10,1,421
test,Win64,2024-11-17,0,418
test,Win64,2024-11-17,1,434
test,Win64,2024-11-24,0,386
test,Win64,2024-11-24,1,432
test,Win64,2024-12-01,0,443
test,Win64,2024-12-01,1,402
test,Win64,2024-12-08,0,406
test,Win64,2024-12-08,1,405
threshold,Dot_Net,2023-09-24,0,191
threshold,Dot_Net,2023-09-24,1,189
threshold,Dot_Net,2023-10-01,0,201
threshold,Dot_Net,2023-10-01,1,183
threshold,Dot_Net,2023-10-08,0,172
threshold,Dot_Net,2023-10-08,1,197
threshold,Dot_Net,2023-10-15,0,207
threshold,Dot_Net,2023-10-15,1,201
threshold,Dot_Net,2023-10-22,0,204
threshold,Dot_Net,2023-10-22,1,214
threshold,Dot_Net,2023-10-29,0,196
threshold,Dot_Net,2023-10-29,1,186
threshold,Dot_Net,2023-11-05,0,187
threshold,Dot_Net,2023-11-05,1,187
threshold,Dot_Net,2023-11-12,0,193
threshold,Dot_Net,2023-11-12,1,204
threshold,Dot_Net,2023-11-19,0,187
threshold,Dot_Net,2023-11-19,1,181
threshold,Dot_Net,2023-11-26,0,204
threshold,Dot_Net,2023-11-26,1,167
threshold,Dot_Net,2023-12-03,0,173
threshold,Dot_Net,2023-12-03,1,177
threshold,Dot_Net,2023-12-10,0,186
threshold,Dot_Net,2023-12-10,1,182
threshold,Dot_Net,2023-12-17,0,200
threshold,Dot_Net,2023-12-17,1,193
threshold,Dot_Net,2023-12-24,0,180
threshold,Dot_Net,2023-12-24,1,185
threshold,Dot_Net,2023-12-31,0,180
threshold,Dot_Net,2023-12-31,1,197
threshold,Dot_Net,2024-01-07,0,189
threshold,Dot_Net,2024-01-07,1,179
threshold,Dot_Net,2024-01-14,0,185
threshold,Dot_Net,2024-01-14,1,177
threshold,Dot_Net,2024-01-21,0,197
threshold,Dot_Net,2024-01-21,1,185
threshold,Dot_Net,2024-01-28,0,199
threshold,Dot_Net,2024-01-28,1,171
threshold,Dot_Net,2024-02-04,0,203
threshold,Dot_Net,2024-02-04,1,198
threshold,Dot_Net,2024-02-11,0,207
threshold,Dot_Net,2024-02-11,1,180
threshold,Dot_Net,2024-02-18,0,197
threshold,Dot_Net,2024-02-18,1,188
threshold,Dot_Net,2024-02-25,0,184
threshold,Dot_Net,2024-02-25,1,211
threshold,Dot_Net,2024-03-03,0,192
threshold,Dot_Net,2024-03-03,1,179
threshold,Dot_Net,2024-03-10,0,194
threshold,Dot_Net,2024-03-10,1,213
threshold,Dot_Net,2024-03-17,0,195
threshold,Dot_Net,2024-03-17,1,145
threshold,Dot_Net,2024-03-24,0,174
threshold,Dot_Net,2024-03-24,1,203
threshold,Dot_Net,2024-03-31,0,196
threshold,Dot_Net,2024-03-31,1,196
threshold,Dot_Net,2024-04-07,0,198
threshold,Dot_Net,2024-04-07,1,179
threshold,Dot_Net,2024-04-14,0,191
threshold,Dot_Net,2024-04-14,1,228
threshold,Dot_Net,2024-04-21,0,191
threshold,Dot_Net,2024-04-21,1,212
threshold,Dot_Net,2024-04-28,0,202
threshold,Dot_Net,2024-04-28,1,208
threshold,Dot_Net,2024-05-05,0,228
threshold,Dot_Net,2024-05-05,1,175
threshold,Dot_Net,2024-05-12,0,192
threshold,Dot_Net,2024-05-12,1,177
threshold,Dot_Net,2024-05-19,0,181
threshold,Dot_Net,2024-05-19,1,200
threshold,Dot_Net,2024-05-26,0,196
threshold,Dot_Net,2024-05-26,1,182
threshold,Dot_Net,2024-06-02,0,230
threshold,Dot_Net,2024-06-02,1,188
threshold,Dot_Net,2024-06-09,0,199
threshold,Dot_Net,2024-06-09,1,208
threshold,Dot_Net,2024-06-16,0,204
threshold,Dot_Net,2024-06-16,1,188
threshold,Dot_Net,2024-06-23,0,173
threshold,Dot_Net,2024-06-23,1,183
threshold,Dot_Net,2024-06-30,0,186
threshold,Dot_Net,2024-06-30,1,202
threshold,Dot_Net,2024-07-07,0,194
threshold,Dot_Net,2024-07-07,1,230
threshold,Dot_Net,2024-07-14,0,190
threshold,Dot_Net,2024-07-14,1,196
threshold,Dot_Net,2024-07-21,0,172
threshold,Dot_Net,2024-07-21,1,206
threshold,Dot_Net,2024-07-28,0,211
threshold,Dot_Net,2024-07-28,1,178
threshold,Dot_Net,2024-08-04,0,157
threshold,Dot_Net,2024-08-04,1,187
threshold,Dot_Net,2024-08-11,0,194
threshold,Dot_Net,2024-08-11,1,210
threshold,Dot_Net,2024-08-18,0,196
threshold,Dot_Net,2024-08-18,1,188
threshold,Dot_Net,2024-08-25,0,168
threshold,Dot_Net,2024-08-25,1,211
threshold,Dot_Net,2024-09-01,0,186
threshold,Dot_Net,2024-09-01,1,213
threshold,Dot_Net,2024-09-08,0,206
threshold,Dot_Net,2024-09-08,1,202
threshold,Dot_Net,2024-09-15,0,181
threshold,Dot_Net,2024-09-15,1,182
threshold,Win32,2023-09-24,0,188
threshold,Win32,2023-09-24,1,208
threshold,Win32,2023-10-01,0,194
threshold,Win32,2023-10-01,1,179
threshold,Win32,2023-10-08,0,192
threshold,Win32,2023-10-08,1,184
threshold,Win32,2023-10-15,0,190
threshold,Win32,2023-10-15,1,224
threshold,Win32,2023-10-22,0,177
threshold,Win32,2023-10-22,1,199
threshold,Win32,2023-10-29,0,185
threshold,Win32,2023-10-29,1,213
threshold,Win32,2023-11-05,0,218
threshold,Win32,2023-11-05,1,210
threshold,Win32,2023-11-12,0,188
threshold,Win32,2023-11-12,1,195
threshold,Win32,2023-11-19,0,198
threshold,Win32,2023-11-19,1,197
threshold,Win32,2023-11-26,0,186
threshold,Win32,2023-11-26,1,180
threshold,Win32,2023-12-03,0,188
threshold,Win32,2023-12-03,1,193
threshold,Win32,2023-12-10,0,185
threshold,Win32,2023-12-10,1,183
threshold,Win32,2023-12-17,0,194
threshold,Win32,2023-12-17,1,183
threshold,Win32,2023-12-24,0,181
threshold,Win32,2023-12-24,1,185
threshold,Win32,2023-12-31,0,201
threshold,Win32,2023-12-31,1,208
threshold,Win32,2024-01-07,0,181
threshold,Win32,2024-01-07,1,196
threshold,Win32,2024-01-14,0,185
threshold,Win32,2024-01-14,1,201
threshold,Win32,2024-01-21,0,183
threshold,Win32,2024-01-21,1,188
threshold,Win32,2024-01-28,0,212
threshold,Win32,2024-01-28,1,192
threshold,Win32,2024-02-04,0,209
threshold,Win32,2024-02-04,1,204
threshold,Win32,2024-02-11,0,200
threshold,Win32,2024-02-11,1,195
threshold,Win32,2024-02-18,0,191
threshold,Win32,2024-02-18,1,194
threshold,Win32,2024-02-25,0,203
threshold,Win32,2024-02-25,1,176
threshold,Win32,2024-03-03,0,189
threshold,Win32,2024-03-03,1,197
threshold,Win32,2024-03-10,0,192
threshold,Win32,2024-03-10,1,206
threshold,Win32,2024-03-17,0,221
threshold,Win32,2024-03-17,1,171
threshold,Win32,2024-03-24,0,202
threshold,Win32,2024-03-24,1,178
threshold,Win32,2024-03-31,0,219
threshold,Win32,2024-03-31,1,182
threshold,Win32,2024-04-07,0,200
threshold,Win32,2024-04-07,1,197
threshold,Win32,2024-04-14,0,183
threshold,Win32,2024-04-14,1,205
threshold,Win32,2024-04-21,0,178
threshold,Win32,2024-04-21,1,194
threshold,Win32,2024-04-28,0,171
threshold,Win32,2024-04-28,1,195
threshold,Win32,2024-05-05,0,190
threshold,Win32,2024-05-05,1,194
threshold,Win32,2024-05-12,0,178
threshold,Win32,2024-05-12,1,190
threshold,Win32,2024-05-19,0,184
threshold,Win32,2024-05-19,1,219
threshold,Win32,2024-05-26,0,185
threshold,Win32,2024-05-26,1,187
threshold,Win32,2024-06-02,0,205
threshold,Win32,2024-06-02,1,198
threshold,Win32,2024-06-09,0,169
threshold,Win32,2024-06-09,1,206
threshold,Win32,2024-06-16,0,192
threshold,Win32,2024-06-16,1,181
threshold,Win32,2024-06-23,0,205
threshold,Win32,2024-06-23,1,184
threshold,Win32,2024-06-30,0,189
threshold,Win32,2024-06-30,1,193
threshold,Win32,2024-07-07,0,190
threshold,Win32,2024-07-07,1,186
threshold,Win32,2024-07-14,0,191
threshold,Win32,2024-07-14,1,236
threshold,Win32,2024-07-21,0,196
threshold,Win32,2024-07-21,1,205
threshold,Win32,2024-07-28,0,179
threshold,Win32,2024-07-28,1,177
threshold,Win32,2024-08-04,0,200
threshold,Win32,2024-08-04,1,161
threshold,Win32,2024-08-11,0,206
threshold,Win32,2024-08-11,1,199
threshold,Win32,2024-08-18,0,163
threshold,Win32,2024-08-18,1,187
threshold,Win32,2024-08-25,0,180
threshold,Win32,2024-08-25,1,189
threshold,Win32,2024-09-01,0,181
threshold,Win32,2024-09-01,1,184
threshold,Win32,2024-09-08,0,184
threshold,Win32,2024-09-08,1,180
threshold,Win32,2024-09-15,0,186
threshold,Win32,2024-09-15,1,195
threshold,Win64,2023-09-24,0,174
threshold,Win64,2023-09-24,1,195
threshold,Win64,2023-10-01,0,198
threshold,Win64,2023-10-01,1,183
threshold,Win64,2023-10-08,0,186
threshold,Win64,2023-10-08,1,210
threshold,Win64,2023-10-15,0,191
threshold,Win64,2023-10-15,1,196
threshold,Win64,2023-10-22,0,193
threshold,Win64,2023-10-22,1,192
threshold,Win64,2023-10-29,0,192
threshold,Win64,2023-10-29,1,212
threshold,Win64,2023-11-05,0,189
threshold,Win64,2023-11-05,1,209
threshold,Win64,2023-11-12,0,208
threshold,Win64,2023-11-12,1,214
threshold,Win64,2023-11-19,0,164
threshold,Win64,2023-11-19,1,211
threshold,Win64,2023-11-26,0,199
threshold,Win64,2023-11-26,1,192
threshold,Win64,2023-12-03,0,190
threshold,Win64,2023-12-03,1,186
threshold,Win64,2023-12-10,0,213
threshold,Win64,2023-12-10,1,179
threshold,Win64,2023-12-17,0,172
threshold,Win64,2023-12-17,1,193
threshold,Win64,2023-12-24,0,192
threshold,Win64,2023-12-24,1,201
threshold,Win64,2023-12-31,0,201
threshold,Win64,2023-12-31,1,188
threshold,Win64,2024-01-07,0,192
threshold,Win64,2024-01-07,1,194
threshold,Win64,2024-01-14,0,193
threshold,Win64,2024-01-14,1,173
threshold,Win64,2024-01-21,0,193
threshold,Win64,2024-01-21,1,169
threshold,Win64,2024-01-28,0,188
threshold,Win64,2024-01-28,1,192
threshold,Win64,2024-02-04,0,185
threshold,Win64,2024-02-04,1,183
threshold,Win64,2024-02-11,0,173
threshold,Win64,2024-02-11,1,204
threshold,Win64,2024-02-18,0,198
threshold,Win64,2024-02-18,1,221
threshold,Win64,2024-02-25,0,178
threshold,Win64,2024-02-25,1,180
threshold,Win64,2024-03-03,0,171
threshold,Win64,2024-03-03,1,186
threshold,Win64,2024-03-10,0,211
threshold,Win64,2024-03-10,1,180
threshold,Win64,2024-03-17,0,187
threshold,Win64,2024-03-17,1,198
threshold,Win64,2024-03-24,0,206
threshold,Win64,2024-03-24,1,202
threshold,Win64,2024-03-31,0,196
threshold,Win64,2024-03-31,1,197
threshold,Win64,2024-04-07,0,179
threshold,Win64,2024-04-07,1,201
threshold,Win64,2024-04-14,0,201
threshold,Win64,2024-04-14,1,204
threshold,Win64,2024-04-21,0,188
threshold,Win64,2024-04-21,1,186
threshold,Win64,2024-04-28,0,170
threshold,Win64,2024-04-28,1,204
threshold,Win64,2024-05-05,0,208
threshold,Win64,2024-05-05,1,191
threshold,Win64,2024-05-12,0,170
threshold,Win64,2024-05-12,1,178
threshold,Win64,2024-05-19,0,170
threshold,Win64,2024-05-19,1,179
threshold,Win64,2024-05-26,0,208
threshold,Win64,2024-05-26,1,192
threshold,Win64,2024-06-02,0,201
threshold,Win64,2024-06-02,1,185
threshold,Win64,2024-06-09,0,174
threshold,Win64,2024-06-09,1,183
threshold,Win64,2024-06-16,0,201
threshold,Win64,2024-06-16,1,175
threshold,Win64,2024-06-23,0,211
threshold,Win64,2024-06-23,1,201
threshold,Win64,2024-06-30,0,179
threshold,Win64,2024-06-30,1,204
threshold,Win64,2024-07-07,0,202
threshold,Win64,2024-07-07,1,182
threshold,Win64,2024-07-14,0,192
threshold,Win64,2024-07-14,1,194
threshold,Win64,2024-07-21,0,191
threshold,Win64,2024-07-21,1,218
threshold,Win64,2024-07-28,0,194
threshold,Win64,2024-07-28,1,191
threshold,Win64,2024-08-04,0,197
threshold,Win64,2024-08-04,1,197
threshold,Win64,2024-08-11,0,217
threshold,Win64,2024-08-11,1,141
threshold,Win64,2024-08-18,0,202
threshold,Win64,2024-08-18,1,211
threshold,Win64,2024-08-25,0,187
threshold,Win64,2024-08-25,1,202
threshold,Win64,2024-09-01,0,188
threshold,Win64,2024-09-01,1,186
threshold,Win64,2024-09-08,0,199
threshold,Win64,2024-09-08,1,201
threshold,Win64,2024-09-15,0,191
threshold,Win64,2024-09-15,1,201
tune,Dot_Net,2023-09-24,0,25
tune,Dot_Net,2023-09-24,1,18
tune,Dot_Net,2023-10-01,0,19
tune,Dot_Net,2023-10-01,1,23
tune,Dot_Net,2023-10-08,0,13
tune,Dot_Net,2023-10-08,1,16
tune,Dot_Net,2023-10-15,0,15
tune,Dot_Net,2023-10-15,1,24
tune,Dot_Net,2023-10-22,0,14
tune,Dot_Net,2023-10-22,1,30
tune,Dot_Net,2023-10-29,0,13
tune,Dot_Net,2023-10-29,1,20
tune,Dot_Net,2023-11-05,0,23
tune,Dot_Net,2023-11-05,1,21
tune,Dot_Net,2023-11-12,0,20
tune,Dot_Net,2023-11-12,1,22
tune,Dot_Net,2023-11-19,0,24
tune,Dot_Net,2023-11-19,1,21
tune,Dot_Net,2023-11-26,0,20
tune,Dot_Net,2023-11-26,1,23
tune,Dot_Net,2023-12-03,0,20
tune,Dot_Net,2023-12-03,1,16
tune,Dot_Net,2023-12-10,0,22
tune,Dot_Net,2023-12-10,1,20
tune,Dot_Net,2023-12-17,0,19
tune,Dot_Net,2023-12-17,1,16
tune,Dot_Net,2023-12-24,0,22
tune,Dot_Net,2023-12-24,1,22
tune,Dot_Net,2023-12-31,0,19
tune,Dot_Net,2023-12-31,1,13
tune,Dot_Net,2024-01-07,0,12
tune,Dot_Net,2024-01-07,1,14
tune,Dot_Net,2024-01-14,0,21
tune,Dot_Net,2024-01-14,1,15
tune,Dot_Net,2024-01-21,0,19
tune,Dot_Net,2024-01-21,1,24
tune,Dot_Net,2024-01-28,0,20
tune,Dot_Net,2024-01-28,1,28
tune,Dot_Net,2024-02-04,0,19
tune,Dot_Net,2024-02-04,1,26
tune,Dot_Net,2024-02-11,0,19
tune,Dot_Net,2024-02-11,1,20
tune,Dot_Net,2024-02-18,0,29
tune,Dot_Net,2024-02-18,1,23
tune,Dot_Net,2024-02-25,0,22
tune,Dot_Net,2024-02-25,1,22
tune,Dot_Net,2024-03-03,0,17
tune,Dot_Net,2024-03-03,1,21
tune,Dot_Net,2024-03-10,0,17
tune,Dot_Net,2024-03-10,1,21
tune,Dot_Net,2024-03-17,0,22
tune,Dot_Net,2024-03-17,1,15
tune,Dot_Net,2024-03-24,0,14
tune,Dot_Net,2024-03-24,1,20
tune,Dot_Net,2024-03-31,0,14
tune,Dot_Net,2024-03-31,1,15
tune,Dot_Net,2024-04-07,0,14
tune,Dot_Net,2024-04-07,1,12
tune,Dot_Net,2024-04-14,0,19
tune,Dot_Net,2024-04-14,1,17
tune,Dot_Net,2024-04-21,0,18
tune,Dot_Net,2024-04-21,1,22
tune,Dot_Net,2024-04-28,0,14
tune,Dot_Net,2024-04-28,1,18
tune,Dot_Net,2024-05-05,0,14
tune,Dot_Net,2024-05-05,1,21
tune,Dot_Net,2024-05-12,0,21
tune,Dot_Net,2024-05-12,1,16
tune,Dot_Net,2024-05-19,0,21
tune,Dot_Net,2024-05-19,1,24
tune,Dot_Net,2024-05-26,0,16
tune,Dot_Net,2024-05-26,1,14
tune,Dot_Net,2024-06-02,0,20
tune,Dot_Net,2024-06-02,1,17
tune,Dot_Net,2024-06-09,0,15
tune,Dot_Net,2024-06-09,1,26
tune,Dot_Net,2024-06-16,0,26
tune,Dot_Net,2024-06-16,1,15
tune,Dot_Net,2024-06-23,0,23
tune,Dot_Net,2024-06-23,1,12
tune,Dot_Net,2024-06-30,0,27
tune,Dot_Net,2024-06-30,1,15
tune,Dot_Net,2024-07-07,0,21
tune,Dot_Net,2024-07-07,1,15
tune,Dot_Net,2024-07-14,0,21
tune,Dot_Net,2024-07-14,1,25
tune,Dot_Net,2024-07-21,0,21
tune,Dot_Net,2024-07-21,1,16
tune,Dot_Net,2024-07-28,0,14
tune,Dot_Net,2024-07-28,1,17
tune,Dot_Net,2024-08-04,0,16
tune,Dot_Net,2024-08-04,1,15
tune,Dot_Net,2024-08-11,0,21
tune,Dot_Net,2024-08-11,1,18
tune,Dot_Net,2024-08-18,0,20
tune,Dot_Net,2024-08-18,1,19
tune,Dot_Net,2024-08-25,0,21
tune,Dot_Net,2024-08-25,1,19
tune,Dot_Net,2024-09-01,0,25
tune,Dot_Net,2024-09-01,1,22
tune,Dot_Net,2024-09-08,0,23
tune,Dot_Net,2024-09-08,1,19
tune,Dot_Net,2024-09-15,0,16
tune,Dot_Net,2024-09-15,1,17
tune,Win32,2023-09-24,0,25
tune,Win32,2023-09-24,1,19
tune,Win32,2023-10-01,0,21
tune,Win32,2023-10-01,1,18
tune,Win32,2023-10-08,0,19
tune,Win32,2023-10-08,1,29
tune,Win32,2023-10-15,0,18
tune,Win32,2023-10-15,1,22
tune,Win32,2023-10-22,0,22
tune,Win32,2023-10-22,1,20
tune,Win32,2023-10-29,0,13
tune,Win32,2023-10-29,1,28
tune,Win32,2023-11-05,0,13
tune,Win32,2023-11-05,1,21
tune,Win32,2023-11-12,0,18
tune,Win32,2023-11-12,1,18
tune,Win32,2023-11-19,0,18
tune,Win32,2023-11-19,1,21
tune,Win32,2023-11-26,0,13
tune,Win32,2023-11-26,1,17
tune,Win32,2023-12-03,0,22
tune,Win32,2023-12-03,1,27
tune,Win32,2023-12-10,0,8
tune,Win32,2023-12-10,1,17
tune,Win32,2023-12-17,0,20
tune,Win32,2023-12-17,1,18
tune,Win32,2023-12-24,0,19
tune,Win32,2023-12-24,1,21
tune,Win32,2023-12-31,0,17
tune,Win32,2023-12-31,1,31
tune,Win32,2024-01-07,0,18
tune,Win32,2024-01-07,1,16
tune,Win32,2024-01-14,0,17
tune,Win32,2024-01-14,1,13
tune,Win32,2024-01-21,0,21
tune,Win32,2024-01-21,1,21
tune,Win32,2024-01-28,0,12
tune,Win32,2024-01-28,1,16
tune,Win32,2024-02-04,0,15
tune,Win32,2024-02-04,1,13
tune,Win32,2024-02-11,0,20
tune,Win32,2024-02-11,1,20
tune,Win32,2024-02-18,0,14
tune,Win32,2024-02-18,1,21
tune,Win32,2024-02-25,0,26
tune,Win32,2024-02-25,1,13
tune,Win32,2024-03-03,0,14
tune,Win32,2024-03-03,1,26
tune,Win32,2024-03-10,0,20
tune,Win32,2024-03-10,1,17
tune,Win32,2024-03-17,0,25
tune,Win32,2024-03-17,1,18
tune,Win32,2024-03-24,0,16
tune,Win32,2024-03-24,1,21
tune,Win32,2024-03-31,0,24
tune,Win32,2024-03-31,1,29
tune,Win32,2024-04-07,0,23
tune,Win32,2024-04-07,1,21
tune,Win32,2024-04-14,0,17
tune,Win32,2024-04-14,1,18
tune,Win32,2024-04-21,0,14
tune,Win32,2024-04-21,1,16
tune,Win32,2024-04-28,0,21
tune,Win32,2024-04-28,1,13
tune,Win32,2024-05-05,0,26
tune,Win32,2024-05-05,1,20
tune,Win32,2024-05-12,0,19
tune,Win32,2024-05-12,1,9
tune,Win32,2024-05-19,0,21
tune,Win32,2024-05-19,1,20
tune,Win32,2024-05-26,0,20
tune,Win32,2024-05-26,1,20
tune,Win32,2024-06-02,0,13
tune,Win32,2024-06-02,1,24
tune,Win32,2024-06-09,0,20
tune,Win32,2024-06-09,1,19
tune,Win32,2024-06-16,0,29
tune,Win32,2024-06-16,1,21
tune,Win32,2024-06-23,0,17
tune,Win32,2024-06-23,1,21
tune,Win32,2024-06-30,0,23
tune,Win32,2024-06-30,1,20
tune,Win32,2024-07-07,0,19
tune,Win32,2024-07-07,1,19
tune,Win32,2024-07-14,0,19
tune,Win32,2024-07-14,1,14
tune,Win32,2024-07-21,0,27
tune,Win32,2024-07-21,1,18
tune,Win32,2024-07-28,0,23
tune,Win32,2024-07-28,1,24
tune,Win32,2024-08-04,0,26
tune,Win32,2024-08-04,1,11
tune,Win32,2024-08-11,0,16
tune,Win32,2024-08-11,1,17
tune,Win32,2024-08-18,0,16
tune,Win32,2024-08-18,1,19
tune,Win32,2024-08-25,0,15
tune,Win32,2024-08-25,1,14
tune,Win32,2024-09-01,0,21
tune,Win32,2024-09-01,1,26
tune,Win32,2024-09-08,0,24
tune,Win32,2024-09-08,1,18
tune,Win32,2024-09-15,0,17
tune,Win32,2024-09-15,1,13
tune,Win64,2023-09-24,0,16
tune,Win64,2023-09-24,1,18
tune,Win64,2023-10-01,0,13
tune,Win64,2023-10-01,1,20
tune,Win64,2023-10-08,0,23
tune,Win64,2023-10-08,1,18
tune,Win64,2023-10-15,0,16
tune,Win64,2023-10-15,1,24
tune,Win64,2023-10-22,0,20
tune,Win64,2023-10-22,1,18
tune,Win64,2023-10-29,0,20
tune,Win64,2023-10-29,1,22
tune,Win64,2023-11-05,0,20
tune,Win64,2023-11-05,1,12
tune,Win64,2023-11-12,0,15
tune,Win64,2023-11-12,1,11
tune,Win64,2023-11-19,0,23
tune,Win64,2023-11-19,1,11
tune,Win64,2023-11-26,0,22
tune,Win64,2023-11-26,1,26
tune,Win64,2023-12-03,0,21
tune,Win64,2023-12-03,1,25
tune,Win64,2023-12-10,0,21
tune,Win64,2023-12-10,1,21
tune,Win64,2023-12-17,0,20
tune,Win64,2023-12-17,1,22
tune,Win64,2023-12-24,0,22
tune,Win64,2023-12-24,1,18
tune,Win64,2023-12-31,0,18
tune,Win64,2023-12-31,1,22
tune,Win64,2024-01-07,0,30
tune,Win64,2024-01-07,1,21
tune,Win64,2024-01-14,0,24
tune,Win64,2024-01-14,1,27
tune,Win64,2024-01-21,0,18
tune,Win64,2024-01-21,1,17
tune,Win64,2024-01-28,0,19
tune,Win64,2024-01-28,1,17
tune,Win64,2024-02-04,0,20
tune,Win64,2024-02-04,1,14
tune,Win64,2024-02-11,0,17
tune,Win64,2024-02-11,1,17
tune,Win64,2024-02-18,0,19
tune,Win64,2024-02-18,1,12
tune,Win64,2024-02-25,0,15
tune,Win64,2024-02-25,1,26
tune,Win64,2024-03-03,0,19
tune,Win64,2024-03-03,1,20
tune,Win64,2024-03-10,0,14
tune,Win64,2024-03-10,1,17
tune,Win64,2024-03-17,0,24
tune,Win64,2024-03-17,1,25
tune,Win64,2024-03-24,0,15
tune,Win64,2024-03-24,1,19
tune,Win64,2024-03-31,0,17
tune,Win64,2024-03-31,1,10
tune,Win64,2024-04-07,0,16
tune,Win64,2024-04-07,1,18
tune,Win64,2024-04-14,0,27
tune,Win64,2024-04-14,1,19
tune,Win64,2024-04-21,0,22
tune,Win64,2024-04-21,1,18
tune,Win64,2024-04-28,0,12
tune,Win64,2024-04-28,1,15
tune,Win64,2024-05-05,0,21
tune,Win64,2024-05-05,1,25
tune,Win64,2024-05-12,0,21
tune,Win64,2024-05-12,1,13
tune,Win64,2024-05-19,0,13
tune,Win64,2024-05-19,1,23
tune,Win64,2024-05-26,0,12
tune,Win64,2024-05-26,1,21
tune,Win64,2024-06-02,0,17
tune,Win64,2024-06-02,1,26
tune,Win64,2024-06-09,0,11
tune,Win64,2024-06-09,1,19
tune,Win64,2024-06-16,0,23
tune,Win64,2024-06-16,1,25
tune,Win64,2024-06-23,0,18
tune,Win64,2024-06-23,1,19
tune,Win64,2024-06-30,0,18
tune,Win64,2024-06-30,1,11
tune,Win64,2024-07-07,0,14
tune,Win64,2024-07-07,1,25
tune,Win64,2024-07-14,0,17
tune,Win64,2024-07-14,1,11
tune,Win64,2024-07-21,0,20
tune,Win64,2024-07-21,1,18
tune,Win64,2024-07-28,0,22
tune,Win64,2024-07-28,1,18
tune,Win64,2024-08-04,0,18
tune,Win64,2024-08-04,1,28
tune,Win64,2024-08-11,0,23
tune,Win64,2024-08-11,1,19
tune,Win64,2024-08-18,0,16
tune,Win64,2024-08-18,1,21
tune,Win64,2024-08-25,0,21
tune,Win64,2024-08-25,1,26
tune,Win64,2024-09-01,0,19
tune,Win64,2024-09-01,1,16
tune,Win64,2024-09-08,0,23
tune,Win64,2024-09-08,1,16
tune,Win64,2024-09-15,0,30
tune,Win64,2024-09-15,1,25
