model,method,bin,n,mean_probability,malware_fraction
LightGBM,Raw,0,14154,0.0024603020772199229,0.01483679525222552
LightGBM,Raw,1,289,0.09332283032269123,0.23875432525951557
LightGBM,Raw,2,188,0.16398765689032235,0.27127659574468083
LightGBM,Raw,3,122,0.23184153803093543,0.41803278688524592
LightGBM,Raw,4,93,0.29989853227607099,0.44086021505376344
LightGBM,Raw,5,87,0.36573356914504462,0.4942528735632184
LightGBM,Raw,6,88,0.42938481348426194,0.55681818181818177
LightGBM,Raw,7,93,0.50109230888054779,0.5161290322580645
LightGBM,Raw,8,86,0.56738197207797536,0.62790697674418605
LightGBM,Raw,9,99,0.63342422964745293,0.61616161616161613
LightGBM,Raw,10,105,0.69685432882008314,0.59999999999999998
LightGBM,Raw,11,135,0.76876555441228622,0.72592592592592597
LightGBM,Raw,12,173,0.83487314870664797,0.74566473988439308
LightGBM,Raw,13,270,0.9031373126655452,0.77037037037037037
LightGBM,Raw,14,14018,0.99725581769882621,0.99086888286488806
LightGBM,Temperature,0,13556,0.0063655176657249563,0.0082620241959280027
LightGBM,Temperature,1,514,0.095802963553811585,0.1556420233463035
LightGBM,Temperature,2,302,0.16246284108589776,0.23178807947019867
LightGBM,Temperature,3,212,0.2349892994726536,0.25471698113207547
LightGBM,Temperature,4,156,0.29870922714159703,0.38461538461538464
LightGBM,Temperature,5,133,0.36677003626952137,0.43609022556390975
LightGBM,Temperature,6,132,0.43444385986968792,0.53787878787878785
LightGBM,Temperature,7,127,0.5009944551411728,0.54330708661417326
LightGBM,Temperature,8,144,0.56787141926216012,0.61805555555555558
LightGBM,Temperature,9,142,0.6326392619412905,0.61267605633802813
LightGBM,Temperature,10,172,0.70147346412590972,0.72674418604651159
LightGBM,Temperature,11,196,0.76659424493776629,0.72959183673469385
LightGBM,Temperature,12,287,0.83593527974349757,0.80836236933797911
LightGBM,Temperature,13,615,0.90635118762747469,0.92682926829268297
LightGBM,Temperature,14,13312,0.99356500009831072,0.99496694711538458
LightGBM,Isotonic,0,13259,0.0059063541199652885,0.0069386831586092466
LightGBM,Isotonic,1,792,0.10730061942178878,0.11994949494949494
LightGBM,Isotonic,2,560,0.16695606758444365,0.24285714285714285
LightGBM,Isotonic,3,36,0.24529897417557997,0.3888888888888889
LightGBM,Isotonic,4,104,0.31344797966601906,0.42307692307692307
LightGBM,Isotonic,5,273,0.36781753234308173,0.49816849816849818
LightGBM,Isotonic,6,2,0.43185046041051933,0.5
LightGBM,Isotonic,7,188,0.52517175508050051,0.56382978723404253
LightGBM,Isotonic,9,173,0.64080790655380282,0.62427745664739887
LightGBM,Isotonic,10,58,0.7120149899461532,0.7068965517241379
LightGBM,Isotonic,11,454,0.74955798618524949,0.73788546255506604
LightGBM,Isotonic,12,212,0.85326496243435224,0.84433962264150941
LightGBM,Isotonic,13,155,0.87767304627684917,0.88387096774193552
LightGBM,Isotonic,14,13734,0.99405567621309421,0.99322848405417208
LightGBM,Per-format Platt,0,13514,0.0065153741400648434,0.008287701642740862
LightGBM,Per-format Platt,1,515,0.095698619378041722,0.14563106796116504
LightGBM,Per-format Platt,2,309,0.16456925229724473,0.20711974110032363
LightGBM,Per-format Platt,3,184,0.23216822355853359,0.27173913043478259
LightGBM,Per-format Platt,4,176,0.29570332965985241,0.31818181818181818
LightGBM,Per-format Platt,5,124,0.36204476233093563,0.41129032258064518
LightGBM,Per-format Platt,6,137,0.43263146803619928,0.51824817518248179
LightGBM,Per-format Platt,7,125,0.49486079861144433,0.56000000000000005
LightGBM,Per-format Platt,8,137,0.56679773240734987,0.54014598540145986
LightGBM,Per-format Platt,9,145,0.63343934780827116,0.6344827586206897
LightGBM,Per-format Platt,10,165,0.70059382919441315,0.68484848484848482
LightGBM,Per-format Platt,11,204,0.76823460631442653,0.74019607843137258
LightGBM,Per-format Platt,12,256,0.8356957518280308,0.78125
LightGBM,Per-format Platt,13,604,0.90582912583907438,0.90397350993377479
LightGBM,Per-format Platt,14,13405,0.99360191254188013,0.99515106303618051
TFIDF_full,Raw,0,12758,0.0082181102385394094,0.013638501332497256
TFIDF_full,Raw,1,812,0.095120261608250142,0.15640394088669951
TFIDF_full,Raw,2,457,0.16588161184167213,0.2275711159737418
TFIDF_full,Raw,3,323,0.23006458166204069,0.31888544891640869
TFIDF_full,Raw,4,236,0.29930046821533507,0.40677966101694918
TFIDF_full,Raw,5,211,0.36632406773776288,0.43127962085308058
TFIDF_full,Raw,6,203,0.43381823984404599,0.53201970443349755
TFIDF_full,Raw,7,202,0.49923722186269198,0.60396039603960394
TFIDF_full,Raw,8,221,0.56474262178639822,0.579185520361991
TFIDF_full,Raw,9,268,0.63391204929888478,0.71268656716417911
TFIDF_full,Raw,10,234,0.70023904266186709,0.68803418803418803
TFIDF_full,Raw,11,332,0.76773670640531033,0.76204819277108438
TFIDF_full,Raw,12,436,0.83498339525146115,0.83256880733944949
TFIDF_full,Raw,13,826,0.90484207137296724,0.87893462469733652
TFIDF_full,Raw,14,12481,0.99211793479374133,0.98694014902652027
TFIDF_full,Temperature,0,12332,0.010799473017628049,0.011514758352254299
TFIDF_full,Temperature,1,979,0.095776951409447392,0.10316649642492338
TFIDF_full,Temperature,2,521,0.16334682646417528,0.21880998080614203
TFIDF_full,Temperature,3,413,0.23116972987108486,0.28087167070217917
TFIDF_full,Temperature,4,269,0.29870004499098818,0.36431226765799257
TFIDF_full,Temperature,5,248,0.36742844847531003,0.42338709677419356
TFIDF_full,Temperature,6,223,0.4344235366017285,0.53363228699551568
TFIDF_full,Temperature,7,237,0.50014589260191156,0.59493670886075944
TFIDF_full,Temperature,8,254,0.56674006572775715,0.58661417322834641
TFIDF_full,Temperature,9,286,0.63242903953570961,0.73076923076923073
TFIDF_full,Temperature,10,289,0.70210767606237201,0.7162629757785467
TFIDF_full,Temperature,11,376,0.76749101116057294,0.77659574468085102
TFIDF_full,Temperature,12,511,0.8351559928198139,0.86301369863013699
TFIDF_full,Temperature,13,1059,0.90445134944207517,0.90368271954674217
TFIDF_full,Temperature,14,12003,0.99013799930206503,0.98925268682829293
TFIDF_full,Isotonic,0,12736,0.01198300581492929,0.013583542713567839
TFIDF_full,Isotonic,1,882,0.10914513061598644,0.15759637188208617
TFIDF_full,Isotonic,2,230,0.14299995657915066,0.21304347826086956
TFIDF_full,Isotonic,3,287,0.21762801692311887,0.24738675958188153
TFIDF_full,Isotonic,4,231,0.27244486746834845,0.35064935064935066
TFIDF_full,Isotonic,5,119,0.36363636363636381,0.38655462184873951
TFIDF_full,Isotonic,6,471,0.42501416479323029,0.46921443736730362
TFIDF_full,Isotonic,7,218,0.4997025673985202,0.59174311926605505
TFIDF_full,Isotonic,8,253,0.55775446530248518,0.57707509881422925
TFIDF_full,Isotonic,9,159,0.61020748598583896,0.68553459119496851
TFIDF_full,Isotonic,10,620,0.71796707314003816,0.7290322580645161
TFIDF_full,Isotonic,11,257,0.79013024368744023,0.8132295719844358
TFIDF_full,Isotonic,12,473,0.84607451949603352,0.86046511627906974
TFIDF_full,Isotonic,13,837,0.91322075831807203,0.8984468339307049
TFIDF_full,Isotonic,14,12227,0.98922945917966465,0.98805921321665169
TFIDF_full,Per-format Platt,0,12293,0.010498116536709243,0.012039372000325389
TFIDF_full,Per-format Platt,1,1010,0.095216698340175612,0.10297029702970296
TFIDF_full,Per-format Platt,2,519,0.16523631786846088,0.20038535645472061
TFIDF_full,Per-format Platt,3,390,0.23069794332325885,0.26410256410256411
TFIDF_full,Per-format Platt,4,272,0.29961079345943586,0.36764705882352944
TFIDF_full,Per-format Platt,5,246,0.36561589984594833,0.41463414634146339
TFIDF_full,Per-format Platt,6,219,0.43327321534907909,0.53424657534246578
TFIDF_full,Per-format Platt,7,234,0.49859568561170359,0.5854700854700855
TFIDF_full,Per-format Platt,8,248,0.56578717467291151,0.58467741935483875
TFIDF_full,Per-format Platt,9,302,0.63298057280287401,0.69867549668874174
TFIDF_full,Per-format Platt,10,286,0.70196543668982403,0.70979020979020979
TFIDF_full,Per-format Platt,11,376,0.76944813372130227,0.78191489361702127
TFIDF_full,Per-format Platt,12,543,0.83497853349091034,0.84530386740331487
TFIDF_full,Per-format Platt,13,1023,0.90468828376109123,0.8944281524926686
TFIDF_full,Per-format Platt,14,12039,0.99019312539132132,0.99036464822659687
TFIDF_prefix,Raw,0,12225,0.0089101510678336691,0.020695296523517384
TFIDF_prefix,Raw,1,911,0.09570503625177465,0.15477497255762898
TFIDF_prefix,Raw,2,570,0.16402712174234271,0.27894736842105261
TFIDF_prefix,Raw,3,430,0.23202088002314586,0.32325581395348835
TFIDF_prefix,Raw,4,367,0.30016554573069659,0.42234332425068122
TFIDF_prefix,Raw,5,331,0.36644223832895878,0.47129909365558914
TFIDF_prefix,Raw,6,302,0.43235237954446964,0.5298013245033113
TFIDF_prefix,Raw,7,300,0.50084439107527867,0.60333333333333339
TFIDF_prefix,Raw,8,390,0.56739419403830338,0.64615384615384619
TFIDF_prefix,Raw,9,345,0.6342621934063889,0.73043478260869565
TFIDF_prefix,Raw,10,412,0.70059269719056594,0.77184466019417475
TFIDF_prefix,Raw,11,527,0.76769796505617116,0.82542694497153701
TFIDF_prefix,Raw,12,740,0.8356778275784511,0.86081081081081079
TFIDF_prefix,Raw,13,1260,0.90375526321045685,0.8936507936507937
TFIDF_prefix,Raw,14,10890,0.9885384368806347,0.98264462809917352
TFIDF_prefix,Temperature,0,11494,0.01248672920628008,0.015573342613537497
TFIDF_prefix,Temperature,1,1218,0.095548499014511387,0.12233169129720854
TFIDF_prefix,Temperature,2,677,0.16572731140540203,0.1964549483013294
TFIDF_prefix,Temperature,3,520,0.23231161320238006,0.28846153846153844
TFIDF_prefix,Temperature,4,414,0.29854608170535069,0.39130434782608697
TFIDF_prefix,Temperature,5,416,0.3651197905409187,0.43990384615384615
TFIDF_prefix,Temperature,6,366,0.43206748716968046,0.52732240437158473
TFIDF_prefix,Temperature,7,366,0.50097810748452964,0.60382513661202186
TFIDF_prefix,Temperature,8,446,0.56539543218663058,0.6547085201793722
TFIDF_prefix,Temperature,9,430,0.63337796975321969,0.73255813953488369
TFIDF_prefix,Temperature,10,531,0.7018960924650065,0.80602636534839922
TFIDF_prefix,Temperature,11,653,0.76893926805435431,0.84686064318529863
TFIDF_prefix,Temperature,12,925,0.8352956544828074,0.87459459459459454
TFIDF_prefix,Temperature,13,1585,0.90390224991932744,0.92365930599369084
TFIDF_prefix,Temperature,14,9959,0.98485380785172616,0.98744853900994078
TFIDF_prefix,Isotonic,0,11605,0.017240827203492931,0.016199913830245584
TFIDF_prefix,Isotonic,1,1657,0.089771248730729725,0.14725407362703682
TFIDF_prefix,Isotonic,2,360,0.17302116430364561,0.25277777777777777
TFIDF_prefix,Isotonic,3,239,0.25715065245355784,0.29707112970711297
TFIDF_prefix,Isotonic,4,608,0.29785597036394384,0.38486842105263158
TFIDF_prefix,Isotonic,5,470,0.37594273165698699,0.49148936170212765
TFIDF_prefix,Isotonic,6,353,0.42688737866479143,0.55807365439093481
TFIDF_prefix,Isotonic,7,576,0.49395531204734033,0.640625
TFIDF_prefix,Isotonic,8,385,0.59558719071250421,0.72727272727272729
TFIDF_prefix,Isotonic,9,71,0.6331252081591251,0.77464788732394363
TFIDF_prefix,Isotonic,10,757,0.72173913043478255,0.81505944517833551
TFIDF_prefix,Isotonic,11,17,0.77666192079444274,0.82352941176470584
TFIDF_prefix,Isotonic,12,1403,0.83957081146125923,0.86885245901639341
TFIDF_prefix,Isotonic,13,1546,0.91502836003164523,0.92238033635187577
TFIDF_prefix,Isotonic,14,9953,0.98813191380751852,0.98754144479051542
TFIDF_prefix,Per-format Platt,0,11516,0.012429426315610084,0.016151441472733587
TFIDF_prefix,Per-format Platt,1,1232,0.095525725878818274,0.12175324675324675
TFIDF_prefix,Per-format Platt,2,648,0.16514214600519825,0.18672839506172839
TFIDF_prefix,Per-format Platt,3,535,0.23213493447642861,0.3102803738317757
TFIDF_prefix,Per-format Platt,4,407,0.29952888471669359,0.3832923832923833
TFIDF_prefix,Per-format Platt,5,409,0.36642179465547503,0.44987775061124696
TFIDF_prefix,Per-format Platt,6,360,0.43310304114491788,0.53888888888888886
TFIDF_prefix,Per-format Platt,7,363,0.50032003781087153,0.5757575757575758
TFIDF_prefix,Per-format Platt,8,440,0.56596914596591519,0.65909090909090906
TFIDF_prefix,Per-format Platt,9,435,0.63377586768757443,0.73793103448275865
TFIDF_prefix,Per-format Platt,10,524,0.70237986798032503,0.80343511450381677
TFIDF_prefix,Per-format Platt,11,628,0.76815392592445397,0.83757961783439494
TFIDF_prefix,Per-format Platt,12,910,0.83463548662405884,0.87142857142857144
TFIDF_prefix,Per-format Platt,13,1638,0.90362107433822891,0.92551892551892556
TFIDF_prefix,Per-format Platt,14,9955,0.98464768753456344,0.98764439979909591
TFIDF_bpe_prefix,Raw,0,10756,0.014322016623716727,0.014317590182223875
TFIDF_bpe_prefix,Raw,1,1395,0.096307011403846232,0.10465949820788531
TFIDF_bpe_prefix,Raw,2,844,0.16463798553705666,0.19668246445497631
TFIDF_bpe_prefix,Raw,3,635,0.23161623113671365,0.2220472440944882
TFIDF_bpe_prefix,Raw,4,492,0.29987339874669899,0.33333333333333331
TFIDF_bpe_prefix,Raw,5,463,0.36592946852333141,0.41252699784017277
TFIDF_bpe_prefix,Raw,6,472,0.43448333247130877,0.50635593220338981
TFIDF_bpe_prefix,Raw,7,425,0.49880209107628021,0.58117647058823529
TFIDF_bpe_prefix,Raw,8,504,0.56719777377806901,0.69444444444444442
TFIDF_bpe_prefix,Raw,9,456,0.63248591198751747,0.71052631578947367
TFIDF_bpe_prefix,Raw,10,653,0.70195323791350872,0.78560490045941811
TFIDF_bpe_prefix,Raw,11,784,0.7684740621968682,0.84948979591836737
TFIDF_bpe_prefix,Raw,12,1082,0.83534048891005752,0.88632162661737524
TFIDF_bpe_prefix,Raw,13,1879,0.90424283006457473,0.94199042043640235
TFIDF_bpe_prefix,Raw,14,9160,0.98347527349437158,0.986353711790393
TFIDF_bpe_prefix,Temperature,0,10915,0.013531494719832719,0.015208428767750802
TFIDF_bpe_prefix,Temperature,1,1364,0.096934033737683917,0.11436950146627566
TFIDF_bpe_prefix,Temperature,2,787,0.16551376347132563,0.19695044472681067
TFIDF_bpe_prefix,Temperature,3,611,0.23107094696461489,0.24058919803600654
TFIDF_bpe_prefix,Temperature,4,479,0.2997051221779003,0.34029227557411273
TFIDF_bpe_prefix,Temperature,5,455,0.36619943659552595,0.40219780219780221
TFIDF_bpe_prefix,Temperature,6,453,0.43482375147344993,0.52097130242825607
TFIDF_bpe_prefix,Temperature,7,410,0.49863683763802363,0.58292682926829265
TFIDF_bpe_prefix,Temperature,8,483,0.56682415861667546,0.6811594202898551
TFIDF_bpe_prefix,Temperature,9,449,0.63174324023455763,0.71937639198218262
TFIDF_bpe_prefix,Temperature,10,631,0.70293002739492949,0.78129952456418383
TFIDF_bpe_prefix,Temperature,11,745,0.76861636560644309,0.84026845637583891
TFIDF_bpe_prefix,Temperature,12,1037,0.83501719076986636,0.88621022179363551
TFIDF_bpe_prefix,Temperature,13,1818,0.90436858649940854,0.93619361936193624
TFIDF_bpe_prefix,Temperature,14,9363,0.98413728785619081,0.98558154437680234
TFIDF_bpe_prefix,Isotonic,0,10450,0.014628403674335461,0.01291866028708134
TFIDF_bpe_prefix,Isotonic,1,1953,0.090593106383202351,0.10547875064004096
TFIDF_bpe_prefix,Isotonic,2,342,0.16644089993676642,0.2046783625730994
TFIDF_bpe_prefix,Isotonic,3,1117,0.20716929356226993,0.23813786929274844
TFIDF_bpe_prefix,Isotonic,4,514,0.28171259907554858,0.39299610894941633
TFIDF_bpe_prefix,Isotonic,5,686,0.3647985939387971,0.47376093294460642
TFIDF_bpe_prefix,Isotonic,6,372,0.43338016835003668,0.57258064516129037
TFIDF_bpe_prefix,Isotonic,7,259,0.49485451010797699,0.69111969111969107
TFIDF_bpe_prefix,Isotonic,8,659,0.5777359936526737,0.70409711684370258
TFIDF_bpe_prefix,Isotonic,9,1,0.65558522075921388,1
TFIDF_bpe_prefix,Isotonic,10,495,0.71153461110922311,0.76767676767676762
TFIDF_bpe_prefix,Isotonic,11,679,0.74769268620780138,0.81737849779086891
TFIDF_bpe_prefix,Isotonic,12,856,0.86251619526734102,0.87032710280373837
TFIDF_bpe_prefix,Isotonic,13,1413,0.89611181254715599,0.91790516631280961
TFIDF_bpe_prefix,Isotonic,14,10204,0.9812219653383546,0.98265386123088982
TFIDF_bpe_prefix,Per-format Platt,0,10933,0.013426357090170635,0.015823653160157321
TFIDF_bpe_prefix,Per-format Platt,1,1341,0.096283613315378977,0.1111111111111111
TFIDF_bpe_prefix,Per-format Platt,2,819,0.16433840778876418,0.19291819291819293
TFIDF_bpe_prefix,Per-format Platt,3,611,0.23259074354347273,0.24058919803600654
TFIDF_bpe_prefix,Per-format Platt,4,483,0.30051222169510416,0.35817805383022772
TFIDF_bpe_prefix,Per-format Platt,5,433,0.36735585105679069,0.40877598152424943
TFIDF_bpe_prefix,Per-format Platt,6,440,0.43348384044428279,0.51590909090909087
TFIDF_bpe_prefix,Per-format Platt,7,425,0.49909622077225296,0.58588235294117652
TFIDF_bpe_prefix,Per-format Platt,8,474,0.56810278536968495,0.69198312236286919
TFIDF_bpe_prefix,Per-format Platt,9,436,0.63204812131146049,0.70412844036697253
TFIDF_bpe_prefix,Per-format Platt,10,614,0.70273153574954983,0.78664495114006516
TFIDF_bpe_prefix,Per-format Platt,11,745,0.7683515580612621,0.82281879194630869
TFIDF_bpe_prefix,Per-format Platt,12,1040,0.83534334930298004,0.88749999999999996
TFIDF_bpe_prefix,Per-format Platt,13,1787,0.90466539156892312,0.93228875209848905
TFIDF_bpe_prefix,Per-format Platt,14,9419,0.9838878951708615,0.98651661535194823
CodeBERT_partial_s2026,Raw,0,14686,0.0038712320786991406,0.055358845158654503
CodeBERT_partial_s2026,Raw,1,269,0.093332689181100145,0.4200743494423792
CodeBERT_partial_s2026,Raw,2,100,0.16445873505846706,0.51000000000000001
CodeBERT_partial_s2026,Raw,3,57,0.23348150292360534,0.56140350877192979
CodeBERT_partial_s2026,Raw,4,33,0.28730872294099158,0.5757575757575758
CodeBERT_partial_s2026,Raw,5,23,0.36373237870557534,0.47826086956521741
CodeBERT_partial_s2026,Raw,6,26,0.43790156028621136,0.38461538461538464
CodeBERT_partial_s2026,Raw,7,30,0.50615210062167415,0.40000000000000002
CodeBERT_partial_s2026,Raw,8,19,0.56740441726187718,0.78947368421052633
CodeBERT_partial_s2026,Raw,9,28,0.64134199223533195,0.5357142857142857
CodeBERT_partial_s2026,Raw,10,26,0.70907689337975732,0.61538461538461542
CodeBERT_partial_s2026,Raw,11,56,0.77319117895813771,0.7678571428571429
CodeBERT_partial_s2026,Raw,12,118,0.83214664499460667,0.74576271186440679
CodeBERT_partial_s2026,Raw,13,220,0.90821145176583773,0.65000000000000002
CodeBERT_partial_s2026,Raw,14,14309,0.99645681407521691,0.95632119644978686
CodeBERT_partial_s2026,Temperature,0,12061,0.029339154451597176,0.01857225769007545
CodeBERT_partial_s2026,Temperature,1,1971,0.090646180696932296,0.17656012176560121
CodeBERT_partial_s2026,Temperature,2,552,0.16533280034606404,0.3641304347826087
CodeBERT_partial_s2026,Temperature,3,319,0.22793506000930283,0.42006269592476492
CodeBERT_partial_s2026,Temperature,4,148,0.29735474893613201,0.45945945945945948
CodeBERT_partial_s2026,Temperature,5,89,0.36581261601648624,0.5617977528089888
CodeBERT_partial_s2026,Temperature,6,37,0.43462291732249614,0.43243243243243246
CodeBERT_partial_s2026,Temperature,7,54,0.49661631683719165,0.5
CodeBERT_partial_s2026,Temperature,8,46,0.5659048470825645,0.54347826086956519
CodeBERT_partial_s2026,Temperature,9,79,0.63871989671582519,0.759493670886076
CodeBERT_partial_s2026,Temperature,10,158,0.69774643918207357,0.69620253164556967
CodeBERT_partial_s2026,Temperature,11,236,0.77174465017594907,0.67796610169491522
CodeBERT_partial_s2026,Temperature,12,588,0.83903264776631481,0.72619047619047616
CodeBERT_partial_s2026,Temperature,13,1474,0.90473838116562377,0.82360922659430125
CodeBERT_partial_s2026,Temperature,14,12188,0.97096272947132733,0.98465703971119134
CodeBERT_partial_s2026,Isotonic,0,11546,0.012944240277665647,0.01472371384029101
CodeBERT_partial_s2026,Isotonic,1,1399,0.10239641170969736,0.11365260900643316
CodeBERT_partial_s2026,Isotonic,2,809,0.18256500357277125,0.20642768850432633
CodeBERT_partial_s2026,Isotonic,3,747,0.24349101115281419,0.33065595716198126
CodeBERT_partial_s2026,Isotonic,4,349,0.29372351204577174,0.39828080229226359
CodeBERT_partial_s2026,Isotonic,5,52,0.36229343942609227,0.46153846153846156
CodeBERT_partial_s2026,Isotonic,7,370,0.49342955418286943,0.5
CodeBERT_partial_s2026,Isotonic,8,30,0.56991789218035471,0.66666666666666663
CodeBERT_partial_s2026,Isotonic,9,967,0.63541721629561043,0.70941054808686654
CodeBERT_partial_s2026,Isotonic,10,452,0.70849058640477147,0.77654867256637172
CodeBERT_partial_s2026,Isotonic,11,19,0.78168218237657217,0.73684210526315785
CodeBERT_partial_s2026,Isotonic,12,532,0.81973238505048829,0.81954887218045114
CodeBERT_partial_s2026,Isotonic,13,1462,0.90129382496915122,0.90492476060191518
CodeBERT_partial_s2026,Isotonic,14,11266,0.98647766083916866,0.9891709568613527
CodeBERT_partial_s2026,Per-format Platt,0,12086,0.0285417797900702,0.018285619725302002
CodeBERT_partial_s2026,Per-format Platt,1,1942,0.090485169021462572,0.18022657054582905
CodeBERT_partial_s2026,Per-format Platt,2,564,0.1647689731312578,0.36524822695035464
CodeBERT_partial_s2026,Per-format Platt,3,321,0.22759120318193882,0.41121495327102803
CodeBERT_partial_s2026,Per-format Platt,4,144,0.29652188485189146,0.47222222222222221
CodeBERT_partial_s2026,Per-format Platt,5,84,0.36176010439609468,0.5714285714285714
CodeBERT_partial_s2026,Per-format Platt,6,46,0.43599951621735206,0.5
CodeBERT_partial_s2026,Per-format Platt,7,51,0.49643032241524604,0.50980392156862742
CodeBERT_partial_s2026,Per-format Platt,8,49,0.56771745317299371,0.51020408163265307
CodeBERT_partial_s2026,Per-format Platt,9,115,0.64160827707078638,0.83478260869565213
CodeBERT_partial_s2026,Per-format Platt,10,119,0.70210385172745404,0.62184873949579833
CodeBERT_partial_s2026,Per-format Platt,11,255,0.77228858543834777,0.67843137254901964
CodeBERT_partial_s2026,Per-format Platt,12,626,0.83840060220336676,0.73642172523961658
CodeBERT_partial_s2026,Per-format Platt,13,1464,0.90542358172601456,0.82513661202185795
CodeBERT_partial_s2026,Per-format Platt,14,12134,0.97061047087678243,0.98516565023899783
CodeBERT_partial_s2027,Raw,0,14633,0.0046315535659796408,0.054602610537825461
CodeBERT_partial_s2027,Raw,1,267,0.095931152672596873,0.48314606741573035
CodeBERT_partial_s2027,Raw,2,88,0.15911259291246382,0.47727272727272729
CodeBERT_partial_s2027,Raw,3,38,0.22857660919299697,0.47368421052631576
CodeBERT_partial_s2027,Raw,4,23,0.30825309002281942,0.47826086956521741
CodeBERT_partial_s2027,Raw,5,14,0.35845678334596398,0.2857142857142857
CodeBERT_partial_s2027,Raw,6,16,0.44147926456605258,0.5
CodeBERT_partial_s2027,Raw,7,10,0.50718125170486406,0.29999999999999999
CodeBERT_partial_s2027,Raw,8,21,0.56528556799847718,0.33333333333333331
CodeBERT_partial_s2027,Raw,9,21,0.64434687423002923,0.61904761904761907
CodeBERT_partial_s2027,Raw,10,129,0.70857677731615398,0.75968992248062017
CodeBERT_partial_s2027,Raw,11,74,0.76467488701317732,0.7432432432432432
CodeBERT_partial_s2027,Raw,12,131,0.83587907239969694,0.67938931297709926
CodeBERT_partial_s2027,Raw,13,370,0.90978019931169973,0.67027027027027031
CodeBERT_partial_s2027,Raw,14,14165,0.99594847183634727,0.95594775855983061
CodeBERT_partial_s2027,Temperature,0,12590,0.037952574041576745,0.02255758538522637
CodeBERT_partial_s2027,Temperature,1,1407,0.092034850540861746,0.20540156361051884
CodeBERT_partial_s2027,Temperature,2,599,0.16157582768353121,0.35392320534223703
CodeBERT_partial_s2027,Temperature,3,270,0.22988133986431622,0.46296296296296297
CodeBERT_partial_s2027,Temperature,4,125,0.29139421634360957,0.496
CodeBERT_partial_s2027,Temperature,5,48,0.36090244255474185,0.45833333333333331
CodeBERT_partial_s2027,Temperature,6,30,0.42670280836465224,0.43333333333333335
CodeBERT_partial_s2027,Temperature,7,31,0.50209303707944763,0.32258064516129031
CodeBERT_partial_s2027,Temperature,8,44,0.57362780871471997,0.52272727272727271
CodeBERT_partial_s2027,Temperature,9,180,0.62471801285389505,0.76666666666666672
CodeBERT_partial_s2027,Temperature,10,166,0.70089711194898574,0.68072289156626509
CodeBERT_partial_s2027,Temperature,11,386,0.77293939397803268,0.68393782383419688
CodeBERT_partial_s2027,Temperature,12,675,0.83480763495226284,0.73333333333333328
CodeBERT_partial_s2027,Temperature,13,1070,0.90660666456245209,0.84392523364485983
CodeBERT_partial_s2027,Temperature,14,12379,0.97287041597860291,0.97843121415300105
CodeBERT_partial_s2027,Isotonic,0,10981,0.010276299664632041,0.01056370093798379
CodeBERT_partial_s2027,Isotonic,1,1376,0.075447484890133296,0.10101744186046512
CodeBERT_partial_s2027,Isotonic,2,1525,0.16088522725294424,0.18295081967213114
CodeBERT_partial_s2027,Isotonic,3,391,0.24523636117274436,0.26854219948849106
CodeBERT_partial_s2027,Isotonic,4,442,0.31241142470548783,0.45022624434389141
CodeBERT_partial_s2027,Isotonic,5,348,0.36207188457461448,0.47413793103448276
CodeBERT_partial_s2027,Isotonic,6,91,0.41323347078504713,0.46153846153846156
CodeBERT_partial_s2027,Isotonic,8,646,0.58178578388785784,0.70123839009287925
CodeBERT_partial_s2027,Isotonic,9,667,0.64218333164251173,0.72113943028485761
CodeBERT_partial_s2027,Isotonic,10,6,0.66758616979462415,0.5
CodeBERT_partial_s2027,Isotonic,11,632,0.7772387186610944,0.81803797468354433
CodeBERT_partial_s2027,Isotonic,12,797,0.83836133748970765,0.88456712672521953
CodeBERT_partial_s2027,Isotonic,13,1519,0.89386754796130485,0.91902567478604347
CodeBERT_partial_s2027,Isotonic,14,10579,0.98864393455545319,0.98922393420928256
CodeBERT_partial_s2027,Per-format Platt,0,12786,0.0325636792300898,0.025027373689973407
CodeBERT_partial_s2027,Per-format Platt,1,1352,0.091234922236222107,0.21301775147928995
CodeBERT_partial_s2027,Per-format Platt,2,559,0.16132319350008073,0.40250447227191416
CodeBERT_partial_s2027,Per-format Platt,3,228,0.2317011188055462,0.46491228070175439
CodeBERT_partial_s2027,Per-format Platt,4,97,0.29529778401657847,0.47422680412371132
CodeBERT_partial_s2027,Per-format Platt,5,34,0.36428171591307579,0.47058823529411764
CodeBERT_partial_s2027,Per-format Platt,6,31,0.431972304272218,0.38709677419354838
CodeBERT_partial_s2027,Per-format Platt,7,35,0.50675051994969,0.48571428571428571
CodeBERT_partial_s2027,Per-format Platt,8,150,0.58148896753061019,0.73333333333333328
CodeBERT_partial_s2027,Per-format Platt,9,138,0.63405526125484168,0.70289855072463769
CodeBERT_partial_s2027,Per-format Platt,10,207,0.70637185453088414,0.66666666666666663
CodeBERT_partial_s2027,Per-format Platt,11,495,0.76891913988960225,0.70303030303030301
CodeBERT_partial_s2027,Per-format Platt,12,654,0.83414390886234957,0.75382262996941896
CodeBERT_partial_s2027,Per-format Platt,13,1246,0.90820636576734182,0.8764044943820225
CodeBERT_partial_s2027,Per-format Platt,14,11988,0.96940345460034905,0.98073073073073069
CodeBERT_partial_s2028,Raw,0,14806,0.0033113070805193138,0.059097663109550183
CodeBERT_partial_s2028,Raw,1,196,0.091971155182856687,0.43367346938775508
CodeBERT_partial_s2028,Raw,2,62,0.16694318646967204,0.64516129032258063
CodeBERT_partial_s2028,Raw,3,52,0.22750841882193631,0.67307692307692313
CodeBERT_partial_s2028,Raw,4,36,0.29436323068734321,0.55555555555555558
CodeBERT_partial_s2028,Raw,5,44,0.36895637652160823,0.59090909090909094
CodeBERT_partial_s2028,Raw,6,37,0.43303171491231413,0.45945945945945948
CodeBERT_partial_s2028,Raw,7,58,0.50130371249230365,0.58620689655172409
CodeBERT_partial_s2028,Raw,8,34,0.56519573848291027,0.67647058823529416
CodeBERT_partial_s2028,Raw,9,79,0.6243889893512683,0.810126582278481
CodeBERT_partial_s2028,Raw,10,41,0.70508675610444294,0.6097560975609756
CodeBERT_partial_s2028,Raw,11,52,0.77191317524867498,0.57692307692307687
CodeBERT_partial_s2028,Raw,12,84,0.83793834281717594,0.6071428571428571
CodeBERT_partial_s2028,Raw,13,274,0.90610247301770985,0.66423357664233573
CodeBERT_partial_s2028,Raw,14,14145,0.99704832529179177,0.95850123718628488
CodeBERT_partial_s2028,Temperature,0,12580,0.031647018765958317,0.023767885532591414
CodeBERT_partial_s2028,Temperature,1,1595,0.092981840030377988,0.2225705329153605
CodeBERT_partial_s2028,Temperature,2,549,0.16212159103302101,0.35154826958105645
CodeBERT_partial_s2028,Temperature,3,230,0.22870310442556449,0.40434782608695652
CodeBERT_partial_s2028,Temperature,4,100,0.2949055725667995,0.54000000000000004
CodeBERT_partial_s2028,Temperature,5,85,0.36297862882832571,0.63529411764705879
CodeBERT_partial_s2028,Temperature,6,73,0.43625529833231697,0.56164383561643838
CodeBERT_partial_s2028,Temperature,7,96,0.49944794226534278,0.5625
CodeBERT_partial_s2028,Temperature,8,113,0.56208654688370174,0.74336283185840712
CodeBERT_partial_s2028,Temperature,9,84,0.63559403424728689,0.59523809523809523
CodeBERT_partial_s2028,Temperature,10,141,0.70562982578897759,0.62411347517730498
CodeBERT_partial_s2028,Temperature,11,313,0.76834857562514292,0.68690095846645371
CodeBERT_partial_s2028,Temperature,12,523,0.83595698442083699,0.73422562141491399
CodeBERT_partial_s2028,Temperature,13,1086,0.90551989792126431,0.83241252302025781
CodeBERT_partial_s2028,Temperature,14,12432,0.97404602004652419,0.98109716859716856
CodeBERT_partial_s2028,Isotonic,0,12151,0.015284977826687281,0.02040984281129125
CodeBERT_partial_s2028,Isotonic,1,875,0.11341287088639064,0.14171428571428571
CodeBERT_partial_s2028,Isotonic,2,754,0.15627114049184893,0.22679045092838196
CodeBERT_partial_s2028,Isotonic,3,624,0.21501924103697467,0.28846153846153844
CodeBERT_partial_s2028,Isotonic,4,210,0.26950419140623605,0.38095238095238093
CodeBERT_partial_s2028,Isotonic,5,280,0.36689756058193485,0.38571428571428573
CodeBERT_partial_s2028,Isotonic,6,289,0.43836317220046306,0.55363321799307963
CodeBERT_partial_s2028,Isotonic,7,24,0.5,0.625
CodeBERT_partial_s2028,Isotonic,8,43,0.54970467827686631,0.53488372093023251
CodeBERT_partial_s2028,Isotonic,9,1015,0.63478590781039623,0.68078817733990149
CodeBERT_partial_s2028,Isotonic,10,261,0.68059160336886282,0.76628352490421459
CodeBERT_partial_s2028,Isotonic,11,429,0.76743221743164602,0.78554778554778559
CodeBERT_partial_s2028,Isotonic,12,379,0.81953537021319778,0.85488126649076512
CodeBERT_partial_s2028,Isotonic,13,1335,0.89260738125278061,0.91760299625468167
CodeBERT_partial_s2028,Isotonic,14,11331,0.98477194077840646,0.98658547347983405
CodeBERT_partial_s2028,Per-format Platt,0,12544,0.029824564545071507,0.02423469387755102
CodeBERT_partial_s2028,Per-format Platt,1,1610,0.092548959909299164,0.21304347826086956
CodeBERT_partial_s2028,Per-format Platt,2,568,0.1616005965124275,0.33978873239436619
CodeBERT_partial_s2028,Per-format Platt,3,237,0.22850091859662924,0.40928270042194093
CodeBERT_partial_s2028,Per-format Platt,4,97,0.29704358878464199,0.58762886597938147
CodeBERT_partial_s2028,Per-format Platt,5,77,0.36466597667736317,0.63636363636363635
CodeBERT_partial_s2028,Per-format Platt,6,73,0.43189336645507304,0.53424657534246578
CodeBERT_partial_s2028,Per-format Platt,7,108,0.50172691276528647,0.56481481481481477
CodeBERT_partial_s2028,Per-format Platt,8,113,0.56628321259014702,0.78761061946902655
CodeBERT_partial_s2028,Per-format Platt,9,84,0.63442500293422888,0.5714285714285714
CodeBERT_partial_s2028,Per-format Platt,10,158,0.70364274622974554,0.60759493670886078
CodeBERT_partial_s2028,Per-format Platt,11,369,0.76965618063520191,0.72086720867208676
CodeBERT_partial_s2028,Per-format Platt,12,509,0.83756958683675353,0.72888015717092336
CodeBERT_partial_s2028,Per-format Platt,13,1101,0.90535012170146378,0.84559491371480477
CodeBERT_partial_s2028,Per-format Platt,14,12352,0.97311822150589533,0.98129857512953367
CodeBERT_unfrozen_s2026,Raw,0,14731,0.008165841382835928,0.06421831511777884
CodeBERT_unfrozen_s2026,Raw,1,295,0.094802432699892469,0.57288135593220335
CodeBERT_unfrozen_s2026,Raw,2,298,0.17040408090545311,0.56040268456375841
CodeBERT_unfrozen_s2026,Raw,3,300,0.22924965020743288,0.59333333333333338
CodeBERT_unfrozen_s2026,Raw,4,69,0.29031567021328086,0.69565217391304346
CodeBERT_unfrozen_s2026,Raw,5,30,0.3585925715007377,0.6333333333333333
CodeBERT_unfrozen_s2026,Raw,6,22,0.43348862174310737,0.81818181818181823
CodeBERT_unfrozen_s2026,Raw,7,22,0.49925792708133709,0.72727272727272729
CodeBERT_unfrozen_s2026,Raw,8,19,0.56687694122499577,0.73684210526315785
CodeBERT_unfrozen_s2026,Raw,9,52,0.64312683386020986,0.71153846153846156
CodeBERT_unfrozen_s2026,Raw,10,120,0.68633930308400026,0.78333333333333333
CodeBERT_unfrozen_s2026,Raw,11,91,0.77183891270635274,0.7142857142857143
CodeBERT_unfrozen_s2026,Raw,12,225,0.8383386768192248,0.76000000000000001
CodeBERT_unfrozen_s2026,Raw,13,598,0.9079438636025543,0.81270903010033446
CodeBERT_unfrozen_s2026,Raw,14,13128,0.99147254782260463,0.96259902498476535
CodeBERT_unfrozen_s2026,Temperature,0,12490,0.030254263854291509,0.021056845476381106
CodeBERT_unfrozen_s2026,Temperature,1,1712,0.09778526962418442,0.2739485981308411
CodeBERT_unfrozen_s2026,Temperature,2,689,0.15411476271362631,0.43831640058055155
CodeBERT_unfrozen_s2026,Temperature,3,238,0.2349737170629464,0.5672268907563025
CodeBERT_unfrozen_s2026,Temperature,4,434,0.30200616049720835,0.57373271889400923
CodeBERT_unfrozen_s2026,Temperature,5,134,0.35582749864080221,0.68656716417910446
CodeBERT_unfrozen_s2026,Temperature,6,41,0.42785532976775464,0.75609756097560976
CodeBERT_unfrozen_s2026,Temperature,7,35,0.49892660523603488,0.7142857142857143
CodeBERT_unfrozen_s2026,Temperature,8,55,0.57745257462766286,0.67272727272727273
CodeBERT_unfrozen_s2026,Temperature,9,150,0.62245963028089191,0.78666666666666663
CodeBERT_unfrozen_s2026,Temperature,10,175,0.70475164464359485,0.71999999999999997
CodeBERT_unfrozen_s2026,Temperature,11,374,0.7709297862084955,0.81818181818181823
CodeBERT_unfrozen_s2026,Temperature,12,1008,0.84068420630286333,0.81150793650793651
CodeBERT_unfrozen_s2026,Temperature,13,1331,0.89967241837725631,0.88129226145755069
CodeBERT_unfrozen_s2026,Temperature,14,11134,0.97088844080601577,0.98086940901742414
CodeBERT_unfrozen_s2026,Isotonic,0,10831,0.0087824373790454328,0.0095097405595051237
CodeBERT_unfrozen_s2026,Isotonic,1,1862,0.08402675755307247,0.1041890440386681
CodeBERT_unfrozen_s2026,Isotonic,2,742,0.15875534888942996,0.24393530997304583
CodeBERT_unfrozen_s2026,Isotonic,3,578,0.2388184257569341,0.32006920415224915
CodeBERT_unfrozen_s2026,Isotonic,4,923,0.28745443154164219,0.42795232936078009
CodeBERT_unfrozen_s2026,Isotonic,5,201,0.37452271282461441,0.56716417910447758
CodeBERT_unfrozen_s2026,Isotonic,6,299,0.4509495043466365,0.58193979933110362
CodeBERT_unfrozen_s2026,Isotonic,7,318,0.47574759630034413,0.65094339622641506
CodeBERT_unfrozen_s2026,Isotonic,8,820,0.57396985650418197,0.775609756097561
CodeBERT_unfrozen_s2026,Isotonic,9,164,0.64117602552054764,0.78048780487804881
CodeBERT_unfrozen_s2026,Isotonic,10,323,0.68231136379153334,0.804953560371517
CodeBERT_unfrozen_s2026,Isotonic,11,26,0.75537582175044937,0.76923076923076927
CodeBERT_unfrozen_s2026,Isotonic,12,1129,0.81113379404423014,0.85828166519043403
CodeBERT_unfrozen_s2026,Isotonic,13,2017,0.9053681100646902,0.91224590976698061
CodeBERT_unfrozen_s2026,Isotonic,14,9767,0.98781307527191653,0.98894235691614618
CodeBERT_unfrozen_s2026,Per-format Platt,0,12227,0.031254862475775226,0.01938333197022982
CodeBERT_unfrozen_s2026,Per-format Platt,1,1696,0.097986737090931086,0.23997641509433962
CodeBERT_unfrozen_s2026,Per-format Platt,2,884,0.16163924335653768,0.39819004524886875
CodeBERT_unfrozen_s2026,Per-format Platt,3,239,0.22901957656640776,0.57740585774058573
CodeBERT_unfrozen_s2026,Per-format Platt,4,283,0.30485901688594125,0.54416961130742048
CodeBERT_unfrozen_s2026,Per-format Platt,5,310,0.36296129028791879,0.56774193548387097
CodeBERT_unfrozen_s2026,Per-format Platt,6,87,0.42411387581244259,0.7931034482758621
CodeBERT_unfrozen_s2026,Per-format Platt,7,31,0.49343155900914587,0.70967741935483875
CodeBERT_unfrozen_s2026,Per-format Platt,8,35,0.56234190536785289,0.68571428571428572
CodeBERT_unfrozen_s2026,Per-format Platt,9,136,0.64653407363597803,0.72058823529411764
CodeBERT_unfrozen_s2026,Per-format Platt,10,156,0.69851064218301806,0.75641025641025639
CodeBERT_unfrozen_s2026,Per-format Platt,11,310,0.76967352069607153,0.77419354838709675
CodeBERT_unfrozen_s2026,Per-format Platt,12,850,0.83991736463348465,0.80823529411764705
CodeBERT_unfrozen_s2026,Per-format Platt,13,1473,0.89934524519269743,0.87236931432450782
CodeBERT_unfrozen_s2026,Per-format Platt,14,11283,0.97332477650900706,0.98005849508109544
CodeBERT_unfrozen_s2027,Raw,0,15405,0.0038148575308137723,0.087439143135345662
CodeBERT_unfrozen_s2027,Raw,1,97,0.094979980500454059,0.69072164948453607
CodeBERT_unfrozen_s2027,Raw,2,49,0.16812377303465356,0.75510204081632648
CodeBERT_unfrozen_s2027,Raw,3,29,0.23926363511210116,0.58620689655172409
CodeBERT_unfrozen_s2027,Raw,4,66,0.29900641868212957,0.53030303030303028
CodeBERT_unfrozen_s2027,Raw,5,22,0.35971190189974511,0.63636363636363635
CodeBERT_unfrozen_s2027,Raw,6,37,0.43826531806889413,0.6216216216216216
CodeBERT_unfrozen_s2027,Raw,7,78,0.49881006638598663,0.75641025641025639
CodeBERT_unfrozen_s2027,Raw,8,80,0.56932214834506623,0.76249999999999996
CodeBERT_unfrozen_s2027,Raw,9,51,0.63190183057746163,0.78431372549019607
CodeBERT_unfrozen_s2027,Raw,10,46,0.69801920177637111,0.82608695652173914
CodeBERT_unfrozen_s2027,Raw,11,60,0.76457638902078673,0.69999999999999996
CodeBERT_unfrozen_s2027,Raw,12,66,0.8378756723616706,0.72727272727272729
CodeBERT_unfrozen_s2027,Raw,13,242,0.90930818807885549,0.74380165289256195
CodeBERT_unfrozen_s2027,Raw,14,13672,0.99606750501134089,0.95501755412521938
CodeBERT_unfrozen_s2027,Temperature,0,13017,0.041874514648032254,0.02919259429976185
CodeBERT_unfrozen_s2027,Temperature,1,1813,0.091358174199174316,0.34473248758963043
CodeBERT_unfrozen_s2027,Temperature,2,528,0.15835474553958484,0.58901515151515149
CodeBERT_unfrozen_s2027,Temperature,3,124,0.22867973628714158,0.66935483870967738
CodeBERT_unfrozen_s2027,Temperature,4,62,0.299766796425742,0.74193548387096775
CodeBERT_unfrozen_s2027,Temperature,5,70,0.37253037492375907,0.58571428571428574
CodeBERT_unfrozen_s2027,Temperature,6,68,0.42528897930616744,0.54411764705882348
CodeBERT_unfrozen_s2027,Temperature,7,139,0.50265017388823852,0.74100719424460426
CodeBERT_unfrozen_s2027,Temperature,8,114,0.5613690605516829,0.80701754385964908
CodeBERT_unfrozen_s2027,Temperature,9,85,0.63082033228849799,0.72941176470588232
CodeBERT_unfrozen_s2027,Temperature,10,106,0.70254581800495775,0.76415094339622647
CodeBERT_unfrozen_s2027,Temperature,11,325,0.77358871095362647,0.75076923076923074
CodeBERT_unfrozen_s2027,Temperature,12,771,0.83604048227565153,0.78599221789883267
CodeBERT_unfrozen_s2027,Temperature,13,1009,0.90132119633412544,0.84935579781962334
CodeBERT_unfrozen_s2027,Temperature,14,11769,0.97366599825583289,0.97688843572096185
CodeBERT_unfrozen_s2027,Isotonic,0,12066,0.016786746242645648,0.018481684070943145
CodeBERT_unfrozen_s2027,Isotonic,1,421,0.10314796020245615,0.14014251781472684
CodeBERT_unfrozen_s2027,Isotonic,2,1205,0.14039355192278066,0.21161825726141079
CodeBERT_unfrozen_s2027,Isotonic,3,1038,0.22713103997321757,0.40269749518304432
CodeBERT_unfrozen_s2027,Isotonic,4,495,0.29397821881306196,0.56767676767676767
CodeBERT_unfrozen_s2027,Isotonic,5,125,0.35705535983414349,0.60799999999999998
CodeBERT_unfrozen_s2027,Isotonic,6,267,0.46560770173942068,0.6629213483146067
CodeBERT_unfrozen_s2027,Isotonic,7,144,0.49410686319901465,0.64583333333333337
CodeBERT_unfrozen_s2027,Isotonic,8,392,0.58466549732047379,0.75255102040816324
CodeBERT_unfrozen_s2027,Isotonic,10,1350,0.69025103003040789,0.78888888888888886
CodeBERT_unfrozen_s2027,Isotonic,11,8,0.77348429203136804,1
CodeBERT_unfrozen_s2027,Isotonic,12,911,0.81965694281889079,0.86827661909989018
CodeBERT_unfrozen_s2027,Isotonic,13,1616,0.91371087425699915,0.91460396039603964
CodeBERT_unfrozen_s2027,Isotonic,14,9962,0.9893206171722263,0.98835575185705682
CodeBERT_unfrozen_s2027,Per-format Platt,0,12861,0.03941370518846752,0.028147111422128918
CodeBERT_unfrozen_s2027,Per-format Platt,1,2014,0.091844611637309712,0.33316782522343596
CodeBERT_unfrozen_s2027,Per-format Platt,2,485,0.15899498649984245,0.58556701030927838
CodeBERT_unfrozen_s2027,Per-format Platt,3,126,0.22570296939418646,0.65079365079365081
CodeBERT_unfrozen_s2027,Per-format Platt,4,57,0.29311014567377824,0.82456140350877194
CodeBERT_unfrozen_s2027,Per-format Platt,5,53,0.36816604725613977,0.67924528301886788
CodeBERT_unfrozen_s2027,Per-format Platt,6,95,0.43270167410240318,0.51578947368421058
CodeBERT_unfrozen_s2027,Per-format Platt,7,122,0.49972584543471943,0.71311475409836067
CodeBERT_unfrozen_s2027,Per-format Platt,8,127,0.56490105846848881,0.80314960629921262
CodeBERT_unfrozen_s2027,Per-format Platt,9,95,0.63460826804520654,0.75789473684210529
CodeBERT_unfrozen_s2027,Per-format Platt,10,109,0.70414961457119318,0.7155963302752294
CodeBERT_unfrozen_s2027,Per-format Platt,11,396,0.77368107943910291,0.76262626262626265
CodeBERT_unfrozen_s2027,Per-format Platt,12,788,0.83562982830416666,0.79695431472081213
CodeBERT_unfrozen_s2027,Per-format Platt,13,983,0.90192307527700566,0.85656154628687686
CodeBERT_unfrozen_s2027,Per-format Platt,14,11689,0.97278725143610689,0.97724356232355203
CodeBERT_unfrozen_s2028,Raw,0,14741,0.0048111612268732593,0.062614476629808014
CodeBERT_unfrozen_s2028,Raw,1,301,0.094246285636590613,0.51162790697674421
CodeBERT_unfrozen_s2028,Raw,2,157,0.16483017764604749,0.5286624203821656
CodeBERT_unfrozen_s2028,Raw,3,85,0.22966618168484762,0.49411764705882355
CodeBERT_unfrozen_s2028,Raw,4,54,0.29970539868954477,0.48148148148148145
CodeBERT_unfrozen_s2028,Raw,5,67,0.36582423386903556,0.61194029850746268
CodeBERT_unfrozen_s2028,Raw,6,65,0.43219532810877304,0.66153846153846152
CodeBERT_unfrozen_s2028,Raw,7,46,0.49835509582293602,0.71739130434782605
CodeBERT_unfrozen_s2028,Raw,8,29,0.56986406905126663,0.48275862068965519
CodeBERT_unfrozen_s2028,Raw,9,88,0.62961853146889579,0.875
CodeBERT_unfrozen_s2028,Raw,10,40,0.69835229225736195,0.625
CodeBERT_unfrozen_s2028,Raw,11,69,0.76568427317822541,0.73913043478260865
CodeBERT_unfrozen_s2028,Raw,12,136,0.83997321907318856,0.70588235294117652
CodeBERT_unfrozen_s2028,Raw,13,467,0.90877007831951662,0.68950749464668093
CodeBERT_unfrozen_s2028,Raw,14,13655,0.99460997762655623,0.96191871109483706
CodeBERT_unfrozen_s2028,Temperature,0,13262,0.03443477985094269,0.033102096214748904
CodeBERT_unfrozen_s2028,Temperature,1,1091,0.09230578900172913,0.2923923006416132
CodeBERT_unfrozen_s2028,Temperature,2,462,0.16450361104436997,0.42424242424242425
CodeBERT_unfrozen_s2028,Temperature,3,240,0.23072518139262865,0.53333333333333333
CodeBERT_unfrozen_s2028,Temperature,4,182,0.29777503888262657,0.53846153846153844
CodeBERT_unfrozen_s2028,Temperature,5,93,0.36397261943050485,0.4731182795698925
CodeBERT_unfrozen_s2028,Temperature,6,114,0.43300252758761354,0.6228070175438597
CodeBERT_unfrozen_s2028,Temperature,7,81,0.49388142051608608,0.66666666666666663
CodeBERT_unfrozen_s2028,Temperature,8,112,0.56893248781785211,0.7946428571428571
CodeBERT_unfrozen_s2028,Temperature,9,86,0.63798093160718039,0.69767441860465118
CodeBERT_unfrozen_s2028,Temperature,10,127,0.70505806999694043,0.68503937007874016
CodeBERT_unfrozen_s2028,Temperature,11,371,0.77174862967980773,0.70350404312668469
CodeBERT_unfrozen_s2028,Temperature,12,755,0.83357604614072811,0.76688741721854303
CodeBERT_unfrozen_s2028,Temperature,13,1197,0.90607652730695853,0.8621553884711779
CodeBERT_unfrozen_s2028,Temperature,14,11827,0.97230552723097652,0.98148304726473323
CodeBERT_unfrozen_s2028,Isotonic,0,11308,0.012665275990029114,0.013618677042801557
CodeBERT_unfrozen_s2028,Isotonic,1,1742,0.080595259631391691,0.13662456946039037
CodeBERT_unfrozen_s2028,Isotonic,2,1297,0.16463553137492951,0.27987663839629917
CodeBERT_unfrozen_s2028,Isotonic,4,153,0.30751572246715164,0.40522875816993464
CodeBERT_unfrozen_s2028,Isotonic,5,329,0.35757406406965503,0.43161094224924013
CodeBERT_unfrozen_s2028,Isotonic,6,196,0.45281318655310143,0.54591836734693877
CodeBERT_unfrozen_s2028,Isotonic,7,273,0.47979293433838899,0.52747252747252749
CodeBERT_unfrozen_s2028,Isotonic,8,58,0.54848167619673882,0.48275862068965519
CodeBERT_unfrozen_s2028,Isotonic,9,905,0.62773969384676231,0.69944751381215464
CodeBERT_unfrozen_s2028,Isotonic,10,1,0.71142946623715853,1
CodeBERT_unfrozen_s2028,Isotonic,11,929,0.76752600393755011,0.77933261571582346
CodeBERT_unfrozen_s2028,Isotonic,12,657,0.81600513016496279,0.86453576864535764
CodeBERT_unfrozen_s2028,Isotonic,13,1235,0.89380108471468944,0.91983805668016194
CodeBERT_unfrozen_s2028,Isotonic,14,10917,0.9852583478728556,0.9860767610149308
CodeBERT_unfrozen_s2028,Per-format Platt,0,13065,0.035952559379576768,0.030692690394182931
CodeBERT_unfrozen_s2028,Per-format Platt,1,1197,0.092795836905612619,0.27067669172932329
CodeBERT_unfrozen_s2028,Per-format Platt,2,474,0.16403854159293307,0.4219409282700422
CodeBERT_unfrozen_s2028,Per-format Platt,3,282,0.23231416234687152,0.50709219858156029
CodeBERT_unfrozen_s2028,Per-format Platt,4,179,0.29924598332133762,0.51396648044692739
CodeBERT_unfrozen_s2028,Per-format Platt,5,111,0.36231070513073116,0.48648648648648651
CodeBERT_unfrozen_s2028,Per-format Platt,6,111,0.43672169244956011,0.60360360360360366
CodeBERT_unfrozen_s2028,Per-format Platt,7,96,0.49846570100790338,0.65625
CodeBERT_unfrozen_s2028,Per-format Platt,8,107,0.57499366250706452,0.76635514018691586
CodeBERT_unfrozen_s2028,Per-format Platt,9,80,0.63582135781271631,0.6875
CodeBERT_unfrozen_s2028,Per-format Platt,10,122,0.70374282349927453,0.68852459016393441
CodeBERT_unfrozen_s2028,Per-format Platt,11,301,0.77304595875711357,0.69767441860465118
CodeBERT_unfrozen_s2028,Per-format Platt,12,721,0.8363467413613036,0.72954230235783635
CodeBERT_unfrozen_s2028,Per-format Platt,13,1159,0.90551547295033563,0.86540120793787745
CodeBERT_unfrozen_s2028,Per-format Platt,14,11995,0.97381637193908899,0.98049187161317219
