model,file_type,label,class_total,plotted_count,omitted_below,omitted_above,per_format_cutoff,pooled_cutoff
CodeBERT_partial_s2026,Win32,0,5018,61,4957,0,7.4935584068298349,7.4581539630889901
CodeBERT_partial_s2026,Win32,1,4982,3624,1358,0,7.4935584068298349,7.4581539630889901
CodeBERT_partial_s2026,Win64,0,4953,60,4893,0,7.5527851581573495,7.4581539630889901
CodeBERT_partial_s2026,Win64,1,5047,4224,823,0,7.5527851581573495,7.4581539630889901
CodeBERT_partial_s2026,Dot_Net,0,4964,53,4911,0,7.2788925170898446,7.4581539630889901
CodeBERT_partial_s2026,Dot_Net,1,5036,3971,1065,0,7.2788925170898446,7.4581539630889901
CodeBERT_partial_s2027,Win32,0,5018,69,4949,0,7.2962186336517343,7.2843220233917245
CodeBERT_partial_s2027,Win32,1,4982,3714,1268,0,7.2962186336517343,7.2843220233917245
CodeBERT_partial_s2027,Win64,0,4953,84,4869,0,7.2843220233917245,7.2843220233917245
CodeBERT_partial_s2027,Win64,1,5047,3871,1176,0,7.2843220233917245,7.2843220233917245
CodeBERT_partial_s2027,Dot_Net,0,4964,69,4895,0,7.293001890182496,7.2843220233917245
CodeBERT_partial_s2027,Dot_Net,1,5036,4081,955,0,7.293001890182496,7.2843220233917245
CodeBERT_partial_s2028,Win32,0,5018,53,4965,0,8.0184521675109881,7.9819817543029794
CodeBERT_partial_s2028,Win32,1,4982,3660,1322,0,8.0184521675109881,7.9819817543029794
CodeBERT_partial_s2028,Win64,0,4953,75,4878,0,8.006629943847658,7.9819817543029794
CodeBERT_partial_s2028,Win64,1,5047,3993,1054,0,8.006629943847658,7.9819817543029794
CodeBERT_partial_s2028,Dot_Net,0,4964,64,4900,0,7.8370871543884286,7.9819817543029794
CodeBERT_partial_s2028,Dot_Net,1,5036,4085,951,0,7.8370871543884286,7.9819817543029794
CodeBERT_unfrozen_s2026,Win32,0,5018,58,4960,0,5.8479707241058358,5.8460748195648202
CodeBERT_unfrozen_s2026,Win32,1,4982,3644,1338,0,5.8479707241058358,5.8460748195648202
CodeBERT_unfrozen_s2026,Win64,0,4953,60,4893,0,5.8396403789520273,5.8460748195648202
CodeBERT_unfrozen_s2026,Win64,1,5047,3053,1994,0,5.8396403789520273,5.8460748195648202
CodeBERT_unfrozen_s2026,Dot_Net,0,4964,86,4878,0,5.8577096462249765,5.8460748195648202
CodeBERT_unfrozen_s2026,Dot_Net,1,5036,4138,898,0,5.8577096462249765,5.8460748195648202
CodeBERT_unfrozen_s2027,Win32,0,5018,74,4944,0,7.7275292873382577,7.7275176048278817
CodeBERT_unfrozen_s2027,Win32,1,4982,3714,1268,0,7.7275292873382577,7.7275176048278817
CodeBERT_unfrozen_s2027,Win64,0,4953,69,4884,0,7.7670428752899179,7.7275176048278817
CodeBERT_unfrozen_s2027,Win64,1,5047,3214,1833,0,7.7670428752899179,7.7275176048278817
CodeBERT_unfrozen_s2027,Dot_Net,0,4964,88,4876,0,7.6212420463562021,7.7275176048278817
CodeBERT_unfrozen_s2027,Dot_Net,1,5036,4224,812,0,7.6212420463562021,7.7275176048278817
CodeBERT_unfrozen_s2028,Win32,0,5018,54,4964,0,6.7882535457611093,6.7669565677642831
CodeBERT_unfrozen_s2028,Win32,1,4982,3636,1346,0,6.7882535457611093,6.7669565677642831
CodeBERT_unfrozen_s2028,Win64,0,4953,65,4888,0,6.778820514678956,6.7669565677642831
CodeBERT_unfrozen_s2028,Win64,1,5047,3680,1367,0,6.778820514678956,6.7669565677642831
CodeBERT_unfrozen_s2028,Dot_Net,0,4964,56,4908,0,6.5834567546844491,6.7669565677642831
CodeBERT_unfrozen_s2028,Dot_Net,1,5036,3824,1212,0,6.5834567546844491,6.7669565677642831
