variant,reference,metric,observed_difference,bootstrap_mean,percentile_lo,percentile_hi,estimand,replicates,interval_scope
partial,LightGBM,ROC_AUC,-0.012412980495596804,-0.012405637139927024,-0.013277728474382775,-0.011517406271295563,mean_of_per_seed_metrics_not_score_ensemble,1000,fixed_trained_seeds_and_format_class_counts
partial,LightGBM,AP,-0.012748679221806891,-0.012716357856683395,-0.013799041380053228,-0.011650864731949356,mean_of_per_seed_metrics_not_score_ensemble,1000,fixed_trained_seeds_and_format_class_counts
partial,LightGBM,Accuracy,-0.030822222222222195,-0.030824077777777781,-0.03303472222222225,-0.028388888888888904,mean_of_per_seed_metrics_not_score_ensemble,1000,fixed_trained_seeds_and_format_class_counts
partial,LightGBM,F1,-0.031059870139090728,-0.031061318180703242,-0.033352732422172987,-0.028649765648672713,mean_of_per_seed_metrics_not_score_ensemble,1000,fixed_trained_seeds_and_format_class_counts
partial,LightGBM,Brier,0.032684290277993071,0.032676172145774375,0.030557796312875543,0.034551079674619421,mean_of_per_seed_metrics_not_score_ensemble,1000,fixed_trained_seeds_and_format_class_counts
partial,LightGBM,LogLoss,0.16936117916165561,0.1693088937272062,0.15986615439862084,0.17868919643271422,mean_of_per_seed_metrics_not_score_ensemble,1000,fixed_trained_seeds_and_format_class_counts
partial,LightGBM,ECE,0.03762908944044005,0.037536268577105396,0.035093504034472062,0.039716195943120515,mean_of_per_seed_metrics_not_score_ensemble,1000,fixed_trained_seeds_and_format_class_counts
partial,LightGBM,oracle_pooled_TPR_0.001,-0.39601725854629943,-0.39458548512003538,-0.47975163181767899,-0.31745381126230782,mean_of_per_seed_metrics_not_score_ensemble,1000,fixed_trained_seeds_and_format_class_counts
partial,LightGBM,oracle_pooled_TPR_0.005,-0.24237194379909288,-0.23802071025555924,-0.26131983626507355,-0.21440258878194496,mean_of_per_seed_metrics_not_score_ensemble,1000,fixed_trained_seeds_and_format_class_counts
partial,LightGBM,oracle_pooled_TPR_0.01,-0.18347162296714237,-0.18334444075672088,-0.19916749640446962,-0.16618929085075784,mean_of_per_seed_metrics_not_score_ensemble,1000,fixed_trained_seeds_and_format_class_counts
partial,LightGBM,oracle_pooled_TPR_0.05,-0.060250027657926863,-0.06047850425932072,-0.067839915919902613,-0.053565659918132523,mean_of_per_seed_metrics_not_score_ensemble,1000,fixed_trained_seeds_and_format_class_counts
partial,LightGBM,oracle_per_format_TPR_0.001,-0.43878747649076216,-0.42057063834494968,-0.50061455913264741,-0.3362235866799424,mean_of_per_seed_metrics_not_score_ensemble,1000,fixed_trained_seeds_and_format_class_counts
partial,LightGBM,oracle_per_format_TPR_0.005,-0.25071357451045462,-0.24735596858059516,-0.2750652727071578,-0.2185346830401593,mean_of_per_seed_metrics_not_score_ensemble,1000,fixed_trained_seeds_and_format_class_counts
partial,LightGBM,oracle_per_format_TPR_0.01,-0.17997566102444962,-0.18149118265294834,-0.1994330125013829,-0.16530589666998563,mean_of_per_seed_metrics_not_score_ensemble,1000,fixed_trained_seeds_and_format_class_counts
partial,LightGBM,oracle_per_format_TPR_0.05,-0.059940258878194541,-0.060326031640668215,-0.066843677397942169,-0.05325699745547078,mean_of_per_seed_metrics_not_score_ensemble,1000,fixed_trained_seeds_and_format_class_counts
partial,LightGBM,fixed_pooled_TPR_0.001,-0.38313972784600064,-0.38335010510012169,-0.39075506140059746,-0.37605874543644202,mean_of_per_seed_metrics_not_score_ensemble,1000,fixed_trained_seeds_and_format_class_counts
partial,LightGBM,fixed_pooled_FPR_0.001,-0.00022318937618569365,-0.00023211695123312125,-0.00093739537997991292,0.00046869768998995635,mean_of_per_seed_metrics_not_score_ensemble,1000,fixed_trained_seeds_and_format_class_counts
partial,LightGBM,fixed_pooled_TPR_0.005,-0.25799314083416314,-0.25798528598296278,-0.26403363203894226,-0.25155437548401371,mean_of_per_seed_metrics_not_score_ensemble,1000,fixed_trained_seeds_and_format_class_counts
partial,LightGBM,fixed_pooled_FPR_0.005,-0.0011829036937841758,-0.0011688427630844771,-0.0024550831380426288,8.9833723914741674e-05,mean_of_per_seed_metrics_not_score_ensemble,1000,fixed_trained_seeds_and_format_class_counts
partial,LightGBM,fixed_pooled_TPR_0.01,-0.18707821661688251,-0.18702593207213186,-0.19272043367629155,-0.18180993472729287,mean_of_per_seed_metrics_not_score_ensemble,1000,fixed_trained_seeds_and_format_class_counts
partial,LightGBM,fixed_pooled_FPR_0.01,-0.0021426180113826576,-0.0021459435330878247,-0.0040626046200200874,-0.00022207342930476664,mean_of_per_seed_metrics_not_score_ensemble,1000,fixed_trained_seeds_and_format_class_counts
partial,LightGBM,fixed_pooled_TPR_0.05,-0.067750857395729613,-0.067704945237304998,-0.071402256886823917,-0.063945126673304542,mean_of_per_seed_metrics_not_score_ensemble,1000,fixed_trained_seeds_and_format_class_counts
partial,LightGBM,fixed_pooled_FPR_0.05,-0.004686976899899567,-0.0046415132239705391,-0.0079918535877692189,-0.0011354759513447167,mean_of_per_seed_metrics_not_score_ensemble,1000,fixed_trained_seeds_and_format_class_counts
partial,LightGBM,fixed_per_format_TPR_0.001,-0.38610465759486678,-0.38631797765239517,-0.39347328244274815,-0.37913430689235533,mean_of_per_seed_metrics_not_score_ensemble,1000,fixed_trained_seeds_and_format_class_counts
partial,LightGBM,fixed_per_format_FPR_0.001,-8.9275750474277328e-05,-0.00010201986385448045,-0.00080348175426849661,0.00058029237808280318,mean_of_per_seed_metrics_not_score_ensemble,1000,fixed_trained_seeds_and_format_class_counts
partial,LightGBM,fixed_per_format_TPR_0.005,-0.25434229450160417,-0.25432147361433788,-0.25994247151233546,-0.24816849208983302,mean_of_per_seed_metrics_not_score_ensemble,1000,fixed_trained_seeds_and_format_class_counts
partial,LightGBM,fixed_per_format_FPR_0.005,-0.00093739537997991271,-0.00094801919428635201,-0.0022324517352973997,0.00029070416248186496,mean_of_per_seed_metrics_not_score_ensemble,1000,fixed_trained_seeds_and_format_class_counts
partial,LightGBM,fixed_per_format_TPR_0.01,-0.18482132979311872,-0.18482511339749971,-0.19037504148689011,-0.17940037614780402,mean_of_per_seed_metrics_not_score_ensemble,1000,fixed_trained_seeds_and_format_class_counts
partial,LightGBM,fixed_per_format_FPR_0.01,-0.0014730498828255754,-0.0014830041290034594,-0.0032808838299296945,0.00022318937618569408,mean_of_per_seed_metrics_not_score_ensemble,1000,fixed_trained_seeds_and_format_class_counts
partial,LightGBM,fixed_per_format_TPR_0.05,-0.070184754950768924,-0.070147317181104119,-0.0737703285761699,-0.06642217059409232,mean_of_per_seed_metrics_not_score_ensemble,1000,fixed_trained_seeds_and_format_class_counts
partial,LightGBM,fixed_per_format_FPR_0.05,-0.0043745117732396019,-0.0043115500502176104,-0.0074790759959825915,-0.00069188706617564349,mean_of_per_seed_metrics_not_score_ensemble,1000,fixed_trained_seeds_and_format_class_counts
partial,TFIDF_full,ROC_AUC,-0.0052256321998344069,-0.0052424683293127074,-0.0061268361039221895,-0.0043694651414381948,mean_of_per_seed_metrics_not_score_ensemble,1000,fixed_trained_seeds_and_format_class_counts
partial,TFIDF_full,AP,-0.0055843950001192022,-0.0055846327692625746,-0.0066777902394493938,-0.004471977573714897,mean_of_per_seed_metrics_not_score_ensemble,1000,fixed_trained_seeds_and_format_class_counts
partial,TFIDF_full,Accuracy,-0.01058888888888887,-0.010625477777777779,-0.012944999999999981,-0.0083216666666666803,mean_of_per_seed_metrics_not_score_ensemble,1000,fixed_trained_seeds_and_format_class_counts
partial,TFIDF_full,F1,-0.010770207845389623,-0.010804946516865751,-0.013121728376241659,-0.008435815014125372,mean_of_per_seed_metrics_not_score_ensemble,1000,fixed_trained_seeds_and_format_class_counts
partial,TFIDF_full,Brier,0.018142725527659401,0.018169361273996251,0.016477617277950447,0.019944245751059842,mean_of_per_seed_metrics_not_score_ensemble,1000,fixed_trained_seeds_and_format_class_counts
partial,TFIDF_full,LogLoss,0.12659121913237487,0.12667357443169308,0.11852785445074167,0.13523527523042106,mean_of_per_seed_metrics_not_score_ensemble,1000,fixed_trained_seeds_and_format_class_counts
partial,TFIDF_full,ECE,0.040582220521569734,0.040239095704410983,0.038006433404090968,0.042428080894465682,mean_of_per_seed_metrics_not_score_ensemble,1000,fixed_trained_seeds_and_format_class_counts
partial,TFIDF_full,oracle_pooled_TPR_0.001,-0.14756057085960839,-0.13808365969686912,-0.23788416860272155,-0.015669321827635876,mean_of_per_seed_metrics_not_score_ensemble,1000,fixed_trained_seeds_and_format_class_counts
partial,TFIDF_full,oracle_pooled_TPR_0.005,-0.086381236862484778,-0.086076335877862592,-0.11152948334992814,-0.058623188405797069,mean_of_per_seed_metrics_not_score_ensemble,1000,fixed_trained_seeds_and_format_class_counts
partial,TFIDF_full,oracle_pooled_TPR_0.01,-0.063790242283438436,-0.06312034517092599,-0.084436331452594368,-0.040555371169377095,mean_of_per_seed_metrics_not_score_ensemble,1000,fixed_trained_seeds_and_format_class_counts
partial,TFIDF_full,oracle_pooled_TPR_0.05,-0.027126894567983229,-0.026984246044916473,-0.033964487222037855,-0.020531585352361995,mean_of_per_seed_metrics_not_score_ensemble,1000,fixed_trained_seeds_and_format_class_counts
partial,TFIDF_full,oracle_per_format_TPR_0.001,-0.18143599955747308,-0.18253406350259982,-0.26666777298373712,-0.0953844451819892,mean_of_per_seed_metrics_not_score_ensemble,1000,fixed_trained_seeds_and_format_class_counts
partial,TFIDF_full,oracle_per_format_TPR_0.005,-0.09565217391304337,-0.097792344285872329,-0.13433289080650515,-0.060486226352472555,mean_of_per_seed_metrics_not_score_ensemble,1000,fixed_trained_seeds_and_format_class_counts
partial,TFIDF_full,oracle_per_format_TPR_0.01,-0.068326142272375212,-0.071475384445181991,-0.090167053877641387,-0.052810598517535119,mean_of_per_seed_metrics_not_score_ensemble,1000,fixed_trained_seeds_and_format_class_counts
partial,TFIDF_full,oracle_per_format_TPR_0.05,-0.023697311649518826,-0.024516605819227783,-0.031442637459895909,-0.017302245823653101,mean_of_per_seed_metrics_not_score_ensemble,1000,fixed_trained_seeds_and_format_class_counts
partial,TFIDF_full,fixed_pooled_TPR_0.001,-0.1095917690009956,-0.10975017147914592,-0.11771324261533352,-0.10211251244606702,mean_of_per_seed_metrics_not_score_ensemble,1000,fixed_trained_seeds_and_format_class_counts
partial,TFIDF_full,fixed_pooled_FPR_0.001,0.00031246512665997097,0.00031766543912509768,-0.00033534203771900465,0.00098203325521705148,mean_of_per_seed_metrics_not_score_ensemble,1000,fixed_trained_seeds_and_format_class_counts
partial,TFIDF_full,fixed_pooled_TPR_0.005,-0.10100674853412994,-0.10103799092820002,-0.10767009624958512,-0.094499391525611223,mean_of_per_seed_metrics_not_score_ensemble,1000,fixed_trained_seeds_and_format_class_counts
partial,TFIDF_full,fixed_pooled_FPR_0.005,-0.00064724919093851144,-0.0006256890971989735,-0.0018976676710188596,0.00062493025331994152,mean_of_per_seed_metrics_not_score_ensemble,1000,fixed_trained_seeds_and_format_class_counts
partial,TFIDF_full,fixed_pooled_TPR_0.01,-0.075760592985949837,-0.075719194601172699,-0.08165007191060962,-0.070095696426595924,mean_of_per_seed_metrics_not_score_ensemble,1000,fixed_trained_seeds_and_format_class_counts
partial,TFIDF_full,fixed_pooled_FPR_0.01,-0.0012052226314027449,-0.0011683071085816317,-0.0029237808280325843,0.00060261131570137072,mean_of_per_seed_metrics_not_score_ensemble,1000,fixed_trained_seeds_and_format_class_counts
partial,TFIDF_full,fixed_pooled_TPR_0.05,-0.034893240402699366,-0.034849917026219715,-0.038455581369620462,-0.031308219935833513,mean_of_per_seed_metrics_not_score_ensemble,1000,fixed_trained_seeds_and_format_class_counts
partial,TFIDF_full,fixed_pooled_FPR_0.05,-0.0044191496484767348,-0.0043711416136591897,-0.0075443588885169121,-0.0012013168173195022,mean_of_per_seed_metrics_not_score_ensemble,1000,fixed_trained_seeds_and_format_class_counts
partial,TFIDF_full,fixed_per_format_TPR_0.001,-0.12377475384445191,-0.12394479477818342,-0.13158590552052221,-0.11693660803186194,mean_of_per_seed_metrics_not_score_ensemble,1000,fixed_trained_seeds_and_format_class_counts
partial,TFIDF_full,fixed_per_format_FPR_0.001,0.00031246512665997119,0.00031384890079232239,-0.00031246512665997097,0.00093739537997991314,mean_of_per_seed_metrics_not_score_ensemble,1000,fixed_trained_seeds_and_format_class_counts
partial,TFIDF_full,fixed_per_format_TPR_0.005,-0.089523177342626381,-0.089584666445403263,-0.096249585131098603,-0.083172364199579699,mean_of_per_seed_metrics_not_score_ensemble,1000,fixed_trained_seeds_and_format_class_counts
partial,TFIDF_full,fixed_per_format_FPR_0.005,0.00046869768998995722,0.00049436446825131127,-0.00069188706617564957,0.0016744782948331666,mean_of_per_seed_metrics_not_score_ensemble,1000,fixed_trained_seeds_and_format_class_counts
partial,TFIDF_full,fixed_per_format_TPR_0.01,-0.077486447615886744,-0.077486779511007853,-0.083285208540767819,-0.071777851532249137,mean_of_per_seed_metrics_not_score_ensemble,1000,fixed_trained_seeds_and_format_class_counts
partial,TFIDF_full,fixed_per_format_FPR_0.01,-0.0013391362571141593,-0.0012999442026559538,-0.0029466577390916183,0.00046869768998995635,mean_of_per_seed_metrics_not_score_ensemble,1000,fixed_trained_seeds_and_format_class_counts
partial,TFIDF_full,fixed_per_format_TPR_0.05,-0.03473835601283326,-0.034763712800088498,-0.03847881402810046,-0.031175461887376927,mean_of_per_seed_metrics_not_score_ensemble,1000,fixed_trained_seeds_and_format_class_counts
partial,TFIDF_full,fixed_per_format_FPR_0.05,-0.004843209463229553,-0.004745229327084031,-0.0078127441133802027,-0.0016722464010713086,mean_of_per_seed_metrics_not_score_ensemble,1000,fixed_trained_seeds_and_format_class_counts
partial,TFIDF_prefix,ROC_AUC,0.0039474178274385707,0.0039333165093137076,0.0029497440933426906,0.0049163230213249837,mean_of_per_seed_metrics_not_score_ensemble,1000,fixed_trained_seeds_and_format_class_counts
partial,TFIDF_prefix,AP,0.0042358751710963594,0.0042337634544599738,0.0029904103952912236,0.005521667833635324,mean_of_per_seed_metrics_not_score_ensemble,1000,fixed_trained_seeds_and_format_class_counts
partial,TFIDF_prefix,Accuracy,0.0093111111111111589,0.0093192222222222183,0.0068886111111110589,0.011778055555555444,mean_of_per_seed_metrics_not_score_ensemble,1000,fixed_trained_seeds_and_format_class_counts
partial,TFIDF_prefix,F1,0.0095991799012504764,0.0096084557209374765,0.0071416474691333807,0.012143976864302264,mean_of_per_seed_metrics_not_score_ensemble,1000,fixed_trained_seeds_and_format_class_counts
partial,TFIDF_prefix,Brier,0.0031097544397311744,0.0031082047925292556,0.0014945237228566283,0.0047907061576521141,mean_of_per_seed_metrics_not_score_ensemble,1000,fixed_trained_seeds_and_format_class_counts
partial,TFIDF_prefix,LogLoss,0.075413290120292548,0.07542654675191901,0.067897526380414949,0.083319117919123081,mean_of_per_seed_metrics_not_score_ensemble,1000,fixed_trained_seeds_and_format_class_counts
partial,TFIDF_prefix,ECE,0.030933808814936008,0.031000095740963508,0.028402594233571551,0.033696910386501321,mean_of_per_seed_metrics_not_score_ensemble,1000,fixed_trained_seeds_and_format_class_counts
partial,TFIDF_prefix,oracle_pooled_TPR_0.001,0.069100564221705907,0.060409270937050563,-0.03208540767784044,0.15000387210974656,mean_of_per_seed_metrics_not_score_ensemble,1000,fixed_trained_seeds_and_format_class_counts
partial,TFIDF_prefix,oracle_pooled_TPR_0.005,0.074455138842792312,0.078899435778294058,0.04360880628388094,0.13174078991038823,mean_of_per_seed_metrics_not_score_ensemble,1000,fixed_trained_seeds_and_format_class_counts
partial,TFIDF_prefix,oracle_pooled_TPR_0.01,0.067972120809824177,0.066508529704613337,0.039883836707600324,0.092712136298262984,mean_of_per_seed_metrics_not_score_ensemble,1000,fixed_trained_seeds_and_format_class_counts
partial,TFIDF_prefix,oracle_pooled_TPR_0.05,0.020400486779510896,0.020832547848213298,0.013694545856842599,0.028014160858502092,mean_of_per_seed_metrics_not_score_ensemble,1000,fixed_trained_seeds_and_format_class_counts
partial,TFIDF_prefix,oracle_per_format_TPR_0.001,0.036751853081093078,0.044017015156543861,-0.041052107534019222,0.13434008186746321,mean_of_per_seed_metrics_not_score_ensemble,1000,fixed_trained_seeds_and_format_class_counts
partial,TFIDF_prefix,oracle_per_format_TPR_0.005,0.073879853966146825,0.074383029096138961,0.028231552162849893,0.1234246044916473,mean_of_per_seed_metrics_not_score_ensemble,1000,fixed_trained_seeds_and_format_class_counts
partial,TFIDF_prefix,oracle_per_format_TPR_0.01,0.061179333997123608,0.061088306228565113,0.035548733266954402,0.086054320168160267,mean_of_per_seed_metrics_not_score_ensemble,1000,fixed_trained_seeds_and_format_class_counts
partial,TFIDF_prefix,oracle_per_format_TPR_0.05,0.019648191171589779,0.019968492089832954,0.012345945347936727,0.028146365748423333,mean_of_per_seed_metrics_not_score_ensemble,1000,fixed_trained_seeds_and_format_class_counts
partial,TFIDF_prefix,fixed_pooled_TPR_0.001,0.053501493528045174,0.053290386104657597,0.046597521849762194,0.060139395950879582,mean_of_per_seed_metrics_not_score_ensemble,1000,fixed_trained_seeds_and_format_class_counts
partial,TFIDF_prefix,fixed_pooled_FPR_0.001,-8.9275750474277545e-05,-9.4520700814641192e-05,-0.00080348175426849682,0.00055797344046423412,mean_of_per_seed_metrics_not_score_ensemble,1000,fixed_trained_seeds_and_format_class_counts
partial,TFIDF_prefix,fixed_pooled_TPR_0.005,0.061820997897997554,0.061849430246708699,0.055578603827856995,0.068547958845005016,mean_of_per_seed_metrics_not_score_ensemble,1000,fixed_trained_seeds_and_format_class_counts
partial,TFIDF_prefix,fixed_pooled_FPR_0.005,-0.00017855150094855509,-0.00016837406539448727,-0.0015176877580627161,0.0010936279433098987,mean_of_per_seed_metrics_not_score_ensemble,1000,fixed_trained_seeds_and_format_class_counts
partial,TFIDF_prefix,fixed_pooled_TPR_0.01,0.059387100342958243,0.059387277353689566,0.053367629162518061,0.065229007633587882,mean_of_per_seed_metrics_not_score_ensemble,1000,fixed_trained_seeds_and_format_class_counts
partial,TFIDF_prefix,fixed_pooled_FPR_0.01,-0.0004017408771342483,-0.00036723579957594033,-0.0021202990737640877,0.001339136257114161,mean_of_per_seed_metrics_not_score_ensemble,1000,fixed_trained_seeds_and_format_class_counts
partial,TFIDF_prefix,fixed_pooled_TPR_0.05,0.02305564774864477,0.023123000331895124,0.018918021905077964,0.027282885274919805,mean_of_per_seed_metrics_not_score_ensemble,1000,fixed_trained_seeds_and_format_class_counts
partial,TFIDF_prefix,fixed_pooled_FPR_0.05,0.00093739537997991618,0.00096478071643789766,-0.0018747907599598187,0.0037495815199196439,mean_of_per_seed_metrics_not_score_ensemble,1000,fixed_trained_seeds_and_format_class_counts
partial,TFIDF_prefix,fixed_per_format_TPR_0.001,0.055979643765903253,0.055837681159420283,0.049385440867352547,0.062330456908950095,mean_of_per_seed_metrics_not_score_ensemble,1000,fixed_trained_seeds_and_format_class_counts
partial,TFIDF_prefix,fixed_per_format_FPR_0.001,-0.00015623256332998538,-0.00016690101551166157,-0.00089331547818323833,0.00051389353866755909,mean_of_per_seed_metrics_not_score_ensemble,1000,fixed_trained_seeds_and_format_class_counts
partial,TFIDF_prefix,fixed_per_format_TPR_0.005,0.053988273039052959,0.054037836043810163,0.047239185750636091,0.060980750082973802,mean_of_per_seed_metrics_not_score_ensemble,1000,fixed_trained_seeds_and_format_class_counts
partial,TFIDF_prefix,fixed_per_format_FPR_0.005,-0.00073652494141278856,-0.00073623479522374753,-0.0020762191719674145,0.00051445151210802273,mean_of_per_seed_metrics_not_score_ensemble,1000,fixed_trained_seeds_and_format_class_counts
partial,TFIDF_prefix,fixed_per_format_TPR_0.01,0.051886270605155382,0.051917999778736595,0.04586735258325033,0.05775030423719444,mean_of_per_seed_metrics_not_score_ensemble,1000,fixed_trained_seeds_and_format_class_counts
partial,TFIDF_prefix,fixed_per_format_FPR_0.01,-6.6956812855706316e-05,-4.624483874567571e-05,-0.0017408771342484093,0.0016750362682736305,mean_of_per_seed_metrics_not_score_ensemble,1000,fixed_trained_seeds_and_format_class_counts
partial,TFIDF_prefix,fixed_per_format_TPR_0.05,0.018431242394070124,0.01845719659254343,0.014690784378802928,0.022414537006306055,mean_of_per_seed_metrics_not_score_ensemble,1000,fixed_trained_seeds_and_format_class_counts
partial,TFIDF_prefix,fixed_per_format_FPR_0.05,-0.0005579734404642378,-0.00051583528624037501,-0.0033260796786072971,0.002343488449949777,mean_of_per_seed_metrics_not_score_ensemble,1000,fixed_trained_seeds_and_format_class_counts
partial,TFIDF_bpe_prefix,ROC_AUC,0.0067358501880014909,0.0067305651954279282,0.0056899430667086137,0.0077630137536286751,mean_of_per_seed_metrics_not_score_ensemble,1000,fixed_trained_seeds_and_format_class_counts
partial,TFIDF_bpe_prefix,AP,0.0069713403103307536,0.0069758780669004474,0.0057109383084987669,0.0082294687558787053,mean_of_per_seed_metrics_not_score_ensemble,1000,fixed_trained_seeds_and_format_class_counts
partial,TFIDF_bpe_prefix,Accuracy,0.014444444444444482,0.014484255555555551,0.012077499999999967,0.017011944444444423,mean_of_per_seed_metrics_not_score_ensemble,1000,fixed_trained_seeds_and_format_class_counts
partial,TFIDF_bpe_prefix,F1,0.01474963961282949,0.014791283987141262,0.012362888322028757,0.017417914495321346,mean_of_per_seed_metrics_not_score_ensemble,1000,fixed_trained_seeds_and_format_class_counts
partial,TFIDF_bpe_prefix,Brier,-0.00082148862944870366,-0.00083135572839878658,-0.0025413200271925535,0.00076623693147767472,mean_of_per_seed_metrics_not_score_ensemble,1000,fixed_trained_seeds_and_format_class_counts
partial,TFIDF_bpe_prefix,LogLoss,0.066763574076581039,0.066715968357967545,0.058531167887570221,0.074849267168958122,mean_of_per_seed_metrics_not_score_ensemble,1000,fixed_trained_seeds_and_format_class_counts
partial,TFIDF_bpe_prefix,ECE,0.035581365035991311,0.035172719904560085,0.031975191842210406,0.038451494587392866,mean_of_per_seed_metrics_not_score_ensemble,1000,fixed_trained_seeds_and_format_class_counts
partial,TFIDF_bpe_prefix,oracle_pooled_TPR_0.001,0.03040159309658147,0.036628719991149465,-0.054388206660028748,0.13083471622967141,mean_of_per_seed_metrics_not_score_ensemble,1000,fixed_trained_seeds_and_format_class_counts
partial,TFIDF_bpe_prefix,oracle_pooled_TPR_0.005,0.11680495630047572,0.12172227016262861,0.093104325699745472,0.1567474278128112,mean_of_per_seed_metrics_not_score_ensemble,1000,fixed_trained_seeds_and_format_class_counts
partial,TFIDF_bpe_prefix,oracle_pooled_TPR_0.01,0.10813143046797213,0.10895167607036177,0.079956300475716446,0.14123962827746431,mean_of_per_seed_metrics_not_score_ensemble,1000,fixed_trained_seeds_and_format_class_counts
partial,TFIDF_bpe_prefix,oracle_pooled_TPR_0.05,0.039849540878415635,0.039629096138953421,0.03203672972673962,0.048082199358336131,mean_of_per_seed_metrics_not_score_ensemble,1000,fixed_trained_seeds_and_format_class_counts
partial,TFIDF_bpe_prefix,oracle_per_format_TPR_0.001,0.057594866688793045,0.04344369952428366,-0.045537670096249594,0.13723254784821329,mean_of_per_seed_metrics_not_score_ensemble,1000,fixed_trained_seeds_and_format_class_counts
partial,TFIDF_bpe_prefix,oracle_per_format_TPR_0.005,0.077663458347162373,0.083080141608585026,0.047182210421506804,0.12328908065051432,mean_of_per_seed_metrics_not_score_ensemble,1000,fixed_trained_seeds_and_format_class_counts
partial,TFIDF_bpe_prefix,oracle_per_format_TPR_0.01,0.08494302467087067,0.083279809713463895,0.060080761146144614,0.10775860161522288,mean_of_per_seed_metrics_not_score_ensemble,1000,fixed_trained_seeds_and_format_class_counts
partial,TFIDF_bpe_prefix,oracle_per_format_TPR_0.05,0.036906737470959183,0.036502378581701522,0.028431242394070168,0.045560349596194184,mean_of_per_seed_metrics_not_score_ensemble,1000,fixed_trained_seeds_and_format_class_counts
partial,TFIDF_bpe_prefix,fixed_pooled_TPR_0.001,0.13308994357782944,0.13310313087730941,0.12660139395950884,0.13952870892797881,mean_of_per_seed_metrics_not_score_ensemble,1000,fixed_trained_seeds_and_format_class_counts
partial,TFIDF_bpe_prefix,fixed_pooled_FPR_0.001,0.00058029237808280318,0.0005793326637652048,2.1141942363467367e-19,0.0011159468809284678,mean_of_per_seed_metrics_not_score_ensemble,1000,fixed_trained_seeds_and_format_class_counts
partial,TFIDF_bpe_prefix,fixed_pooled_TPR_0.005,0.1380241177121363,0.13801066489655936,0.13094258214404256,0.14497289523177345,mean_of_per_seed_metrics_not_score_ensemble,1000,fixed_trained_seeds_and_format_class_counts
partial,TFIDF_bpe_prefix,fixed_pooled_FPR_0.005,0.00082580069188706653,0.00081642673808726717,-0.00026838522486329725,0.0019194286351969644,mean_of_per_seed_metrics_not_score_ensemble,1000,fixed_trained_seeds_and_format_class_counts
partial,TFIDF_bpe_prefix,fixed_pooled_TPR_0.01,0.10810930412656261,0.10806560460227903,0.10178061732492524,0.11417192167275136,mean_of_per_seed_metrics_not_score_ensemble,1000,fixed_trained_seeds_and_format_class_counts
partial,TFIDF_bpe_prefix,fixed_pooled_FPR_0.01,0,3.5710300189710445e-06,-0.0016516013837741313,0.0016298404195960285,mean_of_per_seed_metrics_not_score_ensemble,1000,fixed_trained_seeds_and_format_class_counts
partial,TFIDF_bpe_prefix,fixed_pooled_TPR_0.05,0.046022790131651781,0.046132094258214407,0.041882398495408799,0.050824206217501944,mean_of_per_seed_metrics_not_score_ensemble,1000,fixed_trained_seeds_and_format_class_counts
partial,TFIDF_bpe_prefix,fixed_pooled_FPR_0.05,0.0018747907599598254,0.0018555071978573823,-0.0011382658185470284,0.0047544916861957439,mean_of_per_seed_metrics_not_score_ensemble,1000,fixed_trained_seeds_and_format_class_counts
partial,TFIDF_bpe_prefix,fixed_per_format_TPR_0.001,0.11645093483792451,0.11643993804624406,0.11029981192609806,0.1226695430910499,mean_of_per_seed_metrics_not_score_ensemble,1000,fixed_trained_seeds_and_format_class_counts
partial,TFIDF_bpe_prefix,fixed_per_format_FPR_0.001,0.00058029237808280339,0.00057665439125097662,-2.2318937618569278e-05,0.0011165048543689317,mean_of_per_seed_metrics_not_score_ensemble,1000,fixed_trained_seeds_and_format_class_counts
partial,TFIDF_bpe_prefix,fixed_per_format_TPR_0.005,0.11943799092819996,0.11945177563889811,0.11277630268835037,0.12638732160637245,mean_of_per_seed_metrics_not_score_ensemble,1000,fixed_trained_seeds_and_format_class_counts
partial,TFIDF_bpe_prefix,fixed_per_format_FPR_0.005,0.00073652494141278942,0.00072114719339359454,-0.00042461778819328328,0.0018524718223412555,mean_of_per_seed_metrics_not_score_ensemble,1000,fixed_trained_seeds_and_format_class_counts
partial,TFIDF_bpe_prefix,fixed_per_format_TPR_0.01,0.11381790021020022,0.11383031308773096,0.10748810709149237,0.12067983183980531,mean_of_per_seed_metrics_not_score_ensemble,1000,fixed_trained_seeds_and_format_class_counts
partial,TFIDF_bpe_prefix,fixed_per_format_FPR_0.01,0.0024104452628054933,0.0023893761856935616,0.00078060484320946249,0.0038834951456310687,mean_of_per_seed_metrics_not_score_ensemble,1000,fixed_trained_seeds_and_format_class_counts
partial,TFIDF_bpe_prefix,fixed_per_format_TPR_0.05,0.039539772098683534,0.039581657262971574,0.035224582365305859,0.044054098904746132,mean_of_per_seed_metrics_not_score_ensemble,1000,fixed_trained_seeds_and_format_class_counts
partial,TFIDF_bpe_prefix,fixed_per_format_FPR_0.05,0.0020533422609083779,0.0020541011047874123,-0.00093739537997990945,0.0049559200982033196,mean_of_per_seed_metrics_not_score_ensemble,1000,fixed_trained_seeds_and_format_class_counts
unfrozen,LightGBM,ROC_AUC,-0.015375391678651207,-0.015364914149313822,-0.016378248713781299,-0.014390638076055635,mean_of_per_seed_metrics_not_score_ensemble,1000,fixed_trained_seeds_and_format_class_counts
unfrozen,LightGBM,AP,-0.015825449487037013,-0.015790834461047797,-0.016922433239194092,-0.014682729314387476,mean_of_per_seed_metrics_not_score_ensemble,1000,fixed_trained_seeds_and_format_class_counts
unfrozen,LightGBM,Accuracy,-0.043044444444444441,-0.043091211111111118,-0.045222222222222275,-0.040665833333333408,mean_of_per_seed_metrics_not_score_ensemble,1000,fixed_trained_seeds_and_format_class_counts
unfrozen,LightGBM,F1,-0.044581827821814413,-0.044632556334602322,-0.046839865905234937,-0.042158203457385635,mean_of_per_seed_metrics_not_score_ensemble,1000,fixed_trained_seeds_and_format_class_counts
unfrozen,LightGBM,Brier,0.042270200480404738,0.042288956230471207,0.040184232807574251,0.044152632908667971,mean_of_per_seed_metrics_not_score_ensemble,1000,fixed_trained_seeds_and_format_class_counts
unfrozen,LightGBM,LogLoss,0.19490715527880548,0.19491248557550409,0.18559362165545359,0.20379528713779724,mean_of_per_seed_metrics_not_score_ensemble,1000,fixed_trained_seeds_and_format_class_counts
unfrozen,LightGBM,ECE,0.045736801197720015,0.04558041157681729,0.043103162665977565,0.047852893418513065,mean_of_per_seed_metrics_not_score_ensemble,1000,fixed_trained_seeds_and_format_class_counts
unfrozen,LightGBM,oracle_pooled_TPR_0.001,-0.39718995464100015,-0.389768226573736,-0.46123741564332338,-0.32752240292067708,mean_of_per_seed_metrics_not_score_ensemble,1000,fixed_trained_seeds_and_format_class_counts
unfrozen,LightGBM,oracle_pooled_TPR_0.005,-0.2995906626839252,-0.29479495519415866,-0.32079101670538768,-0.26701958181214741,mean_of_per_seed_metrics_not_score_ensemble,1000,fixed_trained_seeds_and_format_class_counts
unfrozen,LightGBM,oracle_pooled_TPR_0.01,-0.23316738577276241,-0.23281697090386103,-0.24985451930523286,-0.21472342073238188,mean_of_per_seed_metrics_not_score_ensemble,1000,fixed_trained_seeds_and_format_class_counts
unfrozen,LightGBM,oracle_pooled_TPR_0.05,-0.079853966146697708,-0.081065582475937606,-0.090191392853191846,-0.072813917468746617,mean_of_per_seed_metrics_not_score_ensemble,1000,fixed_trained_seeds_and_format_class_counts
unfrozen,LightGBM,oracle_per_format_TPR_0.001,-0.39661466976435439,-0.39254229450160416,-0.4585606814913154,-0.3304486115720765,mean_of_per_seed_metrics_not_score_ensemble,1000,fixed_trained_seeds_and_format_class_counts
unfrozen,LightGBM,oracle_per_format_TPR_0.005,-0.30490098462219273,-0.3029849540878416,-0.33168547405686466,-0.27546188737692218,mean_of_per_seed_metrics_not_score_ensemble,1000,fixed_trained_seeds_and_format_class_counts
unfrozen,LightGBM,oracle_per_format_TPR_0.01,-0.22883062285651068,-0.22994908728841684,-0.25124571302135196,-0.21190175904414207,mean_of_per_seed_metrics_not_score_ensemble,1000,fixed_trained_seeds_and_format_class_counts
unfrozen,LightGBM,oracle_per_format_TPR_0.05,-0.077088173470516552,-0.077709857285097911,-0.085186414426374535,-0.070184201792233683,mean_of_per_seed_metrics_not_score_ensemble,1000,fixed_trained_seeds_and_format_class_counts
unfrozen,LightGBM,fixed_pooled_TPR_0.001,-0.37811704834605597,-0.37834654275915475,-0.38550779953534686,-0.37129992255780503,mean_of_per_seed_metrics_not_score_ensemble,1000,fixed_trained_seeds_and_format_class_counts
unfrozen,LightGBM,fixed_pooled_FPR_0.001,-0.00020087043856712437,-0.00020941859167503623,-0.00087043856712420487,0.0004692556634304201,mean_of_per_seed_metrics_not_score_ensemble,1000,fixed_trained_seeds_and_format_class_counts
unfrozen,LightGBM,fixed_pooled_TPR_0.005,-0.29664785927646875,-0.29668140281004535,-0.30286591437105875,-0.28963214957406791,mean_of_per_seed_metrics_not_score_ensemble,1000,fixed_trained_seeds_and_format_class_counts
unfrozen,LightGBM,fixed_pooled_FPR_0.005,-0.00062493025331994152,-0.00062647026001562325,-0.0019417475728155326,0.00067012610199754512,mean_of_per_seed_metrics_not_score_ensemble,1000,fixed_trained_seeds_and_format_class_counts
unfrozen,LightGBM,fixed_pooled_TPR_0.01,-0.2369731164951876,-0.23693289080650515,-0.24277132426153344,-0.23035623409669218,mean_of_per_seed_metrics_not_score_ensemble,1000,fixed_trained_seeds_and_format_class_counts
unfrozen,LightGBM,fixed_pooled_FPR_0.01,-0.0020756611985269496,-0.0021026894319830375,-0.0039510099319272412,-0.000355987055016181,mean_of_per_seed_metrics_not_score_ensemble,1000,fixed_trained_seeds_and_format_class_counts
unfrozen,LightGBM,fixed_pooled_TPR_0.05,-0.092067706604712973,-0.092104723973890926,-0.095851864144263652,-0.087972673968359297,mean_of_per_seed_metrics_not_score_ensemble,1000,fixed_trained_seeds_and_format_class_counts
unfrozen,LightGBM,fixed_pooled_FPR_0.05,-0.0049101662760852663,-0.0048592344604396834,-0.0082362459546925625,-0.0014936949001227492,mean_of_per_seed_metrics_not_score_ensemble,1000,fixed_trained_seeds_and_format_class_counts
unfrozen,LightGBM,fixed_per_format_TPR_0.001,-0.37424493859940267,-0.37446863591105212,-0.38137128000885051,-0.3672059962385219,mean_of_per_seed_metrics_not_score_ensemble,1000,fixed_trained_seeds_and_format_class_counts
unfrozen,LightGBM,fixed_per_format_FPR_0.001,0.00020087043856712437,0.00018598370717553856,-0.00049101662760852563,0.0008481196295056356,mean_of_per_seed_metrics_not_score_ensemble,1000,fixed_trained_seeds_and_format_class_counts
unfrozen,LightGBM,fixed_per_format_TPR_0.005,-0.29204558026330341,-0.29206578161301033,-0.29839584024781496,-0.28529372718221047,mean_of_per_seed_metrics_not_score_ensemble,1000,fixed_trained_seeds_and_format_class_counts
unfrozen,LightGBM,fixed_per_format_FPR_0.005,-0.00035710300189710931,-0.00037549380649481084,-0.0016521593572145965,0.00095971431759848177,mean_of_per_seed_metrics_not_score_ensemble,1000,fixed_trained_seeds_and_format_class_counts
unfrozen,LightGBM,fixed_per_format_TPR_0.01,-0.23810155990706938,-0.23813519194601174,-0.2439434671976988,-0.23168436773979426,mean_of_per_seed_metrics_not_score_ensemble,1000,fixed_trained_seeds_and_format_class_counts
unfrozen,LightGBM,fixed_per_format_FPR_0.01,-0.0017855150094855492,-0.0018246401071309009,-0.0035263921437339567,-8.8159803593348854e-05,mean_of_per_seed_metrics_not_score_ensemble,1000,fixed_trained_seeds_and_format_class_counts
unfrozen,LightGBM,fixed_per_format_TPR_0.05,-0.086845890032083317,-0.086839849540878436,-0.090607368071689232,-0.082994800309768843,mean_of_per_seed_metrics_not_score_ensemble,1000,fixed_trained_seeds_and_format_class_counts
unfrozen,LightGBM,fixed_per_format_FPR_0.05,-0.0043521928356210215,-0.0043099654056466914,-0.0076330766655507143,-0.00095915634415801206,mean_of_per_seed_metrics_not_score_ensemble,1000,fixed_trained_seeds_and_format_class_counts
unfrozen,TFIDF_full,ROC_AUC,-0.00818804338288881,-0.0082017453386995058,-0.0090886784985184047,-0.0072482207906646333,mean_of_per_seed_metrics_not_score_ensemble,1000,fixed_trained_seeds_and_format_class_counts
unfrozen,TFIDF_full,AP,-0.0086611652653493243,-0.0086591093736269747,-0.0096454479902077228,-0.0076123664213425257,mean_of_per_seed_metrics_not_score_ensemble,1000,fixed_trained_seeds_and_format_class_counts
unfrozen,TFIDF_full,Accuracy,-0.022811111111111115,-0.022892611111111114,-0.025311666666666725,-0.020487777777777782,mean_of_per_seed_metrics_not_score_ensemble,1000,fixed_trained_seeds_and_format_class_counts
unfrozen,TFIDF_full,F1,-0.024292165528113308,-0.024376184670764828,-0.026870957194183826,-0.021949581550679186,mean_of_per_seed_metrics_not_score_ensemble,1000,fixed_trained_seeds_and_format_class_counts
unfrozen,TFIDF_full,Brier,0.027728635730071068,0.027782145358693087,0.025936429498253501,0.029509404419822294,mean_of_per_seed_metrics_not_score_ensemble,1000,fixed_trained_seeds_and_format_class_counts
unfrozen,TFIDF_full,LogLoss,0.15213719524952474,0.15227716627999099,0.14392848518954818,0.15988023950439562,mean_of_per_seed_metrics_not_score_ensemble,1000,fixed_trained_seeds_and_format_class_counts
unfrozen,TFIDF_full,ECE,0.048689932278849699,0.048283238704122877,0.045851820812029313,0.050539910507173498,mean_of_per_seed_metrics_not_score_ensemble,1000,fixed_trained_seeds_and_format_class_counts
unfrozen,TFIDF_full,oracle_pooled_TPR_0.001,-0.14873326695430911,-0.13326640115056976,-0.21620367297267398,-0.018845558136962079,mean_of_per_seed_metrics_not_score_ensemble,1000,fixed_trained_seeds_and_format_class_counts
unfrozen,TFIDF_full,oracle_pooled_TPR_0.005,-0.1435999557473171,-0.14285058081646201,-0.16966589224471737,-0.11242228122579923,mean_of_per_seed_metrics_not_score_ensemble,1000,fixed_trained_seeds_and_format_class_counts
unfrozen,TFIDF_full,oracle_pooled_TPR_0.01,-0.11348600508905848,-0.11259287531806615,-0.13329074012612008,-0.091244606704281403,mean_of_per_seed_metrics_not_score_ensemble,1000,fixed_trained_seeds_and_format_class_counts
unfrozen,TFIDF_full,oracle_pooled_TPR_0.05,-0.046730833056754073,-0.047571324261533356,-0.055604049120477825,-0.040310875096802763,mean_of_per_seed_metrics_not_score_ensemble,1000,fixed_trained_seeds_and_format_class_counts
unfrozen,TFIDF_full,oracle_per_format_TPR_0.001,-0.13926319283106531,-0.15450571965925433,-0.22548290740126123,-0.096775638898108196,mean_of_per_seed_metrics_not_score_ensemble,1000,fixed_trained_seeds_and_format_class_counts
unfrozen,TFIDF_full,oracle_per_format_TPR_0.005,-0.14983958402478148,-0.15342132979311873,-0.18688682376369056,-0.11837371390640558,mean_of_per_seed_metrics_not_score_ensemble,1000,fixed_trained_seeds_and_format_class_counts
unfrozen,TFIDF_full,oracle_per_format_TPR_0.01,-0.11718110410443627,-0.11993328908065053,-0.13937437769664787,-0.10137957738687908,mean_of_per_seed_metrics_not_score_ensemble,1000,fixed_trained_seeds_and_format_class_counts
unfrozen,TFIDF_full,oracle_per_format_TPR_0.05,-0.040845226241840837,-0.041900431463657482,-0.049498285208540722,-0.034710144927536254,mean_of_per_seed_metrics_not_score_ensemble,1000,fixed_trained_seeds_and_format_class_counts
unfrozen,TFIDF_full,fixed_pooled_TPR_0.001,-0.10456908950105093,-0.104746609138179,-0.11209204558026337,-0.097265184201792171,mean_of_per_seed_metrics_not_score_ensemble,1000,fixed_trained_seeds_and_format_class_counts
unfrozen,TFIDF_full,fixed_pooled_FPR_0.001,0.00033478406427854025,0.00034036379868318268,-0.00029014618904140148,0.00095971431759848231,mean_of_per_seed_metrics_not_score_ensemble,1000,fixed_trained_seeds_and_format_class_counts
unfrozen,TFIDF_full,fixed_pooled_TPR_0.005,-0.13966146697643556,-0.13973410775528267,-0.1469216727514106,-0.13280119482243605,mean_of_per_seed_metrics_not_score_ensemble,1000,fixed_trained_seeds_and_format_class_counts
unfrozen,TFIDF_full,fixed_pooled_FPR_0.005,-8.9275750474277112e-05,-8.331659413011941e-05,-0.0012944983818770229,0.0011159468809284678,mean_of_per_seed_metrics_not_score_ensemble,1000,fixed_trained_seeds_and_format_class_counts
unfrozen,TFIDF_full,fixed_pooled_TPR_0.01,-0.12565549286425493,-0.12562615333554597,-0.1317872552273481,-0.11936995242836601,mean_of_per_seed_metrics_not_score_ensemble,1000,fixed_trained_seeds_and_format_class_counts
unfrozen,TFIDF_full,fixed_pooled_FPR_0.01,-0.0011382658185470369,-0.0011250530074768444,-0.0026788304876687878,0.00053621247628612978,mean_of_per_seed_metrics_not_score_ensemble,1000,fixed_trained_seeds_and_format_class_counts
unfrozen,TFIDF_full,fixed_pooled_TPR_0.05,-0.059210089611682726,-0.059249695762805622,-0.062905741785595756,-0.055380573072242534,mean_of_per_seed_metrics_not_score_ensemble,1000,fixed_trained_seeds_and_format_class_counts
unfrozen,TFIDF_full,fixed_pooled_FPR_0.05,-0.0046423390246624341,-0.0045888628501283332,-0.0077000334784064345,-0.0015829706505970356,mean_of_per_seed_metrics_not_score_ensemble,1000,fixed_trained_seeds_and_format_class_counts
unfrozen,TFIDF_full,fixed_per_format_TPR_0.001,-0.11191503484898779,-0.11209545303684035,-0.1187531806615776,-0.1049872773536896,mean_of_per_seed_metrics_not_score_ensemble,1000,fixed_trained_seeds_and_format_class_counts
unfrozen,TFIDF_full,fixed_per_format_FPR_0.001,0.00060261131570137289,0.00060185247182234145,0,0.0012275415690213148,mean_of_per_seed_metrics_not_score_ensemble,1000,fixed_trained_seeds_and_format_class_counts
unfrozen,TFIDF_full,fixed_per_format_TPR_0.005,-0.12722646310432562,-0.12732897444407568,-0.13437382453811267,-0.12047737581590885,mean_of_per_seed_metrics_not_score_ensemble,1000,fixed_trained_seeds_and_format_class_counts
unfrozen,TFIDF_full,fixed_per_format_FPR_0.005,0.0010489900680727606,0.0010668898560428526,2.2318937618569061e-05,0.0021872558866197975,mean_of_per_seed_metrics_not_score_ensemble,1000,fixed_trained_seeds_and_format_class_counts
unfrozen,TFIDF_full,fixed_per_format_TPR_0.01,-0.13076667772983741,-0.13079685805951985,-0.13709647084854515,-0.12437105874543646,mean_of_per_seed_metrics_not_score_ensemble,1000,fixed_trained_seeds_and_format_class_counts
unfrozen,TFIDF_full,fixed_per_format_FPR_0.01,-0.0016516013837741331,-0.0016415801807833949,-0.0033255217051668326,-0.00011103671465238417,mean_of_per_seed_metrics_not_score_ensemble,1000,fixed_trained_seeds_and_format_class_counts
unfrozen,TFIDF_full,fixed_per_format_TPR_0.05,-0.051399491094147653,-0.051456245159862822,-0.054919238853855634,-0.047615886713132105,mean_of_per_seed_metrics_not_score_ensemble,1000,fixed_trained_seeds_and_format_class_counts
unfrozen,TFIDF_full,fixed_per_format_FPR_0.05,-0.0048208905256109727,-0.0047436446825131129,-0.0078562660417364136,-0.0018072759736636487,mean_of_per_seed_metrics_not_score_ensemble,1000,fixed_trained_seeds_and_format_class_counts
unfrozen,TFIDF_prefix,ROC_AUC,0.00098500664438416763,0.00097403949992690749,-2.858405526545692e-06,0.0019038373053894414,mean_of_per_seed_metrics_not_score_ensemble,1000,fixed_trained_seeds_and_format_class_counts
unfrozen,TFIDF_prefix,AP,0.0011591049058662373,0.0011592868500955719,7.0332019232771683e-05,0.0023139070173510494,mean_of_per_seed_metrics_not_score_ensemble,1000,fixed_trained_seeds_and_format_class_counts
unfrozen,TFIDF_prefix,Accuracy,-0.0029111111111110866,-0.0029479111111111143,-0.0054125000000000336,-0.00051083333333335227,mean_of_per_seed_metrics_not_score_ensemble,1000,fixed_trained_seeds_and_format_class_counts
unfrozen,TFIDF_prefix,F1,-0.0039227777814732079,-0.0039627824329615995,-0.006547167587468314,-0.0014589072413082774,mean_of_per_seed_metrics_not_score_ensemble,1000,fixed_trained_seeds_and_format_class_counts
unfrozen,TFIDF_prefix,Brier,0.012695664642142841,0.012720988877226089,0.011057417718839047,0.014418240437813942,mean_of_per_seed_metrics_not_score_ensemble,1000,fixed_trained_seeds_and_format_class_counts
unfrozen,TFIDF_prefix,LogLoss,0.10095926623744242,0.10103013860021692,0.093261842815290805,0.10865966005317647,mean_of_per_seed_metrics_not_score_ensemble,1000,fixed_trained_seeds_and_format_class_counts
unfrozen,TFIDF_prefix,ECE,0.039041520572215965,0.039044238740675405,0.036445877425313987,0.041501569149777949,mean_of_per_seed_metrics_not_score_ensemble,1000,fixed_trained_seeds_and_format_class_counts
unfrozen,TFIDF_prefix,oracle_pooled_TPR_0.001,0.067927868127005187,0.065226529483349935,-0.014373824538112624,0.13627668989932509,mean_of_per_seed_metrics_not_score_ensemble,1000,fixed_trained_seeds_and_format_class_counts
unfrozen,TFIDF_prefix,oracle_pooled_TPR_0.005,0.017236419957959992,0.022125190839694657,-0.013759265405465165,0.073306228565106824,mean_of_per_seed_metrics_not_score_ensemble,1000,fixed_trained_seeds_and_format_class_counts
unfrozen,TFIDF_prefix,oracle_pooled_TPR_0.01,0.01827635800420413,0.017035999557473171,-0.0095818121473613873,0.040515543754840157,mean_of_per_seed_metrics_not_score_ensemble,1000,fixed_trained_seeds_and_format_class_counts
unfrozen,TFIDF_prefix,oracle_pooled_TPR_0.05,0.00079654829074005118,0.00024546963159641856,-0.0077442194933068365,0.0073691780064166395,mean_of_per_seed_metrics_not_score_ensemble,1000,fixed_trained_seeds_and_format_class_counts
unfrozen,TFIDF_prefix,oracle_per_format_TPR_0.001,0.078924659807500852,0.072045358999889356,-0.0035844673083305647,0.14710698086071464,mean_of_per_seed_metrics_not_score_ensemble,1000,fixed_trained_seeds_and_format_class_counts
unfrozen,TFIDF_prefix,oracle_per_format_TPR_0.005,0.019692443854408714,0.018754043588892579,-0.0254115499502157,0.067561677176678922,mean_of_per_seed_metrics_not_score_ensemble,1000,fixed_trained_seeds_and_format_class_counts
unfrozen,TFIDF_prefix,oracle_per_format_TPR_0.01,0.012324372165062547,0.01263040159309658,-0.012856510675959793,0.037374156433233677,mean_of_per_seed_metrics_not_score_ensemble,1000,fixed_trained_seeds_and_format_class_counts
unfrozen,TFIDF_prefix,oracle_per_format_TPR_0.05,0.0025002765792677684,0.0025846664454032566,-0.0052456023896447768,0.009654275915477439,mean_of_per_seed_metrics_not_score_ensemble,1000,fixed_trained_seeds_and_format_class_counts
unfrozen,TFIDF_prefix,fixed_pooled_TPR_0.001,0.058524173027989845,0.058293948445624515,0.051949330678172367,0.064367186635689744,mean_of_per_seed_metrics_not_score_ensemble,1000,fixed_trained_seeds_and_format_class_counts
unfrozen,TFIDF_prefix,fixed_pooled_FPR_0.001,-6.6956812855708267e-05,-7.1822341256556194e-05,-0.00066956812855708072,0.0005356545028456644,mean_of_per_seed_metrics_not_score_ensemble,1000,fixed_trained_seeds_and_format_class_counts
unfrozen,TFIDF_prefix,fixed_pooled_TPR_0.005,0.02316627945569194,0.023153313419626058,0.017322712689456805,0.029893240402699292,mean_of_per_seed_metrics_not_score_ensemble,1000,fixed_trained_seeds_and_format_class_counts
unfrozen,TFIDF_prefix,fixed_pooled_FPR_0.005,0.00037942193951567924,0.00037399843767436681,-0.00087099654056466971,0.0015628836067403187,mean_of_per_seed_metrics_not_score_ensemble,1000,fixed_trained_seeds_and_format_class_counts
unfrozen,TFIDF_prefix,fixed_pooled_TPR_0.01,0.0094922004646531555,0.0094803186193162959,0.0038499834052440037,0.015422059962385107,mean_of_per_seed_metrics_not_score_ensemble,1000,fixed_trained_seeds_and_format_class_counts
unfrozen,TFIDF_prefix,fixed_pooled_FPR_0.01,-0.00033478406427854025,-0.00032398169847115292,-0.0018982256444593237,0.0013168173194955928,mean_of_per_seed_metrics_not_score_ensemble,1000,fixed_trained_seeds_and_format_class_counts
unfrozen,TFIDF_prefix,fixed_pooled_TPR_0.05,-0.0012612014603385902,-0.0012767784046907819,-0.0053767009624957644,0.0030329682487001395,mean_of_per_seed_metrics_not_score_ensemble,1000,fixed_trained_seeds_and_format_class_counts
unfrozen,TFIDF_prefix,fixed_pooled_FPR_0.05,0.00071420600379421689,0.00074705947996875355,-0.0018083919205445832,0.0033712755272848928,mean_of_per_seed_metrics_not_score_ensemble,1000,fixed_trained_seeds_and_format_class_counts
unfrozen,TFIDF_prefix,fixed_per_format_TPR_0.001,0.067839362761367372,0.067687022900763366,0.061422723752627528,0.073415753955083471,mean_of_per_seed_metrics_not_score_ensemble,1000,fixed_trained_seeds_and_format_class_counts
unfrozen,TFIDF_prefix,fixed_per_format_FPR_0.001,0.00013391362571141632,0.00012110255551835744,-0.00060261131570137224,0.00080348175426849704,mean_of_per_seed_metrics_not_score_ensemble,1000,fixed_trained_seeds_and_format_class_counts
unfrozen,TFIDF_prefix,fixed_per_format_TPR_0.005,0.016284987277353724,0.016293528045137739,0.010309768779732364,0.022725412103108744,mean_of_per_seed_metrics_not_score_ensemble,1000,fixed_trained_seeds_and_format_class_counts
unfrozen,TFIDF_prefix,fixed_per_format_FPR_0.005,-0.00015623256332998516,-0.00016370940743220622,-0.0014289699810289039,0.0010713090056913297,mean_of_per_seed_metrics_not_score_ensemble,1000,fixed_trained_seeds_and_format_class_counts
unfrozen,TFIDF_prefix,fixed_per_format_TPR_0.01,-0.0013939595087952839,-0.0013920787697754111,-0.007237526275030417,0.0043611018918023083,mean_of_per_seed_metrics_not_score_ensemble,1000,fixed_trained_seeds_and_format_class_counts
unfrozen,TFIDF_prefix,fixed_per_format_FPR_0.01,-0.00037942193951568011,-0.00038788081687311706,-0.0020092623591117056,0.0012498605066398848,mean_of_per_seed_metrics_not_score_ensemble,1000,fixed_trained_seeds_and_format_class_counts
unfrozen,TFIDF_prefix,fixed_per_format_TPR_0.05,0.001770107312755731,0.0017646642327691019,-0.0023896448722203756,0.0059530921562120521,mean_of_per_seed_metrics_not_score_ensemble,1000,fixed_trained_seeds_and_format_class_counts
unfrozen,TFIDF_prefix,fixed_per_format_FPR_0.05,-0.00053565450284565747,-0.00051425064166945667,-0.0032591228657515904,0.0022542126994754969,mean_of_per_seed_metrics_not_score_ensemble,1000,fixed_trained_seeds_and_format_class_counts
unfrozen,TFIDF_bpe_prefix,ROC_AUC,0.0037734390049470878,0.0037712881860411294,0.0026698740417086921,0.0047104071546826215,mean_of_per_seed_metrics_not_score_ensemble,1000,fixed_trained_seeds_and_format_class_counts
unfrozen,TFIDF_bpe_prefix,AP,0.0038945700451006315,0.003901401462536046,0.0026503778621504047,0.0050154910869992407,mean_of_per_seed_metrics_not_score_ensemble,1000,fixed_trained_seeds_and_format_class_counts
unfrozen,TFIDF_bpe_prefix,Accuracy,0.0022222222222222365,0.0022171222222222187,-0.0003555555555555534,0.0048225000000000602,mean_of_per_seed_metrics_not_score_ensemble,1000,fixed_trained_seeds_and_format_class_counts
unfrozen,TFIDF_bpe_prefix,F1,0.0012276819301058062,0.0012200458332421848,-0.0014733716058983797,0.0039146523654203201,mean_of_per_seed_metrics_not_score_ensemble,1000,fixed_trained_seeds_and_format_class_counts
unfrozen,TFIDF_bpe_prefix,Brier,0.0087644215729629632,0.0087814283562980475,0.0071106489312587895,0.010481712592448301,mean_of_per_seed_metrics_not_score_ensemble,1000,fixed_trained_seeds_and_format_class_counts
unfrozen,TFIDF_bpe_prefix,LogLoss,0.09230955019373091,0.092319560206265458,0.084834817915013294,0.10029851619168309,mean_of_per_seed_metrics_not_score_ensemble,1000,fixed_trained_seeds_and_format_class_counts
unfrozen,TFIDF_bpe_prefix,ECE,0.043689076793271268,0.043216862904271978,0.039708116327321435,0.046594386691979475,mean_of_per_seed_metrics_not_score_ensemble,1000,fixed_trained_seeds_and_format_class_counts
unfrozen,TFIDF_bpe_prefix,oracle_pooled_TPR_0.001,0.029228897001880749,0.041445978537448837,-0.029653169598406942,0.11714293616550499,mean_of_per_seed_metrics_not_score_ensemble,1000,fixed_trained_seeds_and_format_class_counts
unfrozen,TFIDF_bpe_prefix,oracle_pooled_TPR_0.005,0.059586237415643395,0.064948025224029204,0.032557251908396909,0.10180993472729283,mean_of_per_seed_metrics_not_score_ensemble,1000,fixed_trained_seeds_and_format_class_counts
unfrozen,TFIDF_bpe_prefix,oracle_pooled_TPR_0.01,0.058435667662352087,0.059479145923221594,0.031639008739904773,0.089789246598075023,mean_of_per_seed_metrics_not_score_ensemble,1000,fixed_trained_seeds_and_format_class_counts
unfrozen,TFIDF_bpe_prefix,oracle_pooled_TPR_0.05,0.02024560238964479,0.019042017922336545,0.010509459010952646,0.02734981745768339,mean_of_per_seed_metrics_not_score_ensemble,1000,fixed_trained_seeds_and_format_class_counts
unfrozen,TFIDF_bpe_prefix,oracle_per_format_TPR_0.001,0.099767673415200819,0.071472043367629162,-0.0094191835380020104,0.16071080871777851,mean_of_per_seed_metrics_not_score_ensemble,1000,fixed_trained_seeds_and_format_class_counts
unfrozen,TFIDF_bpe_prefix,oracle_per_format_TPR_0.005,0.023476048235424263,0.027451156101338647,-0.011086956521739078,0.066124571302135074,mean_of_per_seed_metrics_not_score_ensemble,1000,fixed_trained_seeds_and_format_class_counts
unfrozen,TFIDF_bpe_prefix,oracle_per_format_TPR_0.01,0.036088062838809609,0.034821905077995353,0.010656599181325443,0.058989379356123403,mean_of_per_seed_metrics_not_score_ensemble,1000,fixed_trained_seeds_and_format_class_counts
unfrozen,TFIDF_bpe_prefix,oracle_per_format_TPR_0.05,0.019758822878637172,0.019118552937271823,0.010883394180772148,0.027834937493085524,mean_of_per_seed_metrics_not_score_ensemble,1000,fixed_trained_seeds_and_format_class_counts
unfrozen,TFIDF_bpe_prefix,fixed_pooled_TPR_0.001,0.13811262307777411,0.13810669321827634,0.13187244164177456,0.14424217280672638,mean_of_per_seed_metrics_not_score_ensemble,1000,fixed_trained_seeds_and_format_class_counts
unfrozen,TFIDF_bpe_prefix,fixed_pooled_FPR_0.001,0.00060261131570137245,0.00060203102332328986,0.00011103671465238263,0.0010936279433098983,mean_of_per_seed_metrics_not_score_ensemble,1000,fixed_trained_seeds_and_format_class_counts
unfrozen,TFIDF_bpe_prefix,fixed_pooled_TPR_0.005,0.099369399269830683,0.099314548069476719,0.092772983737139089,0.106362982630822,mean_of_per_seed_metrics_not_score_ensemble,1000,fixed_trained_seeds_and_format_class_counts
unfrozen,TFIDF_bpe_prefix,fixed_pooled_FPR_0.005,0.0013837741323513009,0.0013587992411561211,0.000156232563329986,0.0024774020756611979,mean_of_per_seed_metrics_not_score_ensemble,1000,fixed_trained_seeds_and_format_class_counts
unfrozen,TFIDF_bpe_prefix,fixed_pooled_TPR_0.01,0.058214404248257523,0.058158645867905749,0.051885164288085019,0.064587896891248969,mean_of_per_seed_metrics_not_score_ensemble,1000,fixed_trained_seeds_and_format_class_counts
unfrozen,TFIDF_bpe_prefix,fixed_pooled_FPR_0.01,6.6956812855708051e-05,4.6825131123758444e-05,-0.0016292824461555631,0.0016080794554179224,mean_of_per_seed_metrics_not_score_ensemble,1000,fixed_trained_seeds_and_format_class_counts
unfrozen,TFIDF_bpe_prefix,fixed_pooled_TPR_0.05,0.021705940922668421,0.021732315521628499,0.017346498506471929,0.026464210642770231,mean_of_per_seed_metrics_not_score_ensemble,1000,fixed_trained_seeds_and_format_class_counts
unfrozen,TFIDF_bpe_prefix,fixed_pooled_FPR_0.05,0.0016516013837741261,0.0016377859613882382,-0.0011617007030465302,0.0043968307108581545,mean_of_per_seed_metrics_not_score_ensemble,1000,fixed_trained_seeds_and_format_class_counts
unfrozen,TFIDF_bpe_prefix,fixed_per_format_TPR_0.001,0.12831065383338863,0.12828927978758711,0.12235866799424722,0.13419736696537229,mean_of_per_seed_metrics_not_score_ensemble,1000,fixed_trained_seeds_and_format_class_counts
unfrozen,TFIDF_bpe_prefix,fixed_per_format_FPR_0.001,0.00087043856712420509,0.00086465796228099557,0.00024550831380426314,0.0013837741323513002,mean_of_per_seed_metrics_not_score_ensemble,1000,fixed_trained_seeds_and_format_class_counts
unfrozen,TFIDF_bpe_prefix,fixed_per_format_TPR_0.005,0.081734705166500721,0.08170746764022567,0.074804181878526443,0.088639230003318928,mean_of_per_seed_metrics_not_score_ensemble,1000,fixed_trained_seeds_and_format_class_counts
unfrozen,TFIDF_bpe_prefix,fixed_per_format_FPR_0.005,0.0013168173194955928,0.0012936725811851359,0.00011159468809284701,0.0024327642004240597,mean_of_per_seed_metrics_not_score_ensemble,1000,fixed_trained_seeds_and_format_class_counts
unfrozen,TFIDF_bpe_prefix,fixed_per_format_TPR_0.01,0.060537670096249552,0.060520234539218946,0.054208983294612177,0.06704447394623303,mean_of_per_seed_metrics_not_score_ensemble,1000,fixed_trained_seeds_and_format_class_counts
unfrozen,TFIDF_bpe_prefix,fixed_per_format_FPR_0.01,0.0020979801361455195,0.0020477402075661203,0.00060205334226090827,0.003482312241937284,mean_of_per_seed_metrics_not_score_ensemble,1000,fixed_trained_seeds_and_format_class_counts
unfrozen,TFIDF_bpe_prefix,fixed_per_format_TPR_0.05,0.022878637017369141,0.02288912490319725,0.018762584356676729,0.027459342847660193,mean_of_per_seed_metrics_not_score_ensemble,1000,fixed_trained_seeds_and_format_class_counts
unfrozen,TFIDF_bpe_prefix,fixed_per_format_FPR_0.05,0.0020756611985269582,0.0020556857493583304,-0.00069300301305657902,0.0049324852137038258,mean_of_per_seed_metrics_not_score_ensemble,1000,fixed_trained_seeds_and_format_class_counts
