file_type,source_split,source_file,bytes,period_start,period_end,dataset_revision
Win32,train,2023-09-24_2023-09-30_Win32_train.jsonl,1032606831,2023-09-24,2023-09-30,3d23efef7c0f0b702c5024400cfff4c3744a3832
Win32,train,2023-10-01_2023-10-07_Win32_train.jsonl,946454814,2023-10-01,2023-10-07,3d23efef7c0f0b702c5024400cfff4c3744a3832
Win32,train,2023-10-08_2023-10-14_Win32_train.jsonl,1055809028,2023-10-08,2023-10-14,3d23efef7c0f0b702c5024400cfff4c3744a3832
Win32,train,2023-10-15_2023-10-21_Win32_train.jsonl,1035072587,2023-10-15,2023-10-21,3d23efef7c0f0b702c5024400cfff4c3744a3832
Win32,train,2023-10-22_2023-10-28_Win32_train.jsonl,966057856,2023-10-22,2023-10-28,3d23efef7c0f0b702c5024400cfff4c3744a3832
Win32,train,2023-10-29_2023-11-04_Win32_train.jsonl,1018349990,2023-10-29,2023-11-04,3d23efef7c0f0b702c5024400cfff4c3744a3832
Win32,train,2023-11-05_2023-11-11_Win32_train.jsonl,997642467,2023-11-05,2023-11-11,3d23efef7c0f0b702c5024400cfff4c3744a3832
Win32,train,2023-11-12_2023-11-18_Win32_train.jsonl,1044359556,2023-11-12,2023-11-18,3d23efef7c0f0b702c5024400cfff4c3744a3832
Win32,train,2023-11-19_2023-11-25_Win32_train.jsonl,1069030361,2023-11-19,2023-11-25,3d23efef7c0f0b702c5024400cfff4c3744a3832
Win32,train,2023-11-26_2023-12-02_Win32_train.jsonl,1023785901,2023-11-26,2023-12-02,3d23efef7c0f0b702c5024400cfff4c3744a3832
Win32,train,2023-12-03_2023-12-09_Win32_train.jsonl,1043347576,2023-12-03,2023-12-09,3d23efef7c0f0b702c5024400cfff4c3744a3832
Win32,train,2023-12-10_2023-12-16_Win32_train.jsonl,1080277290,2023-12-10,2023-12-16,3d23efef7c0f0b702c5024400cfff4c3744a3832
Win32,train,2023-12-17_2023-12-23_Win32_train.jsonl,1125391874,2023-12-17,2023-12-23,3d23efef7c0f0b702c5024400cfff4c3744a3832
Win32,train,2023-12-24_2023-12-30_Win32_train.jsonl,1096994114,2023-12-24,2023-12-30,3d23efef7c0f0b702c5024400cfff4c3744a3832
Win32,train,2023-12-31_2024-01-06_Win32_train.jsonl,988413301,2023-12-31,2024-01-06,3d23efef7c0f0b702c5024400cfff4c3744a3832
Win32,train,2024-01-07_2024-01-13_Win32_train.jsonl,953578844,2024-01-07,2024-01-13,3d23efef7c0f0b702c5024400cfff4c3744a3832
Win32,train,2024-01-14_2024-01-20_Win32_train.jsonl,965094441,2024-01-14,2024-01-20,3d23efef7c0f0b702c5024400cfff4c3744a3832
Win32,train,2024-01-21_2024-01-27_Win32_train.jsonl,887827917,2024-01-21,2024-01-27,3d23efef7c0f0b702c5024400cfff4c3744a3832
Win32,train,2024-01-28_2024-02-03_Win32_train.jsonl,1063338027,2024-01-28,2024-02-03,3d23efef7c0f0b702c5024400cfff4c3744a3832
Win32,train,2024-02-04_2024-02-10_Win32_train.jsonl,1052827491,2024-02-04,2024-02-10,3d23efef7c0f0b702c5024400cfff4c3744a3832
Win32,train,2024-02-11_2024-02-17_Win32_train.jsonl,1042367676,2024-02-11,2024-02-17,3d23efef7c0f0b702c5024400cfff4c3744a3832
Win32,train,2024-02-18_2024-02-24_Win32_train.jsonl,1109029798,2024-02-18,2024-02-24,3d23efef7c0f0b702c5024400cfff4c3744a3832
Win32,train,2024-02-25_2024-03-02_Win32_train.jsonl,1095694701,2024-02-25,2024-03-02,3d23efef7c0f0b702c5024400cfff4c3744a3832
Win32,train,2024-03-03_2024-03-09_Win32_train.jsonl,1074797264,2024-03-03,2024-03-09,3d23efef7c0f0b702c5024400cfff4c3744a3832
Win32,train,2024-03-10_2024-03-16_Win32_train.jsonl,1082231068,2024-03-10,2024-03-16,3d23efef7c0f0b702c5024400cfff4c3744a3832
Win32,train,2024-03-17_2024-03-23_Win32_train.jsonl,1095585804,2024-03-17,2024-03-23,3d23efef7c0f0b702c5024400cfff4c3744a3832
Win32,train,2024-03-24_2024-03-30_Win32_train.jsonl,1103546133,2024-03-24,2024-03-30,3d23efef7c0f0b702c5024400cfff4c3744a3832
Win32,train,2024-03-31_2024-04-06_Win32_train.jsonl,1002570121,2024-03-31,2024-04-06,3d23efef7c0f0b702c5024400cfff4c3744a3832
Win32,train,2024-04-07_2024-04-13_Win32_train.jsonl,1047411087,2024-04-07,2024-04-13,3d23efef7c0f0b702c5024400cfff4c3744a3832
Win32,train,2024-04-14_2024-04-20_Win32_train.jsonl,1049480528,2024-04-14,2024-04-20,3d23efef7c0f0b702c5024400cfff4c3744a3832
Win32,train,2024-04-21_2024-04-27_Win32_train.jsonl,1099518072,2024-04-21,2024-04-27,3d23efef7c0f0b702c5024400cfff4c3744a3832
Win32,train,2024-04-28_2024-05-04_Win32_train.jsonl,995990282,2024-04-28,2024-05-04,3d23efef7c0f0b702c5024400cfff4c3744a3832
Win32,train,2024-05-05_2024-05-11_Win32_train.jsonl,929263473,2024-05-05,2024-05-11,3d23efef7c0f0b702c5024400cfff4c3744a3832
Win32,train,2024-05-12_2024-05-18_Win32_train.jsonl,936165773,2024-05-12,2024-05-18,3d23efef7c0f0b702c5024400cfff4c3744a3832
Win32,train,2024-05-19_2024-05-25_Win32_train.jsonl,1024793772,2024-05-19,2024-05-25,3d23efef7c0f0b702c5024400cfff4c3744a3832
Win32,train,2024-05-26_2024-06-01_Win32_train.jsonl,1021639472,2024-05-26,2024-06-01,3d23efef7c0f0b702c5024400cfff4c3744a3832
Win32,train,2024-06-02_2024-06-08_Win32_train.jsonl,1096179231,2024-06-02,2024-06-08,3d23efef7c0f0b702c5024400cfff4c3744a3832
Win32,train,2024-06-09_2024-06-15_Win32_train.jsonl,1001524770,2024-06-09,2024-06-15,3d23efef7c0f0b702c5024400cfff4c3744a3832
Win32,train,2024-06-16_2024-06-22_Win32_train.jsonl,1108624282,2024-06-16,2024-06-22,3d23efef7c0f0b702c5024400cfff4c3744a3832
Win32,train,2024-06-23_2024-06-29_Win32_train.jsonl,1110866824,2024-06-23,2024-06-29,3d23efef7c0f0b702c5024400cfff4c3744a3832
Win32,train,2024-06-30_2024-07-06_Win32_train.jsonl,1082073495,2024-06-30,2024-07-06,3d23efef7c0f0b702c5024400cfff4c3744a3832
Win32,train,2024-07-07_2024-07-13_Win32_train.jsonl,1041491891,2024-07-07,2024-07-13,3d23efef7c0f0b702c5024400cfff4c3744a3832
Win32,train,2024-07-14_2024-07-20_Win32_train.jsonl,1044608151,2024-07-14,2024-07-20,3d23efef7c0f0b702c5024400cfff4c3744a3832
Win32,train,2024-07-21_2024-07-27_Win32_train.jsonl,1046089004,2024-07-21,2024-07-27,3d23efef7c0f0b702c5024400cfff4c3744a3832
Win32,train,2024-07-28_2024-08-03_Win32_train.jsonl,1004041746,2024-07-28,2024-08-03,3d23efef7c0f0b702c5024400cfff4c3744a3832
Win32,train,2024-08-04_2024-08-10_Win32_train.jsonl,935573798,2024-08-04,2024-08-10,3d23efef7c0f0b702c5024400cfff4c3744a3832
Win32,train,2024-08-11_2024-08-17_Win32_train.jsonl,1039819905,2024-08-11,2024-08-17,3d23efef7c0f0b702c5024400cfff4c3744a3832
Win32,train,2024-08-18_2024-08-24_Win32_train.jsonl,950762834,2024-08-18,2024-08-24,3d23efef7c0f0b702c5024400cfff4c3744a3832
Win32,train,2024-08-25_2024-08-31_Win32_train.jsonl,1063904676,2024-08-25,2024-08-31,3d23efef7c0f0b702c5024400cfff4c3744a3832
Win32,train,2024-09-01_2024-09-07_Win32_train.jsonl,1111512413,2024-09-01,2024-09-07,3d23efef7c0f0b702c5024400cfff4c3744a3832
Win32,train,2024-09-08_2024-09-14_Win32_train.jsonl,1010058533,2024-09-08,2024-09-14,3d23efef7c0f0b702c5024400cfff4c3744a3832
Win32,train,2024-09-15_2024-09-21_Win32_train.jsonl,940817942,2024-09-15,2024-09-21,3d23efef7c0f0b702c5024400cfff4c3744a3832
Win64,train,2023-09-24_2023-09-30_Win64_train.jsonl,596048848,2023-09-24,2023-09-30,3d23efef7c0f0b702c5024400cfff4c3744a3832
Win64,train,2023-10-01_2023-10-07_Win64_train.jsonl,580684867,2023-10-01,2023-10-07,3d23efef7c0f0b702c5024400cfff4c3744a3832
Win64,train,2023-10-08_2023-10-14_Win64_train.jsonl,574860696,2023-10-08,2023-10-14,3d23efef7c0f0b702c5024400cfff4c3744a3832
Win64,train,2023-10-15_2023-10-21_Win64_train.jsonl,548051092,2023-10-15,2023-10-21,3d23efef7c0f0b702c5024400cfff4c3744a3832
Win64,train,2023-10-22_2023-10-28_Win64_train.jsonl,640514711,2023-10-22,2023-10-28,3d23efef7c0f0b702c5024400cfff4c3744a3832
Win64,train,2023-10-29_2023-11-04_Win64_train.jsonl,618980473,2023-10-29,2023-11-04,3d23efef7c0f0b702c5024400cfff4c3744a3832
Win64,train,2023-11-05_2023-11-11_Win64_train.jsonl,607806478,2023-11-05,2023-11-11,3d23efef7c0f0b702c5024400cfff4c3744a3832
Win64,train,2023-11-12_2023-11-18_Win64_train.jsonl,572131780,2023-11-12,2023-11-18,3d23efef7c0f0b702c5024400cfff4c3744a3832
Win64,train,2023-11-19_2023-11-25_Win64_train.jsonl,646508596,2023-11-19,2023-11-25,3d23efef7c0f0b702c5024400cfff4c3744a3832
Win64,train,2023-11-26_2023-12-02_Win64_train.jsonl,663013522,2023-11-26,2023-12-02,3d23efef7c0f0b702c5024400cfff4c3744a3832
Win64,train,2023-12-03_2023-12-09_Win64_train.jsonl,639755567,2023-12-03,2023-12-09,3d23efef7c0f0b702c5024400cfff4c3744a3832
Win64,train,2023-12-10_2023-12-16_Win64_train.jsonl,637990361,2023-12-10,2023-12-16,3d23efef7c0f0b702c5024400cfff4c3744a3832
Win64,train,2023-12-17_2023-12-23_Win64_train.jsonl,570739231,2023-12-17,2023-12-23,3d23efef7c0f0b702c5024400cfff4c3744a3832
Win64,train,2023-12-24_2023-12-30_Win64_train.jsonl,590349321,2023-12-24,2023-12-30,3d23efef7c0f0b702c5024400cfff4c3744a3832
Win64,train,2023-12-31_2024-01-06_Win64_train.jsonl,518993275,2023-12-31,2024-01-06,3d23efef7c0f0b702c5024400cfff4c3744a3832
Win64,train,2024-01-07_2024-01-13_Win64_train.jsonl,522830941,2024-01-07,2024-01-13,3d23efef7c0f0b702c5024400cfff4c3744a3832
Win64,train,2024-01-14_2024-01-20_Win64_train.jsonl,585445393,2024-01-14,2024-01-20,3d23efef7c0f0b702c5024400cfff4c3744a3832
Win64,train,2024-01-21_2024-01-27_Win64_train.jsonl,529598303,2024-01-21,2024-01-27,3d23efef7c0f0b702c5024400cfff4c3744a3832
Win64,train,2024-01-28_2024-02-03_Win64_train.jsonl,600573019,2024-01-28,2024-02-03,3d23efef7c0f0b702c5024400cfff4c3744a3832
Win64,train,2024-02-04_2024-02-10_Win64_train.jsonl,577957639,2024-02-04,2024-02-10,3d23efef7c0f0b702c5024400cfff4c3744a3832
Win64,train,2024-02-11_2024-02-17_Win64_train.jsonl,602578514,2024-02-11,2024-02-17,3d23efef7c0f0b702c5024400cfff4c3744a3832
Win64,train,2024-02-18_2024-02-24_Win64_train.jsonl,659900841,2024-02-18,2024-02-24,3d23efef7c0f0b702c5024400cfff4c3744a3832
Win64,train,2024-02-25_2024-03-02_Win64_train.jsonl,640675888,2024-02-25,2024-03-02,3d23efef7c0f0b702c5024400cfff4c3744a3832
Win64,train,2024-03-03_2024-03-09_Win64_train.jsonl,640583540,2024-03-03,2024-03-09,3d23efef7c0f0b702c5024400cfff4c3744a3832
Win64,train,2024-03-10_2024-03-16_Win64_train.jsonl,645713576,2024-03-10,2024-03-16,3d23efef7c0f0b702c5024400cfff4c3744a3832
Win64,train,2024-03-17_2024-03-23_Win64_train.jsonl,619798659,2024-03-17,2024-03-23,3d23efef7c0f0b702c5024400cfff4c3744a3832
Win64,train,2024-03-24_2024-03-30_Win64_train.jsonl,613381579,2024-03-24,2024-03-30,3d23efef7c0f0b702c5024400cfff4c3744a3832
Win64,train,2024-03-31_2024-04-06_Win64_train.jsonl,597812339,2024-03-31,2024-04-06,3d23efef7c0f0b702c5024400cfff4c3744a3832
Win64,train,2024-04-07_2024-04-13_Win64_train.jsonl,659896131,2024-04-07,2024-04-13,3d23efef7c0f0b702c5024400cfff4c3744a3832
Win64,train,2024-04-14_2024-04-20_Win64_train.jsonl,693282612,2024-04-14,2024-04-20,3d23efef7c0f0b702c5024400cfff4c3744a3832
Win64,train,2024-04-21_2024-04-27_Win64_train.jsonl,453528828,2024-04-21,2024-04-27,3d23efef7c0f0b702c5024400cfff4c3744a3832
Win64,train,2024-04-28_2024-05-04_Win64_train.jsonl,440361081,2024-04-28,2024-05-04,3d23efef7c0f0b702c5024400cfff4c3744a3832
Win64,train,2024-05-05_2024-05-11_Win64_train.jsonl,438017655,2024-05-05,2024-05-11,3d23efef7c0f0b702c5024400cfff4c3744a3832
Win64,train,2024-05-12_2024-05-18_Win64_train.jsonl,443474330,2024-05-12,2024-05-18,3d23efef7c0f0b702c5024400cfff4c3744a3832
Win64,train,2024-05-19_2024-05-25_Win64_train.jsonl,482773709,2024-05-19,2024-05-25,3d23efef7c0f0b702c5024400cfff4c3744a3832
Win64,train,2024-05-26_2024-06-01_Win64_train.jsonl,438493511,2024-05-26,2024-06-01,3d23efef7c0f0b702c5024400cfff4c3744a3832
Win64,train,2024-06-02_2024-06-08_Win64_train.jsonl,465547559,2024-06-02,2024-06-08,3d23efef7c0f0b702c5024400cfff4c3744a3832
Win64,train,2024-06-09_2024-06-15_Win64_train.jsonl,454371858,2024-06-09,2024-06-15,3d23efef7c0f0b702c5024400cfff4c3744a3832
Win64,train,2024-06-16_2024-06-22_Win64_train.jsonl,470345987,2024-06-16,2024-06-22,3d23efef7c0f0b702c5024400cfff4c3744a3832
Win64,train,2024-06-23_2024-06-29_Win64_train.jsonl,460454577,2024-06-23,2024-06-29,3d23efef7c0f0b702c5024400cfff4c3744a3832
Win64,train,2024-06-30_2024-07-06_Win64_train.jsonl,459407808,2024-06-30,2024-07-06,3d23efef7c0f0b702c5024400cfff4c3744a3832
Win64,train,2024-07-07_2024-07-13_Win64_train.jsonl,441687631,2024-07-07,2024-07-13,3d23efef7c0f0b702c5024400cfff4c3744a3832
Win64,train,2024-07-14_2024-07-20_Win64_train.jsonl,451544454,2024-07-14,2024-07-20,3d23efef7c0f0b702c5024400cfff4c3744a3832
Win64,train,2024-07-21_2024-07-27_Win64_train.jsonl,465757096,2024-07-21,2024-07-27,3d23efef7c0f0b702c5024400cfff4c3744a3832
Win64,train,2024-07-28_2024-08-03_Win64_train.jsonl,409806131,2024-07-28,2024-08-03,3d23efef7c0f0b702c5024400cfff4c3744a3832
Win64,train,2024-08-04_2024-08-10_Win64_train.jsonl,455481666,2024-08-04,2024-08-10,3d23efef7c0f0b702c5024400cfff4c3744a3832
Win64,train,2024-08-11_2024-08-17_Win64_train.jsonl,427565753,2024-08-11,2024-08-17,3d23efef7c0f0b702c5024400cfff4c3744a3832
Win64,train,2024-08-18_2024-08-24_Win64_train.jsonl,452727135,2024-08-18,2024-08-24,3d23efef7c0f0b702c5024400cfff4c3744a3832
Win64,train,2024-08-25_2024-08-31_Win64_train.jsonl,463225411,2024-08-25,2024-08-31,3d23efef7c0f0b702c5024400cfff4c3744a3832
Win64,train,2024-09-01_2024-09-07_Win64_train.jsonl,457385354,2024-09-01,2024-09-07,3d23efef7c0f0b702c5024400cfff4c3744a3832
Win64,train,2024-09-08_2024-09-14_Win64_train.jsonl,453625065,2024-09-08,2024-09-14,3d23efef7c0f0b702c5024400cfff4c3744a3832
Win64,train,2024-09-15_2024-09-21_Win64_train.jsonl,447937076,2024-09-15,2024-09-21,3d23efef7c0f0b702c5024400cfff4c3744a3832
Dot_Net,train,2023-09-24_2023-09-30_Dot_Net_train.jsonl,83982996,2023-09-24,2023-09-30,3d23efef7c0f0b702c5024400cfff4c3744a3832
Dot_Net,train,2023-10-01_2023-10-07_Dot_Net_train.jsonl,84898386,2023-10-01,2023-10-07,3d23efef7c0f0b702c5024400cfff4c3744a3832
Dot_Net,train,2023-10-08_2023-10-14_Dot_Net_train.jsonl,83545421,2023-10-08,2023-10-14,3d23efef7c0f0b702c5024400cfff4c3744a3832
Dot_Net,train,2023-10-15_2023-10-21_Dot_Net_train.jsonl,84770485,2023-10-15,2023-10-21,3d23efef7c0f0b702c5024400cfff4c3744a3832
Dot_Net,train,2023-10-22_2023-10-28_Dot_Net_train.jsonl,84947218,2023-10-22,2023-10-28,3d23efef7c0f0b702c5024400cfff4c3744a3832
Dot_Net,train,2023-10-29_2023-11-04_Dot_Net_train.jsonl,84443435,2023-10-29,2023-11-04,3d23efef7c0f0b702c5024400cfff4c3744a3832
Dot_Net,train,2023-11-05_2023-11-11_Dot_Net_train.jsonl,85068183,2023-11-05,2023-11-11,3d23efef7c0f0b702c5024400cfff4c3744a3832
Dot_Net,train,2023-11-12_2023-11-18_Dot_Net_train.jsonl,84340964,2023-11-12,2023-11-18,3d23efef7c0f0b702c5024400cfff4c3744a3832
Dot_Net,train,2023-11-19_2023-11-25_Dot_Net_train.jsonl,84030921,2023-11-19,2023-11-25,3d23efef7c0f0b702c5024400cfff4c3744a3832
Dot_Net,train,2023-11-26_2023-12-02_Dot_Net_train.jsonl,84927264,2023-11-26,2023-12-02,3d23efef7c0f0b702c5024400cfff4c3744a3832
Dot_Net,train,2023-12-03_2023-12-09_Dot_Net_train.jsonl,85003828,2023-12-03,2023-12-09,3d23efef7c0f0b702c5024400cfff4c3744a3832
Dot_Net,train,2023-12-10_2023-12-16_Dot_Net_train.jsonl,85472776,2023-12-10,2023-12-16,3d23efef7c0f0b702c5024400cfff4c3744a3832
Dot_Net,train,2023-12-17_2023-12-23_Dot_Net_train.jsonl,84252415,2023-12-17,2023-12-23,3d23efef7c0f0b702c5024400cfff4c3744a3832
Dot_Net,train,2023-12-24_2023-12-30_Dot_Net_train.jsonl,85292521,2023-12-24,2023-12-30,3d23efef7c0f0b702c5024400cfff4c3744a3832
Dot_Net,train,2023-12-31_2024-01-06_Dot_Net_train.jsonl,85711251,2023-12-31,2024-01-06,3d23efef7c0f0b702c5024400cfff4c3744a3832
Dot_Net,train,2024-01-07_2024-01-13_Dot_Net_train.jsonl,86026350,2024-01-07,2024-01-13,3d23efef7c0f0b702c5024400cfff4c3744a3832
Dot_Net,train,2024-01-14_2024-01-20_Dot_Net_train.jsonl,86742104,2024-01-14,2024-01-20,3d23efef7c0f0b702c5024400cfff4c3744a3832
Dot_Net,train,2024-01-21_2024-01-27_Dot_Net_train.jsonl,86929752,2024-01-21,2024-01-27,3d23efef7c0f0b702c5024400cfff4c3744a3832
Dot_Net,train,2024-01-28_2024-02-03_Dot_Net_train.jsonl,87067257,2024-01-28,2024-02-03,3d23efef7c0f0b702c5024400cfff4c3744a3832
Dot_Net,train,2024-02-04_2024-02-10_Dot_Net_train.jsonl,85841961,2024-02-04,2024-02-10,3d23efef7c0f0b702c5024400cfff4c3744a3832
Dot_Net,train,2024-02-11_2024-02-17_Dot_Net_train.jsonl,87207742,2024-02-11,2024-02-17,3d23efef7c0f0b702c5024400cfff4c3744a3832
Dot_Net,train,2024-02-18_2024-02-24_Dot_Net_train.jsonl,86902001,2024-02-18,2024-02-24,3d23efef7c0f0b702c5024400cfff4c3744a3832
Dot_Net,train,2024-02-25_2024-03-02_Dot_Net_train.jsonl,86227224,2024-02-25,2024-03-02,3d23efef7c0f0b702c5024400cfff4c3744a3832
Dot_Net,train,2024-03-03_2024-03-09_Dot_Net_train.jsonl,85851089,2024-03-03,2024-03-09,3d23efef7c0f0b702c5024400cfff4c3744a3832
Dot_Net,train,2024-03-10_2024-03-16_Dot_Net_train.jsonl,85425144,2024-03-10,2024-03-16,3d23efef7c0f0b702c5024400cfff4c3744a3832
Dot_Net,train,2024-03-17_2024-03-23_Dot_Net_train.jsonl,85378462,2024-03-17,2024-03-23,3d23efef7c0f0b702c5024400cfff4c3744a3832
Dot_Net,train,2024-03-24_2024-03-30_Dot_Net_train.jsonl,85495932,2024-03-24,2024-03-30,3d23efef7c0f0b702c5024400cfff4c3744a3832
Dot_Net,train,2024-03-31_2024-04-06_Dot_Net_train.jsonl,86326327,2024-03-31,2024-04-06,3d23efef7c0f0b702c5024400cfff4c3744a3832
Dot_Net,train,2024-04-07_2024-04-13_Dot_Net_train.jsonl,85535126,2024-04-07,2024-04-13,3d23efef7c0f0b702c5024400cfff4c3744a3832
Dot_Net,train,2024-04-14_2024-04-20_Dot_Net_train.jsonl,85561244,2024-04-14,2024-04-20,3d23efef7c0f0b702c5024400cfff4c3744a3832
Dot_Net,train,2024-04-21_2024-04-27_Dot_Net_train.jsonl,86492001,2024-04-21,2024-04-27,3d23efef7c0f0b702c5024400cfff4c3744a3832
Dot_Net,train,2024-04-28_2024-05-04_Dot_Net_train.jsonl,87354752,2024-04-28,2024-05-04,3d23efef7c0f0b702c5024400cfff4c3744a3832
Dot_Net,train,2024-05-05_2024-05-11_Dot_Net_train.jsonl,85883818,2024-05-05,2024-05-11,3d23efef7c0f0b702c5024400cfff4c3744a3832
Dot_Net,train,2024-05-12_2024-05-18_Dot_Net_train.jsonl,86692282,2024-05-12,2024-05-18,3d23efef7c0f0b702c5024400cfff4c3744a3832
Dot_Net,train,2024-05-19_2024-05-25_Dot_Net_train.jsonl,87638604,2024-05-19,2024-05-25,3d23efef7c0f0b702c5024400cfff4c3744a3832
Dot_Net,train,2024-05-26_2024-06-01_Dot_Net_train.jsonl,86118488,2024-05-26,2024-06-01,3d23efef7c0f0b702c5024400cfff4c3744a3832
Dot_Net,train,2024-06-02_2024-06-08_Dot_Net_train.jsonl,86703879,2024-06-02,2024-06-08,3d23efef7c0f0b702c5024400cfff4c3744a3832
Dot_Net,train,2024-06-09_2024-06-15_Dot_Net_train.jsonl,87526178,2024-06-09,2024-06-15,3d23efef7c0f0b702c5024400cfff4c3744a3832
Dot_Net,train,2024-06-16_2024-06-22_Dot_Net_train.jsonl,88626585,2024-06-16,2024-06-22,3d23efef7c0f0b702c5024400cfff4c3744a3832
Dot_Net,train,2024-06-23_2024-06-29_Dot_Net_train.jsonl,85877554,2024-06-23,2024-06-29,3d23efef7c0f0b702c5024400cfff4c3744a3832
Dot_Net,train,2024-06-30_2024-07-06_Dot_Net_train.jsonl,86672613,2024-06-30,2024-07-06,3d23efef7c0f0b702c5024400cfff4c3744a3832
Dot_Net,train,2024-07-07_2024-07-13_Dot_Net_train.jsonl,89154045,2024-07-07,2024-07-13,3d23efef7c0f0b702c5024400cfff4c3744a3832
Dot_Net,train,2024-07-14_2024-07-20_Dot_Net_train.jsonl,88756670,2024-07-14,2024-07-20,3d23efef7c0f0b702c5024400cfff4c3744a3832
Dot_Net,train,2024-07-21_2024-07-27_Dot_Net_train.jsonl,90118664,2024-07-21,2024-07-27,3d23efef7c0f0b702c5024400cfff4c3744a3832
Dot_Net,train,2024-07-28_2024-08-03_Dot_Net_train.jsonl,87982339,2024-07-28,2024-08-03,3d23efef7c0f0b702c5024400cfff4c3744a3832
Dot_Net,train,2024-08-04_2024-08-10_Dot_Net_train.jsonl,88192365,2024-08-04,2024-08-10,3d23efef7c0f0b702c5024400cfff4c3744a3832
Dot_Net,train,2024-08-11_2024-08-17_Dot_Net_train.jsonl,87079503,2024-08-11,2024-08-17,3d23efef7c0f0b702c5024400cfff4c3744a3832
Dot_Net,train,2024-08-18_2024-08-24_Dot_Net_train.jsonl,88317660,2024-08-18,2024-08-24,3d23efef7c0f0b702c5024400cfff4c3744a3832
Dot_Net,train,2024-08-25_2024-08-31_Dot_Net_train.jsonl,86851917,2024-08-25,2024-08-31,3d23efef7c0f0b702c5024400cfff4c3744a3832
Dot_Net,train,2024-09-01_2024-09-07_Dot_Net_train.jsonl,88409600,2024-09-01,2024-09-07,3d23efef7c0f0b702c5024400cfff4c3744a3832
Dot_Net,train,2024-09-08_2024-09-14_Dot_Net_train.jsonl,87277665,2024-09-08,2024-09-14,3d23efef7c0f0b702c5024400cfff4c3744a3832
Dot_Net,train,2024-09-15_2024-09-21_Dot_Net_train.jsonl,86243072,2024-09-15,2024-09-21,3d23efef7c0f0b702c5024400cfff4c3744a3832
Win32,test,2024-09-22_2024-09-28_Win32_test.jsonl,866977898,2024-09-22,2024-09-28,3d23efef7c0f0b702c5024400cfff4c3744a3832
Win32,test,2024-09-29_2024-10-05_Win32_test.jsonl,882685457,2024-09-29,2024-10-05,3d23efef7c0f0b702c5024400cfff4c3744a3832
Win32,test,2024-10-06_2024-10-12_Win32_test.jsonl,893095224,2024-10-06,2024-10-12,3d23efef7c0f0b702c5024400cfff4c3744a3832
Win32,test,2024-10-13_2024-10-19_Win32_test.jsonl,930056357,2024-10-13,2024-10-19,3d23efef7c0f0b702c5024400cfff4c3744a3832
Win32,test,2024-10-20_2024-10-26_Win32_test.jsonl,890684694,2024-10-20,2024-10-26,3d23efef7c0f0b702c5024400cfff4c3744a3832
Win32,test,2024-10-27_2024-11-02_Win32_test.jsonl,952375054,2024-10-27,2024-11-02,3d23efef7c0f0b702c5024400cfff4c3744a3832
Win32,test,2024-11-03_2024-11-09_Win32_test.jsonl,916688373,2024-11-03,2024-11-09,3d23efef7c0f0b702c5024400cfff4c3744a3832
Win32,test,2024-11-10_2024-11-16_Win32_test.jsonl,951302014,2024-11-10,2024-11-16,3d23efef7c0f0b702c5024400cfff4c3744a3832
Win32,test,2024-11-17_2024-11-23_Win32_test.jsonl,908662924,2024-11-17,2024-11-23,3d23efef7c0f0b702c5024400cfff4c3744a3832
Win32,test,2024-11-24_2024-11-30_Win32_test.jsonl,979898117,2024-11-24,2024-11-30,3d23efef7c0f0b702c5024400cfff4c3744a3832
Win32,test,2024-12-01_2024-12-07_Win32_test.jsonl,986778589,2024-12-01,2024-12-07,3d23efef7c0f0b702c5024400cfff4c3744a3832
Win32,test,2024-12-08_2024-12-14_Win32_test.jsonl,1018977719,2024-12-08,2024-12-14,3d23efef7c0f0b702c5024400cfff4c3744a3832
Win64,test,2024-09-22_2024-09-28_Win64_test.jsonl,482385466,2024-09-22,2024-09-28,3d23efef7c0f0b702c5024400cfff4c3744a3832
Win64,test,2024-09-29_2024-10-05_Win64_test.jsonl,447871748,2024-09-29,2024-10-05,3d23efef7c0f0b702c5024400cfff4c3744a3832
Win64,test,2024-10-06_2024-10-12_Win64_test.jsonl,463854205,2024-10-06,2024-10-12,3d23efef7c0f0b702c5024400cfff4c3744a3832
Win64,test,2024-10-13_2024-10-19_Win64_test.jsonl,477021676,2024-10-13,2024-10-19,3d23efef7c0f0b702c5024400cfff4c3744a3832
Win64,test,2024-10-20_2024-10-26_Win64_test.jsonl,464091283,2024-10-20,2024-10-26,3d23efef7c0f0b702c5024400cfff4c3744a3832
Win64,test,2024-10-27_2024-11-02_Win64_test.jsonl,433715922,2024-10-27,2024-11-02,3d23efef7c0f0b702c5024400cfff4c3744a3832
Win64,test,2024-11-03_2024-11-09_Win64_test.jsonl,460953307,2024-11-03,2024-11-09,3d23efef7c0f0b702c5024400cfff4c3744a3832
Win64,test,2024-11-10_2024-11-16_Win64_test.jsonl,430735760,2024-11-10,2024-11-16,3d23efef7c0f0b702c5024400cfff4c3744a3832
Win64,test,2024-11-17_2024-11-23_Win64_test.jsonl,406667539,2024-11-17,2024-11-23,3d23efef7c0f0b702c5024400cfff4c3744a3832
Win64,test,2024-11-24_2024-11-30_Win64_test.jsonl,432344455,2024-11-24,2024-11-30,3d23efef7c0f0b702c5024400cfff4c3744a3832
Win64,test,2024-12-01_2024-12-07_Win64_test.jsonl,470729197,2024-12-01,2024-12-07,3d23efef7c0f0b702c5024400cfff4c3744a3832
Win64,test,2024-12-08_2024-12-14_Win64_test.jsonl,448606061,2024-12-08,2024-12-14,3d23efef7c0f0b702c5024400cfff4c3744a3832
Dot_Net,test,2024-09-22_2024-09-28_Dot_Net_test.jsonl,86254779,2024-09-22,2024-09-28,3d23efef7c0f0b702c5024400cfff4c3744a3832
Dot_Net,test,2024-09-29_2024-10-05_Dot_Net_test.jsonl,87890630,2024-09-29,2024-10-05,3d23efef7c0f0b702c5024400cfff4c3744a3832
Dot_Net,test,2024-10-06_2024-10-12_Dot_Net_test.jsonl,88855287,2024-10-06,2024-10-12,3d23efef7c0f0b702c5024400cfff4c3744a3832
Dot_Net,test,2024-10-13_2024-10-19_Dot_Net_test.jsonl,88771765,2024-10-13,2024-10-19,3d23efef7c0f0b702c5024400cfff4c3744a3832
Dot_Net,test,2024-10-20_2024-10-26_Dot_Net_test.jsonl,89459596,2024-10-20,2024-10-26,3d23efef7c0f0b702c5024400cfff4c3744a3832
Dot_Net,test,2024-10-27_2024-11-02_Dot_Net_test.jsonl,88662536,2024-10-27,2024-11-02,3d23efef7c0f0b702c5024400cfff4c3744a3832
Dot_Net,test,2024-11-03_2024-11-09_Dot_Net_test.jsonl,87940729,2024-11-03,2024-11-09,3d23efef7c0f0b702c5024400cfff4c3744a3832
Dot_Net,test,2024-11-10_2024-11-16_Dot_Net_test.jsonl,88584878,2024-11-10,2024-11-16,3d23efef7c0f0b702c5024400cfff4c3744a3832
Dot_Net,test,2024-11-17_2024-11-23_Dot_Net_test.jsonl,87696909,2024-11-17,2024-11-23,3d23efef7c0f0b702c5024400cfff4c3744a3832
Dot_Net,test,2024-11-24_2024-11-30_Dot_Net_test.jsonl,88111013,2024-11-24,2024-11-30,3d23efef7c0f0b702c5024400cfff4c3744a3832
Dot_Net,test,2024-12-01_2024-12-07_Dot_Net_test.jsonl,88444903,2024-12-01,2024-12-07,3d23efef7c0f0b702c5024400cfff4c3744a3832
Dot_Net,test,2024-12-08_2024-12-14_Dot_Net_test.jsonl,87584228,2024-12-08,2024-12-14,3d23efef7c0f0b702c5024400cfff4c3744a3832
