role,file_type,label,n
calibration,Dot_Net,0,2000
calibration,Dot_Net,1,2000
calibration,Win32,0,1987
calibration,Win32,1,2013
calibration,Win64,0,1991
calibration,Win64,1,2009
fit,Dot_Net,0,8999
fit,Dot_Net,1,9001
fit,Win32,0,8944
fit,Win32,1,9056
fit,Win64,0,8958
fit,Win64,1,9042
same_period,Dot_Net,0,4999
same_period,Dot_Net,1,5001
same_period,Win32,0,4969
same_period,Win32,1,5031
same_period,Win64,0,4977
same_period,Win64,1,5023
test,Dot_Net,0,4964
test,Dot_Net,1,5036
test,Win32,0,5018
test,Win32,1,4982
test,Win64,0,4953
test,Win64,1,5047
threshold,Dot_Net,0,9999
threshold,Dot_Net,1,10001
threshold,Win32,0,9937
threshold,Win32,1,10063
threshold,Win64,0,9953
threshold,Win64,1,10047
tune,Dot_Net,0,1000
tune,Dot_Net,1,1000
tune,Win32,0,994
tune,Win32,1,1006
tune,Win64,0,995
tune,Win64,1,1005
