model,C,tune_ROC_AUC,iterations
TFIDF_full,0.10000000000000001,0.9653166448126691,6
TFIDF_full,1,0.98141363900559109,7
TFIDF_full,10,0.98701260316944261,8
TFIDF_full,30,0.98715927180798746,9
TFIDF_full,100,0.98671815476630287,10
TFIDF_full,300,0.9861275912709494,10
TFIDF_full,1000,0.98548069368488167,10
TFIDF_prefix,0.10000000000000001,0.95574190497450029,5
TFIDF_prefix,1,0.97218890387304091,7
TFIDF_prefix,10,0.97861999033542546,8
TFIDF_prefix,30,0.97886854923271749,9
TFIDF_prefix,100,0.97771653374450929,9
TFIDF_prefix,300,0.97589328700974742,10
TFIDF_prefix,1000,0.97350814383171136,14
TFIDF_bpe_prefix,0.10000000000000001,0.95056589094142274,5
TFIDF_bpe_prefix,1,0.96726622657926842,6
TFIDF_bpe_prefix,10,0.97297819226236271,7
TFIDF_bpe_prefix,30,0.97265329900546427,8
TFIDF_bpe_prefix,100,0.97052160367933837,10
TFIDF_bpe_prefix,300,0.96744611788669588,35
TFIDF_bpe_prefix,1000,0.96395362648764493,32
