model,training_seconds,best_iteration,selected_C,best_epoch,tune_ROC_AUC,trainable_parameters,total_parameters
LightGBM,97.117764230002649,691,,,,,
TFIDF_full,178.95915065601002,,30,,,,
TFIDF_prefix,107.88551550905686,,30,,,,
TFIDF_bpe_prefix,283.93892812088598,,10,,,,
CodeBERT_partial_s2026,29937.125116609968,,,8,0.98044629266682382,64382978,124647170
CodeBERT_partial_s2027,30163.279867983889,,,8,0.98175308801373884,64382978,124647170
CodeBERT_partial_s2028,30163.73900197586,,,9,0.98050496012224164,64382978,124647170
CodeBERT_unfrozen_s2026,33837.645885896869,,,6,0.97937188933317876,124647170,124647170
CodeBERT_unfrozen_s2027,37550.267934998963,,,9,0.9795745031683204,124647170,124647170
CodeBERT_unfrozen_s2028,37839.63374922704,,,7,0.97865271299758594,124647170,124647170
