model,seed,variant,epoch,train_loss,tune_ROC_AUC,tune_AP
CodeBERT_partial_s2026,2026,partial,1,0.3736757145634404,0.94252478283319152,0.91578506386451597
CodeBERT_partial_s2026,2026,partial,2,0.25089003781919128,0.97130716979639409,0.97276932898854196
CodeBERT_partial_s2026,2026,partial,3,0.21191854851334183,0.97555222686882803,0.97695703915245991
CodeBERT_partial_s2026,2026,partial,4,0.18760705969068739,0.97695035677701891,0.97823725706591935
CodeBERT_partial_s2026,2026,partial,5,0.17252057280363861,0.97896405051667901,0.98074045147616817
CodeBERT_partial_s2026,2026,partial,6,0.15466686792726869,0.97995795276803166,0.98125589456782691
CodeBERT_partial_s2026,2026,partial,7,0.13814232193982159,0.9801018435914528,0.98161760614235083
CodeBERT_partial_s2026,2026,partial,8,0.12783186672351979,0.98044629266682382,0.98206043801502352
CodeBERT_partial_s2026,2026,partial,9,0.11270673220245926,0.9805419606196929,0.98198833956799503
CodeBERT_partial_s2026,2026,partial,10,0.10006528165605333,0.98037162499629149,0.98201565593944751
