role,file_type,label,n,truncation_fraction,mean_tokens,median_tokens,p95_tokens,retained_fraction,tokens_per_word,unknown_fraction
calibration,Dot_Net,0,2000,0.35949999999999999,489.4375,470,685.04999999999995,0.9508531841776019,6.7151156643590504,0
calibration,Dot_Net,1,2000,0.62350000000000005,550.37300000000005,537,738,0.90681593770408719,6.9755229632981255,0
calibration,Win32,0,1987,0.79265223955712127,2961.8802214393559,1907,10128.599999999993,0.40552219726626448,9.3162812707746028,0
calibration,Win32,1,2013,0.82712369597615498,1536.4639841033284,1390,3482.9999999999973,0.49711472296071546,7.6684626732303034,0
calibration,Win64,0,1991,0.96785534907081872,4941.2667001506779,2990,14504,0.22172844016654106,11.48138933603477,0
calibration,Win64,1,2009,0.95669487307117973,1912.1000497760081,1602,5152.799999999992,0.41212941277893872,8.7126756438600808,0
fit,Dot_Net,0,8999,0.36137348594288254,490.33503722635851,472,688,0.95063291362843472,6.7128058901038896,0
fit,Dot_Net,1,9001,0.63270747694700591,556.14853905121652,542,745,0.90182477306573494,6.9854671773046038,0
fit,Win32,0,8944,0.79695885509838993,2863.4130143112702,1967,9286.7000000000007,0.40291742233317041,9.1687382505380679,0
fit,Win32,1,9056,0.82884275618374559,1544.946554770318,1404,3487,0.49734413665757055,7.6367011980356345,0
fit,Win64,0,8958,0.96304978789908458,4822.1104041080598,2967,14553,0.22522567200890004,11.360131016149118,0
fit,Win64,1,9042,0.96084936960849365,1887.1246405662464,1659,5156.6999999999498,0.40920160216330986,8.7015142868077202,0
same_period,Dot_Net,0,4999,0.3550710142028406,487.32986597319461,469,686,0.95154046716381668,6.7044970097331849,0
same_period,Dot_Net,1,5001,0.63287342531493707,555.85842831433717,540,738,0.9040810057552725,6.9865408390005488,0
same_period,Win32,0,4969,0.79190984101428863,2888.3727108070034,1962,9230.799999999992,0.40309624113240966,9.2529206962738879,0
same_period,Win32,1,5031,0.83383025243490361,1546.4828065990857,1413,3429,0.49463117177043153,7.6260633835511475,0
same_period,Win64,0,4977,0.95941330118545309,4848.0867992766725,2899,14779,0.22957073989407523,11.37609408219642,0
same_period,Win64,1,5023,0.95540513637268565,1878.7607007764284,1641,5337.8999999999996,0.41476006996095022,8.6621720345036906,0
test,Dot_Net,0,4964,0.3775181305398872,496.92526188557616,477,694,0.94659087395992281,6.7495340162581687,0
test,Dot_Net,1,5036,0.62966640190627488,548.79646544876891,544,734,0.90787334344821236,6.985961987983889,0
test,Win32,0,5018,0.65484256675966523,2471.4471901155839,1602.5,8796.4999999999964,0.50634877372713838,8.8227209751051952,0
test,Win32,1,4982,0.86471296668004816,1689.4100762745886,1626.5,3381.5999999999985,0.4451992633347705,7.7723373524849322,0
test,Win64,0,4953,0.95215021199273164,4527.3597819503329,2710,13668.799999999992,0.23940168940021314,11.660587934420088,0
test,Win64,1,5047,0.97899742421240343,1746.3346542500494,1321,4744.5999999999985,0.42572708164089124,8.2448676383969293,0
threshold,Dot_Net,0,9999,0.35643564356435642,490.39443944394441,472,684,0.95107265461332235,6.7113882034001691,0
threshold,Dot_Net,1,10001,0.62303769623037697,553.73442655734425,538,741,0.90555983367393011,6.9793729314604533,0
threshold,Win32,0,9937,0.79822884170272723,2867.6604609036931,1960,9028.5999999999967,0.40143925199604225,9.1785633115599516,0
threshold,Win32,1,10063,0.83752360131173609,1564.4532445592765,1425,3538.8999999999996,0.48828384708616962,7.650196064452401,0
threshold,Win64,0,9953,0.96423188988244746,4964.3467296292574,3003,14924.799999999997,0.2221030558224476,11.435515047952874,0
threshold,Win64,1,10047,0.95590723599084304,1899.3341295909227,1659,5339,0.40901203387615898,8.6749725630974019,0
tune,Dot_Net,0,1000,0.38600000000000001,494.13999999999999,477,685.24999999999977,0.94798532670537117,6.7264028280747361,0
tune,Dot_Net,1,1000,0.63,553.18399999999997,538,737.04999999999995,0.90402038993202694,6.9833008325292631,0
tune,Win32,0,994,0.81086519114688127,2929.9164989939636,2052,9422.9999999999964,0.38625669761618564,9.2165046392776393,0
tune,Win32,1,1006,0.83300198807157055,1569.8300198807158,1443.5,3455.75,0.48842303837518203,7.6581531961333758,0
tune,Win64,0,995,0.96783919597989954,4880.4703517587941,2903,14176.199999999999,0.22181793116386642,11.461428167192397,0
tune,Win64,1,1005,0.95422885572139304,1873.0726368159203,1613,5322.5999999999967,0.42026174093223639,8.6644957990675948,0
